id,number,results_file,row_selector,column,format,used_in
N0001,"110,527",results/dataset_summary.csv,"{""dataset"": ""kaggle"", ""metric"": ""rows_raw""}",value,"{:,.0f}",docs/report_assets/tables/t01_dataset_summary.md
N0002,"110,511",results/dataset_summary.csv,"{""dataset"": ""kaggle"", ""metric"": ""rows_clean""}",value,"{:,.0f}",docs/report_assets/tables/t01_dataset_summary.md
N0003,16,results/dataset_summary.csv,"{""dataset"": ""kaggle"", ""metric"": ""rows_removed""}",value,"{:,.0f}",docs/report_assets/tables/t01_dataset_summary.md
N0004,20.2%,results/dataset_summary.csv,"{""dataset"": ""kaggle"", ""metric"": ""no_show_rate_clean""}",value,{:.1%},docs/report_assets/tables/t01_dataset_summary.md
N0005,"62,291",results/dataset_summary.csv,"{""dataset"": ""kaggle"", ""metric"": ""unique_patients_clean""}",value,"{:,.0f}",docs/report_assets/tables/t01_dataset_summary.md
N0006,2016-04-29,results/dataset_summary.csv,"{""dataset"": ""kaggle"", ""metric"": ""appointment_date_min""}",value,{},docs/report_assets/tables/t01_dataset_summary.md
N0007,2016-06-08,results/dataset_summary.csv,"{""dataset"": ""kaggle"", ""metric"": ""appointment_date_max""}",value,{},docs/report_assets/tables/t01_dataset_summary.md
N0008,34.9%,results/dataset_summary.csv,"{""dataset"": ""kaggle"", ""metric"": ""share_same_day_booking""}",value,{:.1%},docs/report_assets/tables/t01_dataset_summary.md
N0009,4,results/dataset_summary.csv,"{""dataset"": ""kaggle"", ""metric"": ""lead_days_median""}",value,{:.0f},docs/report_assets/tables/t01_dataset_summary.md
N0010,32.1%,results/dataset_summary.csv,"{""dataset"": ""kaggle"", ""metric"": ""share_sms_received""}",value,{:.1%},docs/report_assets/tables/t01_dataset_summary.md
N0011,"88,527",results/dataset_summary.csv,"{""dataset"": ""kaggle"", ""metric"": ""n_train_rows""}",value,"{:,.0f}",docs/report_assets/tables/t01_dataset_summary.md
N0012,"21,984",results/dataset_summary.csv,"{""dataset"": ""kaggle"", ""metric"": ""n_holdout_rows""}",value,"{:,.0f}",docs/report_assets/tables/t01_dataset_summary.md
N0013,2016-06-01,results/dataset_summary.csv,"{""dataset"": ""kaggle"", ""metric"": ""train_last_date""}",value,{},docs/report_assets/tables/t01_dataset_summary.md
N0014,2016-06-02,results/dataset_summary.csv,"{""dataset"": ""kaggle"", ""metric"": ""holdout_first_date""}",value,{},docs/report_assets/tables/t01_dataset_summary.md
N0015,0,results/dataset_summary.csv,"{""dataset"": ""kaggle"", ""metric"": ""cv_patients_in_both_sides""}",value,{:.0f},docs/report_assets/tables/t01_dataset_summary.md
N0016,"61,214",results/dataset_summary.csv,"{""dataset"": ""openml"", ""metric"": ""rows_raw""}",value,"{:,.0f}",docs/report_assets/tables/t01_dataset_summary.md
N0017,"60,990",results/dataset_summary.csv,"{""dataset"": ""openml"", ""metric"": ""rows_clean""}",value,"{:,.0f}",docs/report_assets/tables/t01_dataset_summary.md
N0018,224,results/dataset_summary.csv,"{""dataset"": ""openml"", ""metric"": ""rows_removed""}",value,"{:,.0f}",docs/report_assets/tables/t01_dataset_summary.md
N0019,21.0%,results/dataset_summary.csv,"{""dataset"": ""openml"", ""metric"": ""no_show_rate_clean""}",value,{:.1%},docs/report_assets/tables/t01_dataset_summary.md
N0020,73,results/dataset_summary.csv,"{""dataset"": ""openml"", ""metric"": ""n_specialties""}",value,{:.0f},docs/report_assets/tables/t01_dataset_summary.md
N0021,"46,136",results/dataset_summary.csv,"{""dataset"": ""openml"", ""metric"": ""n_train_rows""}",value,"{:,.0f}",docs/report_assets/tables/t01_dataset_summary.md
N0022,"14,854",results/dataset_summary.csv,"{""dataset"": ""openml"", ""metric"": ""n_holdout_rows""}",value,"{:,.0f}",docs/report_assets/tables/t01_dataset_summary.md
N0023,"6,637",results/dataset_summary.csv,"{""dataset"": ""hangu"", ""metric"": ""rows_raw""}",value,"{:,.0f}",docs/report_assets/tables/t01_dataset_summary.md
N0024,381,results/dataset_summary.csv,"{""dataset"": ""hangu"", ""metric"": ""sessions""}",value,"{:,.0f}",docs/report_assets/tables/t01_dataset_summary.md
N0025,12.1,results/dataset_summary.csv,"{""dataset"": ""hangu"", ""metric"": ""service_minutes_median""}",value,{:.1f},docs/report_assets/tables/t01_dataset_summary.md
N0026,13.4,results/dataset_summary.csv,"{""dataset"": ""hangu"", ""metric"": ""service_minutes_mean""}",value,{:.1f},docs/report_assets/tables/t01_dataset_summary.md
N0027,25.0,results/dataset_summary.csv,"{""dataset"": ""hangu"", ""metric"": ""service_minutes_p95""}",value,{:.1f},docs/report_assets/tables/t01_dataset_summary.md
N0028,1,results/cleaning_log.csv,"{""dataset"": ""kaggle"", ""step"": ""1""}",step,{:.0f},docs/report_assets/tables/t02_cleaning_log.md
N0029,load,results/cleaning_log.csv,"{""dataset"": ""kaggle"", ""step"": ""1""}",rule,{},docs/report_assets/tables/t02_cleaning_log.md
N0030,"110,527",results/cleaning_log.csv,"{""dataset"": ""kaggle"", ""step"": ""1""}",rows_before,"{:,.0f}",docs/report_assets/tables/t02_cleaning_log.md
N0031,"110,527",results/cleaning_log.csv,"{""dataset"": ""kaggle"", ""step"": ""1""}",rows_after,"{:,.0f}",docs/report_assets/tables/t02_cleaning_log.md
N0032,0,results/cleaning_log.csv,"{""dataset"": ""kaggle"", ""step"": ""1""}",rows_changed,"{:,.0f}",docs/report_assets/tables/t02_cleaning_log.md
N0033,"positive class no_show = 1 (No-show = 'Yes'): 22,319 rows (20.19%)",results/cleaning_log.csv,"{""dataset"": ""kaggle"", ""step"": ""1""}",note,{},docs/report_assets/tables/t02_cleaning_log.md
N0034,2,results/cleaning_log.csv,"{""dataset"": ""kaggle"", ""step"": ""2""}",step,{:.0f},docs/report_assets/tables/t02_cleaning_log.md
N0035,rename_columns,results/cleaning_log.csv,"{""dataset"": ""kaggle"", ""step"": ""2""}",rule,{},docs/report_assets/tables/t02_cleaning_log.md
N0036,"110,527",results/cleaning_log.csv,"{""dataset"": ""kaggle"", ""step"": ""2""}",rows_before,"{:,.0f}",docs/report_assets/tables/t02_cleaning_log.md
N0037,"110,527",results/cleaning_log.csv,"{""dataset"": ""kaggle"", ""step"": ""2""}",rows_after,"{:,.0f}",docs/report_assets/tables/t02_cleaning_log.md
N0038,0,results/cleaning_log.csv,"{""dataset"": ""kaggle"", ""step"": ""2""}",rows_changed,"{:,.0f}",docs/report_assets/tables/t02_cleaning_log.md
N0039,"snake_case names; source typos fixed: Hipertension -> hypertension, Handcap -> handicap",results/cleaning_log.csv,"{""dataset"": ""kaggle"", ""step"": ""2""}",note,{},docs/report_assets/tables/t02_cleaning_log.md
N0040,3,results/cleaning_log.csv,"{""dataset"": ""kaggle"", ""step"": ""3""}",step,{:.0f},docs/report_assets/tables/t02_cleaning_log.md
N0041,drop_non_integer_patient_id,results/cleaning_log.csv,"{""dataset"": ""kaggle"", ""step"": ""3""}",rule,{},docs/report_assets/tables/t02_cleaning_log.md
N0042,"110,527",results/cleaning_log.csv,"{""dataset"": ""kaggle"", ""step"": ""3""}",rows_before,"{:,.0f}",docs/report_assets/tables/t02_cleaning_log.md
N0043,"110,522",results/cleaning_log.csv,"{""dataset"": ""kaggle"", ""step"": ""3""}",rows_after,"{:,.0f}",docs/report_assets/tables/t02_cleaning_log.md
N0044,5,results/cleaning_log.csv,"{""dataset"": ""kaggle"", ""step"": ""3""}",rows_changed,"{:,.0f}",docs/report_assets/tables/t02_cleaning_log.md
N0045,a PatientId with a fractional part is malformed and cannot be cast to an integer without corrupting it,results/cleaning_log.csv,"{""dataset"": ""kaggle"", ""step"": ""3""}",note,{},docs/report_assets/tables/t02_cleaning_log.md
N0046,4,results/cleaning_log.csv,"{""dataset"": ""kaggle"", ""step"": ""4""}",step,{:.0f},docs/report_assets/tables/t02_cleaning_log.md
N0047,cast_patient_id_to_int,results/cleaning_log.csv,"{""dataset"": ""kaggle"", ""step"": ""4""}",rule,{},docs/report_assets/tables/t02_cleaning_log.md
N0048,"110,522",results/cleaning_log.csv,"{""dataset"": ""kaggle"", ""step"": ""4""}",rows_before,"{:,.0f}",docs/report_assets/tables/t02_cleaning_log.md
N0049,"110,522",results/cleaning_log.csv,"{""dataset"": ""kaggle"", ""step"": ""4""}",rows_after,"{:,.0f}",docs/report_assets/tables/t02_cleaning_log.md
N0050,0,results/cleaning_log.csv,"{""dataset"": ""kaggle"", ""step"": ""4""}",rows_changed,"{:,.0f}",docs/report_assets/tables/t02_cleaning_log.md
N0051,"float64 -> int64, lossless (all remaining ids are whole numbers below 2**53)",results/cleaning_log.csv,"{""dataset"": ""kaggle"", ""step"": ""4""}",note,{},docs/report_assets/tables/t02_cleaning_log.md
N0052,5,results/cleaning_log.csv,"{""dataset"": ""kaggle"", ""step"": ""5""}",step,{:.0f},docs/report_assets/tables/t02_cleaning_log.md
N0053,drop_impossible_age,results/cleaning_log.csv,"{""dataset"": ""kaggle"", ""step"": ""5""}",rule,{},docs/report_assets/tables/t02_cleaning_log.md
N0054,"110,522",results/cleaning_log.csv,"{""dataset"": ""kaggle"", ""step"": ""5""}",rows_before,"{:,.0f}",docs/report_assets/tables/t02_cleaning_log.md
N0055,"110,516",results/cleaning_log.csv,"{""dataset"": ""kaggle"", ""step"": ""5""}",rows_after,"{:,.0f}",docs/report_assets/tables/t02_cleaning_log.md
N0056,6,results/cleaning_log.csv,"{""dataset"": ""kaggle"", ""step"": ""5""}",rows_changed,"{:,.0f}",docs/report_assets/tables/t02_cleaning_log.md
N0057,age < 0 or age > 110; age 0 (newborns) is kept,results/cleaning_log.csv,"{""dataset"": ""kaggle"", ""step"": ""5""}",note,{},docs/report_assets/tables/t02_cleaning_log.md
N0058,6,results/cleaning_log.csv,"{""dataset"": ""kaggle"", ""step"": ""6""}",step,{:.0f},docs/report_assets/tables/t02_cleaning_log.md
N0059,drop_appointment_before_scheduled,results/cleaning_log.csv,"{""dataset"": ""kaggle"", ""step"": ""6""}",rule,{},docs/report_assets/tables/t02_cleaning_log.md
N0060,"110,516",results/cleaning_log.csv,"{""dataset"": ""kaggle"", ""step"": ""6""}",rows_before,"{:,.0f}",docs/report_assets/tables/t02_cleaning_log.md
N0061,"110,511",results/cleaning_log.csv,"{""dataset"": ""kaggle"", ""step"": ""6""}",rows_after,"{:,.0f}",docs/report_assets/tables/t02_cleaning_log.md
N0062,5,results/cleaning_log.csv,"{""dataset"": ""kaggle"", ""step"": ""6""}",rows_changed,"{:,.0f}",docs/report_assets/tables/t02_cleaning_log.md
N0063,"compared by calendar date: AppointmentDay is stored at 00:00, so a same-day booking is valid",results/cleaning_log.csv,"{""dataset"": ""kaggle"", ""step"": ""6""}",note,{},docs/report_assets/tables/t02_cleaning_log.md
N0064,7,results/cleaning_log.csv,"{""dataset"": ""kaggle"", ""step"": ""7""}",step,{:.0f},docs/report_assets/tables/t02_cleaning_log.md
N0065,drop_exact_duplicates,results/cleaning_log.csv,"{""dataset"": ""kaggle"", ""step"": ""7""}",rule,{},docs/report_assets/tables/t02_cleaning_log.md
N0066,"110,511",results/cleaning_log.csv,"{""dataset"": ""kaggle"", ""step"": ""7""}",rows_before,"{:,.0f}",docs/report_assets/tables/t02_cleaning_log.md
N0067,"110,511",results/cleaning_log.csv,"{""dataset"": ""kaggle"", ""step"": ""7""}",rows_after,"{:,.0f}",docs/report_assets/tables/t02_cleaning_log.md
N0068,0,results/cleaning_log.csv,"{""dataset"": ""kaggle"", ""step"": ""7""}",rows_changed,"{:,.0f}",docs/report_assets/tables/t02_cleaning_log.md
N0069,"rows identical in every column, including AppointmentID",results/cleaning_log.csv,"{""dataset"": ""kaggle"", ""step"": ""7""}",note,{},docs/report_assets/tables/t02_cleaning_log.md
N0070,8,results/cleaning_log.csv,"{""dataset"": ""kaggle"", ""step"": ""8""}",step,{:.0f},docs/report_assets/tables/t02_cleaning_log.md
N0071,report_duplicates_ignoring_appointment_id,results/cleaning_log.csv,"{""dataset"": ""kaggle"", ""step"": ""8""}",rule,{},docs/report_assets/tables/t02_cleaning_log.md
N0072,"110,511",results/cleaning_log.csv,"{""dataset"": ""kaggle"", ""step"": ""8""}",rows_before,"{:,.0f}",docs/report_assets/tables/t02_cleaning_log.md
N0073,"110,511",results/cleaning_log.csv,"{""dataset"": ""kaggle"", ""step"": ""8""}",rows_after,"{:,.0f}",docs/report_assets/tables/t02_cleaning_log.md
N0074,617,results/cleaning_log.csv,"{""dataset"": ""kaggle"", ""step"": ""8""}",rows_changed,"{:,.0f}",docs/report_assets/tables/t02_cleaning_log.md
N0075,"rows identical to an earlier row in every column except AppointmentID; kept, because they may be genuine second appointments",results/cleaning_log.csv,"{""dataset"": ""kaggle"", ""step"": ""8""}",note,{},docs/report_assets/tables/t02_cleaning_log.md
N0076,9,results/cleaning_log.csv,"{""dataset"": ""kaggle"", ""step"": ""9""}",step,{:.0f},docs/report_assets/tables/t02_cleaning_log.md
N0077,derive_lead_days_and_weekday,results/cleaning_log.csv,"{""dataset"": ""kaggle"", ""step"": ""9""}",rule,{},docs/report_assets/tables/t02_cleaning_log.md
N0078,"110,511",results/cleaning_log.csv,"{""dataset"": ""kaggle"", ""step"": ""9""}",rows_before,"{:,.0f}",docs/report_assets/tables/t02_cleaning_log.md
N0079,"110,511",results/cleaning_log.csv,"{""dataset"": ""kaggle"", ""step"": ""9""}",rows_after,"{:,.0f}",docs/report_assets/tables/t02_cleaning_log.md
N0080,0,results/cleaning_log.csv,"{""dataset"": ""kaggle"", ""step"": ""9""}",rows_changed,"{:,.0f}",docs/report_assets/tables/t02_cleaning_log.md
N0081,"lead_days = whole days from scheduled date to appointment date, ignoring time of day; appt_weekday: 0 = Monday",results/cleaning_log.csv,"{""dataset"": ""kaggle"", ""step"": ""9""}",note,{},docs/report_assets/tables/t02_cleaning_log.md
N0082,1,results/cleaning_log.csv,"{""dataset"": ""openml"", ""step"": ""1""}",step,{:.0f},docs/report_assets/tables/t02_cleaning_log.md
N0083,load,results/cleaning_log.csv,"{""dataset"": ""openml"", ""step"": ""1""}",rule,{},docs/report_assets/tables/t02_cleaning_log.md
N0084,"61,214",results/cleaning_log.csv,"{""dataset"": ""openml"", ""step"": ""1""}",rows_before,"{:,.0f}",docs/report_assets/tables/t02_cleaning_log.md
N0085,"61,214",results/cleaning_log.csv,"{""dataset"": ""openml"", ""step"": ""1""}",rows_after,"{:,.0f}",docs/report_assets/tables/t02_cleaning_log.md
N0086,0,results/cleaning_log.csv,"{""dataset"": ""openml"", ""step"": ""1""}",rows_changed,"{:,.0f}",docs/report_assets/tables/t02_cleaning_log.md
N0087,"positive class no_show = 1 (no_show = 1 - show): 12,868 rows (21.02%)",results/cleaning_log.csv,"{""dataset"": ""openml"", ""step"": ""1""}",note,{},docs/report_assets/tables/t02_cleaning_log.md
N0088,2,results/cleaning_log.csv,"{""dataset"": ""openml"", ""step"": ""2""}",step,{:.0f},docs/report_assets/tables/t02_cleaning_log.md
N0089,drop_cosine_columns,results/cleaning_log.csv,"{""dataset"": ""openml"", ""step"": ""2""}",rule,{},docs/report_assets/tables/t02_cleaning_log.md
N0090,"61,214",results/cleaning_log.csv,"{""dataset"": ""openml"", ""step"": ""2""}",rows_before,"{:,.0f}",docs/report_assets/tables/t02_cleaning_log.md
N0091,"61,214",results/cleaning_log.csv,"{""dataset"": ""openml"", ""step"": ""2""}",rows_after,"{:,.0f}",docs/report_assets/tables/t02_cleaning_log.md
N0092,0,results/cleaning_log.csv,"{""dataset"": ""openml"", ""step"": ""2""}",rows_changed,"{:,.0f}",docs/report_assets/tables/t02_cleaning_log.md
N0093,"cosine encodings of month, weekday and hour duplicate the discrete columns; discrete ones kept",results/cleaning_log.csv,"{""dataset"": ""openml"", ""step"": ""2""}",note,{},docs/report_assets/tables/t02_cleaning_log.md
N0094,3,results/cleaning_log.csv,"{""dataset"": ""openml"", ""step"": ""3""}",step,{:.0f},docs/report_assets/tables/t02_cleaning_log.md
N0095,rename_and_cast_columns,results/cleaning_log.csv,"{""dataset"": ""openml"", ""step"": ""3""}",rule,{},docs/report_assets/tables/t02_cleaning_log.md
N0096,"61,214",results/cleaning_log.csv,"{""dataset"": ""openml"", ""step"": ""3""}",rows_before,"{:,.0f}",docs/report_assets/tables/t02_cleaning_log.md
N0097,"61,214",results/cleaning_log.csv,"{""dataset"": ""openml"", ""step"": ""3""}",rows_after,"{:,.0f}",docs/report_assets/tables/t02_cleaning_log.md
N0098,0,results/cleaning_log.csv,"{""dataset"": ""openml"", ""step"": ""3""}",rows_changed,"{:,.0f}",docs/report_assets/tables/t02_cleaning_log.md
N0099,English names; float64 -> int64 (all values are whole numbers),results/cleaning_log.csv,"{""dataset"": ""openml"", ""step"": ""3""}",note,{},docs/report_assets/tables/t02_cleaning_log.md
N0100,4,results/cleaning_log.csv,"{""dataset"": ""openml"", ""step"": ""4""}",step,{:.0f},docs/report_assets/tables/t02_cleaning_log.md
N0101,recode_sex,results/cleaning_log.csv,"{""dataset"": ""openml"", ""step"": ""4""}",rule,{},docs/report_assets/tables/t02_cleaning_log.md
N0102,"61,214",results/cleaning_log.csv,"{""dataset"": ""openml"", ""step"": ""4""}",rows_before,"{:,.0f}",docs/report_assets/tables/t02_cleaning_log.md
N0103,"61,214",results/cleaning_log.csv,"{""dataset"": ""openml"", ""step"": ""4""}",rows_after,"{:,.0f}",docs/report_assets/tables/t02_cleaning_log.md
N0104,"61,214",results/cleaning_log.csv,"{""dataset"": ""openml"", ""step"": ""4""}",rows_changed,"{:,.0f}",docs/report_assets/tables/t02_cleaning_log.md
N0105,"1 -> M, 2 -> F, matching Kaggle's Gender",results/cleaning_log.csv,"{""dataset"": ""openml"", ""step"": ""4""}",note,{},docs/report_assets/tables/t02_cleaning_log.md
N0106,5,results/cleaning_log.csv,"{""dataset"": ""openml"", ""step"": ""5""}",step,{:.0f},docs/report_assets/tables/t02_cleaning_log.md
N0107,recode_weekday,results/cleaning_log.csv,"{""dataset"": ""openml"", ""step"": ""5""}",rule,{},docs/report_assets/tables/t02_cleaning_log.md
N0108,"61,214",results/cleaning_log.csv,"{""dataset"": ""openml"", ""step"": ""5""}",rows_before,"{:,.0f}",docs/report_assets/tables/t02_cleaning_log.md
N0109,"61,214",results/cleaning_log.csv,"{""dataset"": ""openml"", ""step"": ""5""}",rows_after,"{:,.0f}",docs/report_assets/tables/t02_cleaning_log.md
N0110,"61,214",results/cleaning_log.csv,"{""dataset"": ""openml"", ""step"": ""5""}",rows_changed,"{:,.0f}",docs/report_assets/tables/t02_cleaning_log.md
N0111,"1 = Monday ... 7 = Sunday  ->  0 = Monday ... 6 = Sunday, matching Kaggle's appt_weekday",results/cleaning_log.csv,"{""dataset"": ""openml"", ""step"": ""5""}",note,{},docs/report_assets/tables/t02_cleaning_log.md
N0112,6,results/cleaning_log.csv,"{""dataset"": ""openml"", ""step"": ""6""}",step,{:.0f},docs/report_assets/tables/t02_cleaning_log.md
N0113,drop_negative_lead_days,results/cleaning_log.csv,"{""dataset"": ""openml"", ""step"": ""6""}",rule,{},docs/report_assets/tables/t02_cleaning_log.md
N0114,"61,214",results/cleaning_log.csv,"{""dataset"": ""openml"", ""step"": ""6""}",rows_before,"{:,.0f}",docs/report_assets/tables/t02_cleaning_log.md
N0115,"61,214",results/cleaning_log.csv,"{""dataset"": ""openml"", ""step"": ""6""}",rows_after,"{:,.0f}",docs/report_assets/tables/t02_cleaning_log.md
N0116,0,results/cleaning_log.csv,"{""dataset"": ""openml"", ""step"": ""6""}",rows_changed,"{:,.0f}",docs/report_assets/tables/t02_cleaning_log.md
N0117,latencia is the number of days between booking and appointment,results/cleaning_log.csv,"{""dataset"": ""openml"", ""step"": ""6""}",note,{},docs/report_assets/tables/t02_cleaning_log.md
N0118,7,results/cleaning_log.csv,"{""dataset"": ""openml"", ""step"": ""7""}",step,{:.0f},docs/report_assets/tables/t02_cleaning_log.md
N0119,drop_impossible_age,results/cleaning_log.csv,"{""dataset"": ""openml"", ""step"": ""7""}",rule,{},docs/report_assets/tables/t02_cleaning_log.md
N0120,"61,214",results/cleaning_log.csv,"{""dataset"": ""openml"", ""step"": ""7""}",rows_before,"{:,.0f}",docs/report_assets/tables/t02_cleaning_log.md
N0121,"61,214",results/cleaning_log.csv,"{""dataset"": ""openml"", ""step"": ""7""}",rows_after,"{:,.0f}",docs/report_assets/tables/t02_cleaning_log.md
N0122,0,results/cleaning_log.csv,"{""dataset"": ""openml"", ""step"": ""7""}",rows_changed,"{:,.0f}",docs/report_assets/tables/t02_cleaning_log.md
N0123,age < 0 or age > 110,results/cleaning_log.csv,"{""dataset"": ""openml"", ""step"": ""7""}",note,{},docs/report_assets/tables/t02_cleaning_log.md
N0124,8,results/cleaning_log.csv,"{""dataset"": ""openml"", ""step"": ""8""}",step,{:.0f},docs/report_assets/tables/t02_cleaning_log.md
N0125,drop_exact_duplicates,results/cleaning_log.csv,"{""dataset"": ""openml"", ""step"": ""8""}",rule,{},docs/report_assets/tables/t02_cleaning_log.md
N0126,"61,214",results/cleaning_log.csv,"{""dataset"": ""openml"", ""step"": ""8""}",rows_before,"{:,.0f}",docs/report_assets/tables/t02_cleaning_log.md
N0127,"60,990",results/cleaning_log.csv,"{""dataset"": ""openml"", ""step"": ""8""}",rows_after,"{:,.0f}",docs/report_assets/tables/t02_cleaning_log.md
N0128,224,results/cleaning_log.csv,"{""dataset"": ""openml"", ""step"": ""8""}",rows_changed,"{:,.0f}",docs/report_assets/tables/t02_cleaning_log.md
N0129,"rows identical in every column; the file has no patient ID, so identical rows might be distinct appointments by similar patients. Dropped as the plan says; the share is small",results/cleaning_log.csv,"{""dataset"": ""openml"", ""step"": ""8""}",note,{},docs/report_assets/tables/t02_cleaning_log.md
N0130,9,results/cleaning_log.csv,"{""dataset"": ""openml"", ""step"": ""9""}",step,{:.0f},docs/report_assets/tables/t02_cleaning_log.md
N0131,report_hours_outside_clinic_hours,results/cleaning_log.csv,"{""dataset"": ""openml"", ""step"": ""9""}",rule,{},docs/report_assets/tables/t02_cleaning_log.md
N0132,"60,990",results/cleaning_log.csv,"{""dataset"": ""openml"", ""step"": ""9""}",rows_before,"{:,.0f}",docs/report_assets/tables/t02_cleaning_log.md
N0133,"60,990",results/cleaning_log.csv,"{""dataset"": ""openml"", ""step"": ""9""}",rows_after,"{:,.0f}",docs/report_assets/tables/t02_cleaning_log.md
N0134,1,results/cleaning_log.csv,"{""dataset"": ""openml"", ""step"": ""9""}",rows_changed,"{:,.0f}",docs/report_assets/tables/t02_cleaning_log.md
N0135,appointment hour outside 7-21; kept,results/cleaning_log.csv,"{""dataset"": ""openml"", ""step"": ""9""}",note,{},docs/report_assets/tables/t02_cleaning_log.md
N0136,1,results/cleaning_log.csv,"{""dataset"": ""hangu"", ""step"": ""1""}",step,{:.0f},docs/report_assets/tables/t02_cleaning_log.md
N0137,load,results/cleaning_log.csv,"{""dataset"": ""hangu"", ""step"": ""1""}",rule,{},docs/report_assets/tables/t02_cleaning_log.md
N0138,"6,637",results/cleaning_log.csv,"{""dataset"": ""hangu"", ""step"": ""1""}",rows_before,"{:,.0f}",docs/report_assets/tables/t02_cleaning_log.md
N0139,"6,637",results/cleaning_log.csv,"{""dataset"": ""hangu"", ""step"": ""1""}",rows_after,"{:,.0f}",docs/report_assets/tables/t02_cleaning_log.md
N0140,0,results/cleaning_log.csv,"{""dataset"": ""hangu"", ""step"": ""1""}",rows_changed,"{:,.0f}",docs/report_assets/tables/t02_cleaning_log.md
N0141,consultation records of one physician; ServTime is in seconds,results/cleaning_log.csv,"{""dataset"": ""hangu"", ""step"": ""1""}",note,{},docs/report_assets/tables/t02_cleaning_log.md
N0142,2,results/cleaning_log.csv,"{""dataset"": ""hangu"", ""step"": ""2""}",step,{:.0f},docs/report_assets/tables/t02_cleaning_log.md
N0143,rename_columns,results/cleaning_log.csv,"{""dataset"": ""hangu"", ""step"": ""2""}",rule,{},docs/report_assets/tables/t02_cleaning_log.md
N0144,"6,637",results/cleaning_log.csv,"{""dataset"": ""hangu"", ""step"": ""2""}",rows_before,"{:,.0f}",docs/report_assets/tables/t02_cleaning_log.md
N0145,"6,637",results/cleaning_log.csv,"{""dataset"": ""hangu"", ""step"": ""2""}",rows_after,"{:,.0f}",docs/report_assets/tables/t02_cleaning_log.md
N0146,0,results/cleaning_log.csv,"{""dataset"": ""hangu"", ""step"": ""2""}",rows_changed,"{:,.0f}",docs/report_assets/tables/t02_cleaning_log.md
N0147,snake_case names; ServTime -> service_seconds,results/cleaning_log.csv,"{""dataset"": ""hangu"", ""step"": ""2""}",note,{},docs/report_assets/tables/t02_cleaning_log.md
N0148,3,results/cleaning_log.csv,"{""dataset"": ""hangu"", ""step"": ""3""}",step,{:.0f},docs/report_assets/tables/t02_cleaning_log.md
N0149,drop_missing_or_nonpositive_service_time,results/cleaning_log.csv,"{""dataset"": ""hangu"", ""step"": ""3""}",rule,{},docs/report_assets/tables/t02_cleaning_log.md
N0150,"6,637",results/cleaning_log.csv,"{""dataset"": ""hangu"", ""step"": ""3""}",rows_before,"{:,.0f}",docs/report_assets/tables/t02_cleaning_log.md
N0151,"6,637",results/cleaning_log.csv,"{""dataset"": ""hangu"", ""step"": ""3""}",rows_after,"{:,.0f}",docs/report_assets/tables/t02_cleaning_log.md
N0152,0,results/cleaning_log.csv,"{""dataset"": ""hangu"", ""step"": ""3""}",rows_changed,"{:,.0f}",docs/report_assets/tables/t02_cleaning_log.md
N0153,a consultation cannot take zero or negative time,results/cleaning_log.csv,"{""dataset"": ""hangu"", ""step"": ""3""}",note,{},docs/report_assets/tables/t02_cleaning_log.md
N0154,4,results/cleaning_log.csv,"{""dataset"": ""hangu"", ""step"": ""4""}",step,{:.0f},docs/report_assets/tables/t02_cleaning_log.md
N0155,drop_service_time_above_limit,results/cleaning_log.csv,"{""dataset"": ""hangu"", ""step"": ""4""}",rule,{},docs/report_assets/tables/t02_cleaning_log.md
N0156,"6,637",results/cleaning_log.csv,"{""dataset"": ""hangu"", ""step"": ""4""}",rows_before,"{:,.0f}",docs/report_assets/tables/t02_cleaning_log.md
N0157,"6,637",results/cleaning_log.csv,"{""dataset"": ""hangu"", ""step"": ""4""}",rows_after,"{:,.0f}",docs/report_assets/tables/t02_cleaning_log.md
N0158,0,results/cleaning_log.csv,"{""dataset"": ""hangu"", ""step"": ""4""}",rows_changed,"{:,.0f}",docs/report_assets/tables/t02_cleaning_log.md
N0159,over 4 hours is a recording error; the real long tail below it is kept,results/cleaning_log.csv,"{""dataset"": ""hangu"", ""step"": ""4""}",note,{},docs/report_assets/tables/t02_cleaning_log.md
N0160,5,results/cleaning_log.csv,"{""dataset"": ""hangu"", ""step"": ""5""}",step,{:.0f},docs/report_assets/tables/t02_cleaning_log.md
N0161,drop_exact_duplicates,results/cleaning_log.csv,"{""dataset"": ""hangu"", ""step"": ""5""}",rule,{},docs/report_assets/tables/t02_cleaning_log.md
N0162,"6,637",results/cleaning_log.csv,"{""dataset"": ""hangu"", ""step"": ""5""}",rows_before,"{:,.0f}",docs/report_assets/tables/t02_cleaning_log.md
N0163,"6,637",results/cleaning_log.csv,"{""dataset"": ""hangu"", ""step"": ""5""}",rows_after,"{:,.0f}",docs/report_assets/tables/t02_cleaning_log.md
N0164,0,results/cleaning_log.csv,"{""dataset"": ""hangu"", ""step"": ""5""}",rows_changed,"{:,.0f}",docs/report_assets/tables/t02_cleaning_log.md
N0165,rows identical in every column,results/cleaning_log.csv,"{""dataset"": ""hangu"", ""step"": ""5""}",note,{},docs/report_assets/tables/t02_cleaning_log.md
N0166,6,results/cleaning_log.csv,"{""dataset"": ""hangu"", ""step"": ""6""}",step,{:.0f},docs/report_assets/tables/t02_cleaning_log.md
N0167,derive_service_minutes,results/cleaning_log.csv,"{""dataset"": ""hangu"", ""step"": ""6""}",rule,{},docs/report_assets/tables/t02_cleaning_log.md
N0168,"6,637",results/cleaning_log.csv,"{""dataset"": ""hangu"", ""step"": ""6""}",rows_before,"{:,.0f}",docs/report_assets/tables/t02_cleaning_log.md
N0169,"6,637",results/cleaning_log.csv,"{""dataset"": ""hangu"", ""step"": ""6""}",rows_after,"{:,.0f}",docs/report_assets/tables/t02_cleaning_log.md
N0170,0,results/cleaning_log.csv,"{""dataset"": ""hangu"", ""step"": ""6""}",rows_changed,"{:,.0f}",docs/report_assets/tables/t02_cleaning_log.md
N0171,service_minutes = service_seconds / 60,results/cleaning_log.csv,"{""dataset"": ""hangu"", ""step"": ""6""}",note,{},docs/report_assets/tables/t02_cleaning_log.md
N0172,0.500,results/e2_baselines.csv,"{""dataset"": ""kaggle"", ""model"": ""always_show""}",auc_roc,{:.3f},docs/report_assets/tables/t03_baselines.md
N0173,0.500,results/e2_baselines.csv,"{""dataset"": ""kaggle"", ""model"": ""always_show""}",auc_roc_lo,{:.3f},docs/report_assets/tables/t03_baselines.md
N0174,0.500,results/e2_baselines.csv,"{""dataset"": ""kaggle"", ""model"": ""always_show""}",auc_roc_hi,{:.3f},docs/report_assets/tables/t03_baselines.md
N0175,0.185,results/e2_baselines.csv,"{""dataset"": ""kaggle"", ""model"": ""always_show""}",avg_precision,{:.3f},docs/report_assets/tables/t03_baselines.md
N0176,0.180,results/e2_baselines.csv,"{""dataset"": ""kaggle"", ""model"": ""always_show""}",avg_precision_lo,{:.3f},docs/report_assets/tables/t03_baselines.md
N0177,0.190,results/e2_baselines.csv,"{""dataset"": ""kaggle"", ""model"": ""always_show""}",avg_precision_hi,{:.3f},docs/report_assets/tables/t03_baselines.md
N0178,0.185,results/e2_baselines.csv,"{""dataset"": ""kaggle"", ""model"": ""always_show""}",brier,{:.3f},docs/report_assets/tables/t03_baselines.md
N0179,0.180,results/e2_baselines.csv,"{""dataset"": ""kaggle"", ""model"": ""always_show""}",brier_lo,{:.3f},docs/report_assets/tables/t03_baselines.md
N0180,0.190,results/e2_baselines.csv,"{""dataset"": ""kaggle"", ""model"": ""always_show""}",brier_hi,{:.3f},docs/report_assets/tables/t03_baselines.md
N0181,0.815,results/e2_baselines.csv,"{""dataset"": ""kaggle"", ""model"": ""always_show""}",accuracy,{:.3f},docs/report_assets/tables/t03_baselines.md
N0182,0.518,results/e2_baselines.csv,"{""dataset"": ""kaggle"", ""model"": ""earlier_no_show_rate_rule""}",auc_roc,{:.3f},docs/report_assets/tables/t03_baselines.md
N0183,0.511,results/e2_baselines.csv,"{""dataset"": ""kaggle"", ""model"": ""earlier_no_show_rate_rule""}",auc_roc_lo,{:.3f},docs/report_assets/tables/t03_baselines.md
N0184,0.525,results/e2_baselines.csv,"{""dataset"": ""kaggle"", ""model"": ""earlier_no_show_rate_rule""}",auc_roc_hi,{:.3f},docs/report_assets/tables/t03_baselines.md
N0185,0.196,results/e2_baselines.csv,"{""dataset"": ""kaggle"", ""model"": ""earlier_no_show_rate_rule""}",avg_precision,{:.3f},docs/report_assets/tables/t03_baselines.md
N0186,0.189,results/e2_baselines.csv,"{""dataset"": ""kaggle"", ""model"": ""earlier_no_show_rate_rule""}",avg_precision_lo,{:.3f},docs/report_assets/tables/t03_baselines.md
N0187,0.203,results/e2_baselines.csv,"{""dataset"": ""kaggle"", ""model"": ""earlier_no_show_rate_rule""}",avg_precision_hi,{:.3f},docs/report_assets/tables/t03_baselines.md
N0188,0.211,results/e2_baselines.csv,"{""dataset"": ""kaggle"", ""model"": ""earlier_no_show_rate_rule""}",brier,{:.3f},docs/report_assets/tables/t03_baselines.md
N0189,0.206,results/e2_baselines.csv,"{""dataset"": ""kaggle"", ""model"": ""earlier_no_show_rate_rule""}",brier_lo,{:.3f},docs/report_assets/tables/t03_baselines.md
N0190,0.216,results/e2_baselines.csv,"{""dataset"": ""kaggle"", ""model"": ""earlier_no_show_rate_rule""}",brier_hi,{:.3f},docs/report_assets/tables/t03_baselines.md
N0191,0.733,results/e2_baselines.csv,"{""dataset"": ""kaggle"", ""model"": ""earlier_no_show_rate_rule""}",accuracy,{:.3f},docs/report_assets/tables/t03_baselines.md
N0192,0.500,results/e2_baselines.csv,"{""dataset"": ""openml"", ""model"": ""always_show""}",auc_roc,{:.3f},docs/report_assets/tables/t03_baselines.md
N0193,0.500,results/e2_baselines.csv,"{""dataset"": ""openml"", ""model"": ""always_show""}",auc_roc_lo,{:.3f},docs/report_assets/tables/t03_baselines.md
N0194,0.500,results/e2_baselines.csv,"{""dataset"": ""openml"", ""model"": ""always_show""}",auc_roc_hi,{:.3f},docs/report_assets/tables/t03_baselines.md
N0195,0.220,results/e2_baselines.csv,"{""dataset"": ""openml"", ""model"": ""always_show""}",avg_precision,{:.3f},docs/report_assets/tables/t03_baselines.md
N0196,0.213,results/e2_baselines.csv,"{""dataset"": ""openml"", ""model"": ""always_show""}",avg_precision_lo,{:.3f},docs/report_assets/tables/t03_baselines.md
N0197,0.226,results/e2_baselines.csv,"{""dataset"": ""openml"", ""model"": ""always_show""}",avg_precision_hi,{:.3f},docs/report_assets/tables/t03_baselines.md
N0198,0.220,results/e2_baselines.csv,"{""dataset"": ""openml"", ""model"": ""always_show""}",brier,{:.3f},docs/report_assets/tables/t03_baselines.md
N0199,0.213,results/e2_baselines.csv,"{""dataset"": ""openml"", ""model"": ""always_show""}",brier_lo,{:.3f},docs/report_assets/tables/t03_baselines.md
N0200,0.226,results/e2_baselines.csv,"{""dataset"": ""openml"", ""model"": ""always_show""}",brier_hi,{:.3f},docs/report_assets/tables/t03_baselines.md
N0201,0.780,results/e2_baselines.csv,"{""dataset"": ""openml"", ""model"": ""always_show""}",accuracy,{:.3f},docs/report_assets/tables/t03_baselines.md
N0202,0.718,results/e3_kaggle_models.csv,"{""model"": ""logistic_regression""}",auc_roc,{:.3f},docs/report_assets/tables/t04_kaggle_models.md
N0203,0.710,results/e3_kaggle_models.csv,"{""model"": ""logistic_regression""}",auc_roc_lo,{:.3f},docs/report_assets/tables/t04_kaggle_models.md
N0204,0.726,results/e3_kaggle_models.csv,"{""model"": ""logistic_regression""}",auc_roc_hi,{:.3f},docs/report_assets/tables/t04_kaggle_models.md
N0205,0.314,results/e3_kaggle_models.csv,"{""model"": ""logistic_regression""}",avg_precision,{:.3f},docs/report_assets/tables/t04_kaggle_models.md
N0206,0.302,results/e3_kaggle_models.csv,"{""model"": ""logistic_regression""}",avg_precision_lo,{:.3f},docs/report_assets/tables/t04_kaggle_models.md
N0207,0.327,results/e3_kaggle_models.csv,"{""model"": ""logistic_regression""}",avg_precision_hi,{:.3f},docs/report_assets/tables/t04_kaggle_models.md
N0208,0.215,results/e3_kaggle_models.csv,"{""model"": ""logistic_regression""}",brier,{:.3f},docs/report_assets/tables/t04_kaggle_models.md
N0209,0.212,results/e3_kaggle_models.csv,"{""model"": ""logistic_regression""}",brier_lo,{:.3f},docs/report_assets/tables/t04_kaggle_models.md
N0210,0.217,results/e3_kaggle_models.csv,"{""model"": ""logistic_regression""}",brier_hi,{:.3f},docs/report_assets/tables/t04_kaggle_models.md
N0211,0.676,results/e3_kaggle_models.csv,"{""model"": ""logistic_regression""}",sens_at_prec_30,{:.3f},docs/report_assets/tables/t04_kaggle_models.md
N0212,0.545,results/e3_kaggle_models.csv,"{""model"": ""logistic_regression""}",sens_at_prec_30_lo,{:.3f},docs/report_assets/tables/t04_kaggle_models.md
N0213,0.777,results/e3_kaggle_models.csv,"{""model"": ""logistic_regression""}",sens_at_prec_30_hi,{:.3f},docs/report_assets/tables/t04_kaggle_models.md
N0214,0.029,results/e3_kaggle_models.csv,"{""model"": ""logistic_regression""}",sens_at_prec_40,{:.3f},docs/report_assets/tables/t04_kaggle_models.md
N0215,0.001,results/e3_kaggle_models.csv,"{""model"": ""logistic_regression""}",sens_at_prec_40_lo,{:.3f},docs/report_assets/tables/t04_kaggle_models.md
N0216,0.103,results/e3_kaggle_models.csv,"{""model"": ""logistic_regression""}",sens_at_prec_40_hi,{:.3f},docs/report_assets/tables/t04_kaggle_models.md
N0217,0.006,results/e3_kaggle_models.csv,"{""model"": ""logistic_regression""}",sens_at_prec_50,{:.3f},docs/report_assets/tables/t04_kaggle_models.md
N0218,0.000,results/e3_kaggle_models.csv,"{""model"": ""logistic_regression""}",sens_at_prec_50_lo,{:.3f},docs/report_assets/tables/t04_kaggle_models.md
N0219,0.020,results/e3_kaggle_models.csv,"{""model"": ""logistic_regression""}",sens_at_prec_50_hi,{:.3f},docs/report_assets/tables/t04_kaggle_models.md
N0220,0.730,results/e3_kaggle_models.csv,"{""model"": ""random_forest""}",auc_roc,{:.3f},docs/report_assets/tables/t04_kaggle_models.md
N0221,0.722,results/e3_kaggle_models.csv,"{""model"": ""random_forest""}",auc_roc_lo,{:.3f},docs/report_assets/tables/t04_kaggle_models.md
N0222,0.738,results/e3_kaggle_models.csv,"{""model"": ""random_forest""}",auc_roc_hi,{:.3f},docs/report_assets/tables/t04_kaggle_models.md
N0223,0.333,results/e3_kaggle_models.csv,"{""model"": ""random_forest""}",avg_precision,{:.3f},docs/report_assets/tables/t04_kaggle_models.md
N0224,0.321,results/e3_kaggle_models.csv,"{""model"": ""random_forest""}",avg_precision_lo,{:.3f},docs/report_assets/tables/t04_kaggle_models.md
N0225,0.347,results/e3_kaggle_models.csv,"{""model"": ""random_forest""}",avg_precision_hi,{:.3f},docs/report_assets/tables/t04_kaggle_models.md
N0226,0.136,results/e3_kaggle_models.csv,"{""model"": ""random_forest""}",brier,{:.3f},docs/report_assets/tables/t04_kaggle_models.md
N0227,0.133,results/e3_kaggle_models.csv,"{""model"": ""random_forest""}",brier_lo,{:.3f},docs/report_assets/tables/t04_kaggle_models.md
N0228,0.139,results/e3_kaggle_models.csv,"{""model"": ""random_forest""}",brier_hi,{:.3f},docs/report_assets/tables/t04_kaggle_models.md
N0229,0.743,results/e3_kaggle_models.csv,"{""model"": ""random_forest""}",sens_at_prec_30,{:.3f},docs/report_assets/tables/t04_kaggle_models.md
N0230,0.660,results/e3_kaggle_models.csv,"{""model"": ""random_forest""}",sens_at_prec_30_lo,{:.3f},docs/report_assets/tables/t04_kaggle_models.md
N0231,0.793,results/e3_kaggle_models.csv,"{""model"": ""random_forest""}",sens_at_prec_30_hi,{:.3f},docs/report_assets/tables/t04_kaggle_models.md
N0232,0.103,results/e3_kaggle_models.csv,"{""model"": ""random_forest""}",sens_at_prec_40,{:.3f},docs/report_assets/tables/t04_kaggle_models.md
N0233,0.027,results/e3_kaggle_models.csv,"{""model"": ""random_forest""}",sens_at_prec_40_lo,{:.3f},docs/report_assets/tables/t04_kaggle_models.md
N0234,0.241,results/e3_kaggle_models.csv,"{""model"": ""random_forest""}",sens_at_prec_40_hi,{:.3f},docs/report_assets/tables/t04_kaggle_models.md
N0235,0.014,results/e3_kaggle_models.csv,"{""model"": ""random_forest""}",sens_at_prec_50,{:.3f},docs/report_assets/tables/t04_kaggle_models.md
N0236,0.000,results/e3_kaggle_models.csv,"{""model"": ""random_forest""}",sens_at_prec_50_lo,{:.3f},docs/report_assets/tables/t04_kaggle_models.md
N0237,0.038,results/e3_kaggle_models.csv,"{""model"": ""random_forest""}",sens_at_prec_50_hi,{:.3f},docs/report_assets/tables/t04_kaggle_models.md
N0238,0.732,results/e3_kaggle_models.csv,"{""model"": ""hist_gradient_boosting""}",auc_roc,{:.3f},docs/report_assets/tables/t04_kaggle_models.md
N0239,0.724,results/e3_kaggle_models.csv,"{""model"": ""hist_gradient_boosting""}",auc_roc_lo,{:.3f},docs/report_assets/tables/t04_kaggle_models.md
N0240,0.740,results/e3_kaggle_models.csv,"{""model"": ""hist_gradient_boosting""}",auc_roc_hi,{:.3f},docs/report_assets/tables/t04_kaggle_models.md
N0241,0.339,results/e3_kaggle_models.csv,"{""model"": ""hist_gradient_boosting""}",avg_precision,{:.3f},docs/report_assets/tables/t04_kaggle_models.md
N0242,0.325,results/e3_kaggle_models.csv,"{""model"": ""hist_gradient_boosting""}",avg_precision_lo,{:.3f},docs/report_assets/tables/t04_kaggle_models.md
N0243,0.355,results/e3_kaggle_models.csv,"{""model"": ""hist_gradient_boosting""}",avg_precision_hi,{:.3f},docs/report_assets/tables/t04_kaggle_models.md
N0244,0.136,results/e3_kaggle_models.csv,"{""model"": ""hist_gradient_boosting""}",brier,{:.3f},docs/report_assets/tables/t04_kaggle_models.md
N0245,0.133,results/e3_kaggle_models.csv,"{""model"": ""hist_gradient_boosting""}",brier_lo,{:.3f},docs/report_assets/tables/t04_kaggle_models.md
N0246,0.138,results/e3_kaggle_models.csv,"{""model"": ""hist_gradient_boosting""}",brier_hi,{:.3f},docs/report_assets/tables/t04_kaggle_models.md
N0247,0.732,results/e3_kaggle_models.csv,"{""model"": ""hist_gradient_boosting""}",sens_at_prec_30,{:.3f},docs/report_assets/tables/t04_kaggle_models.md
N0248,0.668,results/e3_kaggle_models.csv,"{""model"": ""hist_gradient_boosting""}",sens_at_prec_30_lo,{:.3f},docs/report_assets/tables/t04_kaggle_models.md
N0249,0.792,results/e3_kaggle_models.csv,"{""model"": ""hist_gradient_boosting""}",sens_at_prec_30_hi,{:.3f},docs/report_assets/tables/t04_kaggle_models.md
N0250,0.118,results/e3_kaggle_models.csv,"{""model"": ""hist_gradient_boosting""}",sens_at_prec_40,{:.3f},docs/report_assets/tables/t04_kaggle_models.md
N0251,0.051,results/e3_kaggle_models.csv,"{""model"": ""hist_gradient_boosting""}",sens_at_prec_40_lo,{:.3f},docs/report_assets/tables/t04_kaggle_models.md
N0252,0.233,results/e3_kaggle_models.csv,"{""model"": ""hist_gradient_boosting""}",sens_at_prec_40_hi,{:.3f},docs/report_assets/tables/t04_kaggle_models.md
N0253,0.022,results/e3_kaggle_models.csv,"{""model"": ""hist_gradient_boosting""}",sens_at_prec_50,{:.3f},docs/report_assets/tables/t04_kaggle_models.md
N0254,0.007,results/e3_kaggle_models.csv,"{""model"": ""hist_gradient_boosting""}",sens_at_prec_50_lo,{:.3f},docs/report_assets/tables/t04_kaggle_models.md
N0255,0.055,results/e3_kaggle_models.csv,"{""model"": ""hist_gradient_boosting""}",sens_at_prec_50_hi,{:.3f},docs/report_assets/tables/t04_kaggle_models.md
N0256,0.506,results/e3_kaggle_models.csv,"{""model"": ""control_shuffled_labels""}",auc_roc,{:.3f},docs/report_assets/tables/t04_kaggle_models.md
N0257,0.496,results/e3_kaggle_models.csv,"{""model"": ""control_shuffled_labels""}",auc_roc_lo,{:.3f},docs/report_assets/tables/t04_kaggle_models.md
N0258,0.517,results/e3_kaggle_models.csv,"{""model"": ""control_shuffled_labels""}",auc_roc_hi,{:.3f},docs/report_assets/tables/t04_kaggle_models.md
N0259,0.196,results/e3_kaggle_models.csv,"{""model"": ""control_shuffled_labels""}",avg_precision,{:.3f},docs/report_assets/tables/t04_kaggle_models.md
N0260,0.187,results/e3_kaggle_models.csv,"{""model"": ""control_shuffled_labels""}",avg_precision_lo,{:.3f},docs/report_assets/tables/t04_kaggle_models.md
N0261,0.205,results/e3_kaggle_models.csv,"{""model"": ""control_shuffled_labels""}",avg_precision_hi,{:.3f},docs/report_assets/tables/t04_kaggle_models.md
N0262,0.151,results/e3_kaggle_models.csv,"{""model"": ""control_shuffled_labels""}",brier,{:.3f},docs/report_assets/tables/t04_kaggle_models.md
N0263,0.148,results/e3_kaggle_models.csv,"{""model"": ""control_shuffled_labels""}",brier_lo,{:.3f},docs/report_assets/tables/t04_kaggle_models.md
N0264,0.154,results/e3_kaggle_models.csv,"{""model"": ""control_shuffled_labels""}",brier_hi,{:.3f},docs/report_assets/tables/t04_kaggle_models.md
N0265,0.002,results/e3_kaggle_models.csv,"{""model"": ""control_shuffled_labels""}",sens_at_prec_30,{:.3f},docs/report_assets/tables/t04_kaggle_models.md
N0266,0.000,results/e3_kaggle_models.csv,"{""model"": ""control_shuffled_labels""}",sens_at_prec_30_lo,{:.3f},docs/report_assets/tables/t04_kaggle_models.md
N0267,0.041,results/e3_kaggle_models.csv,"{""model"": ""control_shuffled_labels""}",sens_at_prec_30_hi,{:.3f},docs/report_assets/tables/t04_kaggle_models.md
N0268,0.000,results/e3_kaggle_models.csv,"{""model"": ""control_shuffled_labels""}",sens_at_prec_40,{:.3f},docs/report_assets/tables/t04_kaggle_models.md
N0269,0.000,results/e3_kaggle_models.csv,"{""model"": ""control_shuffled_labels""}",sens_at_prec_40_lo,{:.3f},docs/report_assets/tables/t04_kaggle_models.md
N0270,0.006,results/e3_kaggle_models.csv,"{""model"": ""control_shuffled_labels""}",sens_at_prec_40_hi,{:.3f},docs/report_assets/tables/t04_kaggle_models.md
N0271,0.000,results/e3_kaggle_models.csv,"{""model"": ""control_shuffled_labels""}",sens_at_prec_50,{:.3f},docs/report_assets/tables/t04_kaggle_models.md
N0272,0.000,results/e3_kaggle_models.csv,"{""model"": ""control_shuffled_labels""}",sens_at_prec_50_lo,{:.3f},docs/report_assets/tables/t04_kaggle_models.md
N0273,0.002,results/e3_kaggle_models.csv,"{""model"": ""control_shuffled_labels""}",sens_at_prec_50_hi,{:.3f},docs/report_assets/tables/t04_kaggle_models.md
N0274,0.500,results/e5_openml_models.csv,"{""model"": ""always_show""}",auc_roc,{:.3f},docs/report_assets/tables/t08_openml_models.md
N0275,0.500,results/e5_openml_models.csv,"{""model"": ""always_show""}",auc_roc_lo,{:.3f},docs/report_assets/tables/t08_openml_models.md
N0276,0.500,results/e5_openml_models.csv,"{""model"": ""always_show""}",auc_roc_hi,{:.3f},docs/report_assets/tables/t08_openml_models.md
N0277,0.220,results/e5_openml_models.csv,"{""model"": ""always_show""}",avg_precision,{:.3f},docs/report_assets/tables/t08_openml_models.md
N0278,0.213,results/e5_openml_models.csv,"{""model"": ""always_show""}",avg_precision_lo,{:.3f},docs/report_assets/tables/t08_openml_models.md
N0279,0.226,results/e5_openml_models.csv,"{""model"": ""always_show""}",avg_precision_hi,{:.3f},docs/report_assets/tables/t08_openml_models.md
N0280,0.220,results/e5_openml_models.csv,"{""model"": ""always_show""}",brier,{:.3f},docs/report_assets/tables/t08_openml_models.md
N0281,0.213,results/e5_openml_models.csv,"{""model"": ""always_show""}",brier_lo,{:.3f},docs/report_assets/tables/t08_openml_models.md
N0282,0.226,results/e5_openml_models.csv,"{""model"": ""always_show""}",brier_hi,{:.3f},docs/report_assets/tables/t08_openml_models.md
N0283,0.000,results/e5_openml_models.csv,"{""model"": ""always_show""}",sens_at_prec_30,{:.3f},docs/report_assets/tables/t08_openml_models.md
N0284,0.000,results/e5_openml_models.csv,"{""model"": ""always_show""}",sens_at_prec_30_lo,{:.3f},docs/report_assets/tables/t08_openml_models.md
N0285,0.000,results/e5_openml_models.csv,"{""model"": ""always_show""}",sens_at_prec_30_hi,{:.3f},docs/report_assets/tables/t08_openml_models.md
N0286,0.000,results/e5_openml_models.csv,"{""model"": ""always_show""}",sens_at_prec_40,{:.3f},docs/report_assets/tables/t08_openml_models.md
N0287,0.000,results/e5_openml_models.csv,"{""model"": ""always_show""}",sens_at_prec_40_lo,{:.3f},docs/report_assets/tables/t08_openml_models.md
N0288,0.000,results/e5_openml_models.csv,"{""model"": ""always_show""}",sens_at_prec_40_hi,{:.3f},docs/report_assets/tables/t08_openml_models.md
N0289,0.000,results/e5_openml_models.csv,"{""model"": ""always_show""}",sens_at_prec_50,{:.3f},docs/report_assets/tables/t08_openml_models.md
N0290,0.000,results/e5_openml_models.csv,"{""model"": ""always_show""}",sens_at_prec_50_lo,{:.3f},docs/report_assets/tables/t08_openml_models.md
N0291,0.000,results/e5_openml_models.csv,"{""model"": ""always_show""}",sens_at_prec_50_hi,{:.3f},docs/report_assets/tables/t08_openml_models.md
N0292,0.612,results/e5_openml_models.csv,"{""model"": ""logistic_regression""}",auc_roc,{:.3f},docs/report_assets/tables/t08_openml_models.md
N0293,0.602,results/e5_openml_models.csv,"{""model"": ""logistic_regression""}",auc_roc_lo,{:.3f},docs/report_assets/tables/t08_openml_models.md
N0294,0.623,results/e5_openml_models.csv,"{""model"": ""logistic_regression""}",auc_roc_hi,{:.3f},docs/report_assets/tables/t08_openml_models.md
N0295,0.350,results/e5_openml_models.csv,"{""model"": ""logistic_regression""}",avg_precision,{:.3f},docs/report_assets/tables/t08_openml_models.md
N0296,0.334,results/e5_openml_models.csv,"{""model"": ""logistic_regression""}",avg_precision_lo,{:.3f},docs/report_assets/tables/t08_openml_models.md
N0297,0.366,results/e5_openml_models.csv,"{""model"": ""logistic_regression""}",avg_precision_hi,{:.3f},docs/report_assets/tables/t08_openml_models.md
N0298,0.235,results/e5_openml_models.csv,"{""model"": ""logistic_regression""}",brier,{:.3f},docs/report_assets/tables/t08_openml_models.md
N0299,0.234,results/e5_openml_models.csv,"{""model"": ""logistic_regression""}",brier_lo,{:.3f},docs/report_assets/tables/t08_openml_models.md
N0300,0.237,results/e5_openml_models.csv,"{""model"": ""logistic_regression""}",brier_hi,{:.3f},docs/report_assets/tables/t08_openml_models.md
N0301,0.394,results/e5_openml_models.csv,"{""model"": ""logistic_regression""}",sens_at_prec_30,{:.3f},docs/report_assets/tables/t08_openml_models.md
N0302,0.310,results/e5_openml_models.csv,"{""model"": ""logistic_regression""}",sens_at_prec_30_lo,{:.3f},docs/report_assets/tables/t08_openml_models.md
N0303,0.477,results/e5_openml_models.csv,"{""model"": ""logistic_regression""}",sens_at_prec_30_hi,{:.3f},docs/report_assets/tables/t08_openml_models.md
N0304,0.182,results/e5_openml_models.csv,"{""model"": ""logistic_regression""}",sens_at_prec_40,{:.3f},docs/report_assets/tables/t08_openml_models.md
N0305,0.156,results/e5_openml_models.csv,"{""model"": ""logistic_regression""}",sens_at_prec_40_lo,{:.3f},docs/report_assets/tables/t08_openml_models.md
N0306,0.218,results/e5_openml_models.csv,"{""model"": ""logistic_regression""}",sens_at_prec_40_hi,{:.3f},docs/report_assets/tables/t08_openml_models.md
N0307,0.125,results/e5_openml_models.csv,"{""model"": ""logistic_regression""}",sens_at_prec_50,{:.3f},docs/report_assets/tables/t08_openml_models.md
N0308,0.110,results/e5_openml_models.csv,"{""model"": ""logistic_regression""}",sens_at_prec_50_lo,{:.3f},docs/report_assets/tables/t08_openml_models.md
N0309,0.150,results/e5_openml_models.csv,"{""model"": ""logistic_regression""}",sens_at_prec_50_hi,{:.3f},docs/report_assets/tables/t08_openml_models.md
N0310,0.648,results/e5_openml_models.csv,"{""model"": ""random_forest""}",auc_roc,{:.3f},docs/report_assets/tables/t08_openml_models.md
N0311,0.638,results/e5_openml_models.csv,"{""model"": ""random_forest""}",auc_roc_lo,{:.3f},docs/report_assets/tables/t08_openml_models.md
N0312,0.658,results/e5_openml_models.csv,"{""model"": ""random_forest""}",auc_roc_hi,{:.3f},docs/report_assets/tables/t08_openml_models.md
N0313,0.392,results/e5_openml_models.csv,"{""model"": ""random_forest""}",avg_precision,{:.3f},docs/report_assets/tables/t08_openml_models.md
N0314,0.377,results/e5_openml_models.csv,"{""model"": ""random_forest""}",avg_precision_lo,{:.3f},docs/report_assets/tables/t08_openml_models.md
N0315,0.408,results/e5_openml_models.csv,"{""model"": ""random_forest""}",avg_precision_hi,{:.3f},docs/report_assets/tables/t08_openml_models.md
N0316,0.158,results/e5_openml_models.csv,"{""model"": ""random_forest""}",brier,{:.3f},docs/report_assets/tables/t08_openml_models.md
N0317,0.155,results/e5_openml_models.csv,"{""model"": ""random_forest""}",brier_lo,{:.3f},docs/report_assets/tables/t08_openml_models.md
N0318,0.162,results/e5_openml_models.csv,"{""model"": ""random_forest""}",brier_hi,{:.3f},docs/report_assets/tables/t08_openml_models.md
N0319,0.580,results/e5_openml_models.csv,"{""model"": ""random_forest""}",sens_at_prec_30,{:.3f},docs/report_assets/tables/t08_openml_models.md
N0320,0.501,results/e5_openml_models.csv,"{""model"": ""random_forest""}",sens_at_prec_30_lo,{:.3f},docs/report_assets/tables/t08_openml_models.md
N0321,0.668,results/e5_openml_models.csv,"{""model"": ""random_forest""}",sens_at_prec_30_hi,{:.3f},docs/report_assets/tables/t08_openml_models.md
N0322,0.246,results/e5_openml_models.csv,"{""model"": ""random_forest""}",sens_at_prec_40,{:.3f},docs/report_assets/tables/t08_openml_models.md
N0323,0.214,results/e5_openml_models.csv,"{""model"": ""random_forest""}",sens_at_prec_40_lo,{:.3f},docs/report_assets/tables/t08_openml_models.md
N0324,0.308,results/e5_openml_models.csv,"{""model"": ""random_forest""}",sens_at_prec_40_hi,{:.3f},docs/report_assets/tables/t08_openml_models.md
N0325,0.169,results/e5_openml_models.csv,"{""model"": ""random_forest""}",sens_at_prec_50,{:.3f},docs/report_assets/tables/t08_openml_models.md
N0326,0.144,results/e5_openml_models.csv,"{""model"": ""random_forest""}",sens_at_prec_50_lo,{:.3f},docs/report_assets/tables/t08_openml_models.md
N0327,0.190,results/e5_openml_models.csv,"{""model"": ""random_forest""}",sens_at_prec_50_hi,{:.3f},docs/report_assets/tables/t08_openml_models.md
N0328,0.646,results/e5_openml_models.csv,"{""model"": ""hist_gradient_boosting""}",auc_roc,{:.3f},docs/report_assets/tables/t08_openml_models.md
N0329,0.636,results/e5_openml_models.csv,"{""model"": ""hist_gradient_boosting""}",auc_roc_lo,{:.3f},docs/report_assets/tables/t08_openml_models.md
N0330,0.655,results/e5_openml_models.csv,"{""model"": ""hist_gradient_boosting""}",auc_roc_hi,{:.3f},docs/report_assets/tables/t08_openml_models.md
N0331,0.391,results/e5_openml_models.csv,"{""model"": ""hist_gradient_boosting""}",avg_precision,{:.3f},docs/report_assets/tables/t08_openml_models.md
N0332,0.376,results/e5_openml_models.csv,"{""model"": ""hist_gradient_boosting""}",avg_precision_lo,{:.3f},docs/report_assets/tables/t08_openml_models.md
N0333,0.407,results/e5_openml_models.csv,"{""model"": ""hist_gradient_boosting""}",avg_precision_hi,{:.3f},docs/report_assets/tables/t08_openml_models.md
N0334,0.158,results/e5_openml_models.csv,"{""model"": ""hist_gradient_boosting""}",brier,{:.3f},docs/report_assets/tables/t08_openml_models.md
N0335,0.155,results/e5_openml_models.csv,"{""model"": ""hist_gradient_boosting""}",brier_lo,{:.3f},docs/report_assets/tables/t08_openml_models.md
N0336,0.162,results/e5_openml_models.csv,"{""model"": ""hist_gradient_boosting""}",brier_hi,{:.3f},docs/report_assets/tables/t08_openml_models.md
N0337,0.542,results/e5_openml_models.csv,"{""model"": ""hist_gradient_boosting""}",sens_at_prec_30,{:.3f},docs/report_assets/tables/t08_openml_models.md
N0338,0.466,results/e5_openml_models.csv,"{""model"": ""hist_gradient_boosting""}",sens_at_prec_30_lo,{:.3f},docs/report_assets/tables/t08_openml_models.md
N0339,0.631,results/e5_openml_models.csv,"{""model"": ""hist_gradient_boosting""}",sens_at_prec_30_hi,{:.3f},docs/report_assets/tables/t08_openml_models.md
N0340,0.259,results/e5_openml_models.csv,"{""model"": ""hist_gradient_boosting""}",sens_at_prec_40,{:.3f},docs/report_assets/tables/t08_openml_models.md
N0341,0.220,results/e5_openml_models.csv,"{""model"": ""hist_gradient_boosting""}",sens_at_prec_40_lo,{:.3f},docs/report_assets/tables/t08_openml_models.md
N0342,0.299,results/e5_openml_models.csv,"{""model"": ""hist_gradient_boosting""}",sens_at_prec_40_hi,{:.3f},docs/report_assets/tables/t08_openml_models.md
N0343,0.164,results/e5_openml_models.csv,"{""model"": ""hist_gradient_boosting""}",sens_at_prec_50,{:.3f},docs/report_assets/tables/t08_openml_models.md
N0344,0.141,results/e5_openml_models.csv,"{""model"": ""hist_gradient_boosting""}",sens_at_prec_50_lo,{:.3f},docs/report_assets/tables/t08_openml_models.md
N0345,0.184,results/e5_openml_models.csv,"{""model"": ""hist_gradient_boosting""}",sens_at_prec_50_hi,{:.3f},docs/report_assets/tables/t08_openml_models.md
N0346,+0.200,results/e3_ladder.csv,"{""step"": ""earlier_no_show_rate_rule -> logistic_regression""}",delta_auc_roc,{:+.3f},docs/report_assets/tables/t05_model_ladder.md
N0347,+0.190,results/e3_ladder.csv,"{""step"": ""earlier_no_show_rate_rule -> logistic_regression""}",delta_auc_roc_lo,{:+.3f},docs/report_assets/tables/t05_model_ladder.md
N0348,+0.210,results/e3_ladder.csv,"{""step"": ""earlier_no_show_rate_rule -> logistic_regression""}",delta_auc_roc_hi,{:+.3f},docs/report_assets/tables/t05_model_ladder.md
N0349,+0.118,results/e3_ladder.csv,"{""step"": ""earlier_no_show_rate_rule -> logistic_regression""}",delta_avg_precision,{:+.3f},docs/report_assets/tables/t05_model_ladder.md
N0350,+0.110,results/e3_ladder.csv,"{""step"": ""earlier_no_show_rate_rule -> logistic_regression""}",delta_avg_precision_lo,{:+.3f},docs/report_assets/tables/t05_model_ladder.md
N0351,+0.128,results/e3_ladder.csv,"{""step"": ""earlier_no_show_rate_rule -> logistic_regression""}",delta_avg_precision_hi,{:+.3f},docs/report_assets/tables/t05_model_ladder.md
N0352,+0.029,results/e3_ladder.csv,"{""step"": ""earlier_no_show_rate_rule -> logistic_regression""}",delta_sens_at_prec_40,{:+.3f},docs/report_assets/tables/t05_model_ladder.md
N0353,+0.001,results/e3_ladder.csv,"{""step"": ""earlier_no_show_rate_rule -> logistic_regression""}",delta_sens_at_prec_40_lo,{:+.3f},docs/report_assets/tables/t05_model_ladder.md
N0354,+0.103,results/e3_ladder.csv,"{""step"": ""earlier_no_show_rate_rule -> logistic_regression""}",delta_sens_at_prec_40_hi,{:+.3f},docs/report_assets/tables/t05_model_ladder.md
N0355,+0.012,results/e3_ladder.csv,"{""step"": ""logistic_regression -> random_forest""}",delta_auc_roc,{:+.3f},docs/report_assets/tables/t05_model_ladder.md
N0356,+0.007,results/e3_ladder.csv,"{""step"": ""logistic_regression -> random_forest""}",delta_auc_roc_lo,{:+.3f},docs/report_assets/tables/t05_model_ladder.md
N0357,+0.018,results/e3_ladder.csv,"{""step"": ""logistic_regression -> random_forest""}",delta_auc_roc_hi,{:+.3f},docs/report_assets/tables/t05_model_ladder.md
N0358,+0.019,results/e3_ladder.csv,"{""step"": ""logistic_regression -> random_forest""}",delta_avg_precision,{:+.3f},docs/report_assets/tables/t05_model_ladder.md
N0359,+0.008,results/e3_ladder.csv,"{""step"": ""logistic_regression -> random_forest""}",delta_avg_precision_lo,{:+.3f},docs/report_assets/tables/t05_model_ladder.md
N0360,+0.029,results/e3_ladder.csv,"{""step"": ""logistic_regression -> random_forest""}",delta_avg_precision_hi,{:+.3f},docs/report_assets/tables/t05_model_ladder.md
N0361,+0.074,results/e3_ladder.csv,"{""step"": ""logistic_regression -> random_forest""}",delta_sens_at_prec_40,{:+.3f},docs/report_assets/tables/t05_model_ladder.md
N0362,-0.006,results/e3_ladder.csv,"{""step"": ""logistic_regression -> random_forest""}",delta_sens_at_prec_40_lo,{:+.3f},docs/report_assets/tables/t05_model_ladder.md
N0363,+0.196,results/e3_ladder.csv,"{""step"": ""logistic_regression -> random_forest""}",delta_sens_at_prec_40_hi,{:+.3f},docs/report_assets/tables/t05_model_ladder.md
N0364,+0.002,results/e3_ladder.csv,"{""step"": ""random_forest -> hist_gradient_boosting""}",delta_auc_roc,{:+.3f},docs/report_assets/tables/t05_model_ladder.md
N0365,-0.001,results/e3_ladder.csv,"{""step"": ""random_forest -> hist_gradient_boosting""}",delta_auc_roc_lo,{:+.3f},docs/report_assets/tables/t05_model_ladder.md
N0366,+0.004,results/e3_ladder.csv,"{""step"": ""random_forest -> hist_gradient_boosting""}",delta_auc_roc_hi,{:+.3f},docs/report_assets/tables/t05_model_ladder.md
N0367,+0.006,results/e3_ladder.csv,"{""step"": ""random_forest -> hist_gradient_boosting""}",delta_avg_precision,{:+.3f},docs/report_assets/tables/t05_model_ladder.md
N0368,+0.001,results/e3_ladder.csv,"{""step"": ""random_forest -> hist_gradient_boosting""}",delta_avg_precision_lo,{:+.3f},docs/report_assets/tables/t05_model_ladder.md
N0369,+0.011,results/e3_ladder.csv,"{""step"": ""random_forest -> hist_gradient_boosting""}",delta_avg_precision_hi,{:+.3f},docs/report_assets/tables/t05_model_ladder.md
N0370,+0.015,results/e3_ladder.csv,"{""step"": ""random_forest -> hist_gradient_boosting""}",delta_sens_at_prec_40,{:+.3f},docs/report_assets/tables/t05_model_ladder.md
N0371,-0.056,results/e3_ladder.csv,"{""step"": ""random_forest -> hist_gradient_boosting""}",delta_sens_at_prec_40_lo,{:+.3f},docs/report_assets/tables/t05_model_ladder.md
N0372,+0.079,results/e3_ladder.csv,"{""step"": ""random_forest -> hist_gradient_boosting""}",delta_sens_at_prec_40_hi,{:+.3f},docs/report_assets/tables/t05_model_ladder.md
N0373,+0.0000,results/e4_ablation.csv,"{""variant"": ""all_features""}",delta_auc_vs_all,{:+.4f},docs/report_assets/tables/t06_ablation.md
N0374,15,results/e4_ablation.csv,"{""variant"": ""all_features""}",n_features,{:.0f},docs/report_assets/tables/t06_ablation.md
N0375,0.7375,results/e4_ablation.csv,"{""variant"": ""all_features""}",cv_auc_mean,{:.4f},docs/report_assets/tables/t06_ablation.md
N0376,0.0000,results/e4_ablation.csv,"{""variant"": ""all_features""}",delta_auc_fold_std,{:.4f},docs/report_assets/tables/t06_ablation.md
N0377,+0.0000,results/e4_ablation.csv,"{""variant"": ""all_features""}",delta_ap_vs_all,{:+.4f},docs/report_assets/tables/t06_ablation.md
N0378,-0.0025,results/e4_ablation.csv,"{""variant"": ""no_sms_received""}",delta_auc_vs_all,{:+.4f},docs/report_assets/tables/t06_ablation.md
N0379,14,results/e4_ablation.csv,"{""variant"": ""no_sms_received""}",n_features,{:.0f},docs/report_assets/tables/t06_ablation.md
N0380,0.7351,results/e4_ablation.csv,"{""variant"": ""no_sms_received""}",cv_auc_mean,{:.4f},docs/report_assets/tables/t06_ablation.md
N0381,0.0009,results/e4_ablation.csv,"{""variant"": ""no_sms_received""}",delta_auc_fold_std,{:.4f},docs/report_assets/tables/t06_ablation.md
N0382,-0.0046,results/e4_ablation.csv,"{""variant"": ""no_sms_received""}",delta_ap_vs_all,{:+.4f},docs/report_assets/tables/t06_ablation.md
N0383,-0.0048,results/e4_ablation.csv,"{""variant"": ""drop_history""}",delta_auc_vs_all,{:+.4f},docs/report_assets/tables/t06_ablation.md
N0384,12,results/e4_ablation.csv,"{""variant"": ""drop_history""}",n_features,{:.0f},docs/report_assets/tables/t06_ablation.md
N0385,0.7328,results/e4_ablation.csv,"{""variant"": ""drop_history""}",cv_auc_mean,{:.4f},docs/report_assets/tables/t06_ablation.md
N0386,0.0015,results/e4_ablation.csv,"{""variant"": ""drop_history""}",delta_auc_fold_std,{:.4f},docs/report_assets/tables/t06_ablation.md
N0387,-0.0069,results/e4_ablation.csv,"{""variant"": ""drop_history""}",delta_ap_vs_all,{:+.4f},docs/report_assets/tables/t06_ablation.md
N0388,-0.1144,results/e4_ablation.csv,"{""variant"": ""drop_lead_calendar""}",delta_auc_vs_all,{:+.4f},docs/report_assets/tables/t06_ablation.md
N0389,12,results/e4_ablation.csv,"{""variant"": ""drop_lead_calendar""}",n_features,{:.0f},docs/report_assets/tables/t06_ablation.md
N0390,0.6232,results/e4_ablation.csv,"{""variant"": ""drop_lead_calendar""}",cv_auc_mean,{:.4f},docs/report_assets/tables/t06_ablation.md
N0391,0.0048,results/e4_ablation.csv,"{""variant"": ""drop_lead_calendar""}",delta_auc_fold_std,{:.4f},docs/report_assets/tables/t06_ablation.md
N0392,-0.0819,results/e4_ablation.csv,"{""variant"": ""drop_lead_calendar""}",delta_ap_vs_all,{:+.4f},docs/report_assets/tables/t06_ablation.md
N0393,-0.0112,results/e4_ablation.csv,"{""variant"": ""drop_demographics""}",delta_auc_vs_all,{:+.4f},docs/report_assets/tables/t06_ablation.md
N0394,13,results/e4_ablation.csv,"{""variant"": ""drop_demographics""}",n_features,{:.0f},docs/report_assets/tables/t06_ablation.md
N0395,0.7263,results/e4_ablation.csv,"{""variant"": ""drop_demographics""}",cv_auc_mean,{:.4f},docs/report_assets/tables/t06_ablation.md
N0396,0.0016,results/e4_ablation.csv,"{""variant"": ""drop_demographics""}",delta_auc_fold_std,{:.4f},docs/report_assets/tables/t06_ablation.md
N0397,-0.0136,results/e4_ablation.csv,"{""variant"": ""drop_demographics""}",delta_ap_vs_all,{:+.4f},docs/report_assets/tables/t06_ablation.md
N0398,-0.0041,results/e4_ablation.csv,"{""variant"": ""drop_flags""}",delta_auc_vs_all,{:+.4f},docs/report_assets/tables/t06_ablation.md
N0399,9,results/e4_ablation.csv,"{""variant"": ""drop_flags""}",n_features,{:.0f},docs/report_assets/tables/t06_ablation.md
N0400,0.7334,results/e4_ablation.csv,"{""variant"": ""drop_flags""}",cv_auc_mean,{:.4f},docs/report_assets/tables/t06_ablation.md
N0401,0.0010,results/e4_ablation.csv,"{""variant"": ""drop_flags""}",delta_auc_fold_std,{:.4f},docs/report_assets/tables/t06_ablation.md
N0402,-0.0081,results/e4_ablation.csv,"{""variant"": ""drop_flags""}",delta_ap_vs_all,{:+.4f},docs/report_assets/tables/t06_ablation.md
N0403,-0.0027,results/e4_ablation.csv,"{""variant"": ""drop_neighbourhood""}",delta_auc_vs_all,{:+.4f},docs/report_assets/tables/t06_ablation.md
N0404,14,results/e4_ablation.csv,"{""variant"": ""drop_neighbourhood""}",n_features,{:.0f},docs/report_assets/tables/t06_ablation.md
N0405,0.7348,results/e4_ablation.csv,"{""variant"": ""drop_neighbourhood""}",cv_auc_mean,{:.4f},docs/report_assets/tables/t06_ablation.md
N0406,0.0013,results/e4_ablation.csv,"{""variant"": ""drop_neighbourhood""}",delta_auc_fold_std,{:.4f},docs/report_assets/tables/t06_ablation.md
N0407,-0.0090,results/e4_ablation.csv,"{""variant"": ""drop_neighbourhood""}",delta_ap_vs_all,{:+.4f},docs/report_assets/tables/t06_ablation.md
N0408,-0.1921,results/e4_ablation.csv,"{""variant"": ""only_history""}",delta_auc_vs_all,{:+.4f},docs/report_assets/tables/t06_ablation.md
N0409,3,results/e4_ablation.csv,"{""variant"": ""only_history""}",n_features,{:.0f},docs/report_assets/tables/t06_ablation.md
N0410,0.5454,results/e4_ablation.csv,"{""variant"": ""only_history""}",cv_auc_mean,{:.4f},docs/report_assets/tables/t06_ablation.md
N0411,0.0046,results/e4_ablation.csv,"{""variant"": ""only_history""}",delta_auc_fold_std,{:.4f},docs/report_assets/tables/t06_ablation.md
N0412,-0.1541,results/e4_ablation.csv,"{""variant"": ""only_history""}",delta_ap_vs_all,{:+.4f},docs/report_assets/tables/t06_ablation.md
N0413,-0.0318,results/e4_ablation.csv,"{""variant"": ""only_lead_calendar""}",delta_auc_vs_all,{:+.4f},docs/report_assets/tables/t06_ablation.md
N0414,3,results/e4_ablation.csv,"{""variant"": ""only_lead_calendar""}",n_features,{:.0f},docs/report_assets/tables/t06_ablation.md
N0415,0.7058,results/e4_ablation.csv,"{""variant"": ""only_lead_calendar""}",cv_auc_mean,{:.4f},docs/report_assets/tables/t06_ablation.md
N0416,0.0041,results/e4_ablation.csv,"{""variant"": ""only_lead_calendar""}",delta_auc_fold_std,{:.4f},docs/report_assets/tables/t06_ablation.md
N0417,-0.0476,results/e4_ablation.csv,"{""variant"": ""only_lead_calendar""}",delta_ap_vs_all,{:+.4f},docs/report_assets/tables/t06_ablation.md
N0418,-0.1793,results/e4_ablation.csv,"{""variant"": ""only_demographics""}",delta_auc_vs_all,{:+.4f},docs/report_assets/tables/t06_ablation.md
N0419,2,results/e4_ablation.csv,"{""variant"": ""only_demographics""}",n_features,{:.0f},docs/report_assets/tables/t06_ablation.md
N0420,0.5583,results/e4_ablation.csv,"{""variant"": ""only_demographics""}",cv_auc_mean,{:.4f},docs/report_assets/tables/t06_ablation.md
N0421,0.0068,results/e4_ablation.csv,"{""variant"": ""only_demographics""}",delta_auc_fold_std,{:.4f},docs/report_assets/tables/t06_ablation.md
N0422,-0.1424,results/e4_ablation.csv,"{""variant"": ""only_demographics""}",delta_ap_vs_all,{:+.4f},docs/report_assets/tables/t06_ablation.md
N0423,-0.1608,results/e4_ablation.csv,"{""variant"": ""only_flags""}",delta_auc_vs_all,{:+.4f},docs/report_assets/tables/t06_ablation.md
N0424,6,results/e4_ablation.csv,"{""variant"": ""only_flags""}",n_features,{:.0f},docs/report_assets/tables/t06_ablation.md
N0425,0.5768,results/e4_ablation.csv,"{""variant"": ""only_flags""}",cv_auc_mean,{:.4f},docs/report_assets/tables/t06_ablation.md
N0426,0.0047,results/e4_ablation.csv,"{""variant"": ""only_flags""}",delta_auc_fold_std,{:.4f},docs/report_assets/tables/t06_ablation.md
N0427,-0.1280,results/e4_ablation.csv,"{""variant"": ""only_flags""}",delta_ap_vs_all,{:+.4f},docs/report_assets/tables/t06_ablation.md
N0428,-0.2138,results/e4_ablation.csv,"{""variant"": ""only_neighbourhood""}",delta_auc_vs_all,{:+.4f},docs/report_assets/tables/t06_ablation.md
N0429,1,results/e4_ablation.csv,"{""variant"": ""only_neighbourhood""}",n_features,{:.0f},docs/report_assets/tables/t06_ablation.md
N0430,0.5237,results/e4_ablation.csv,"{""variant"": ""only_neighbourhood""}",cv_auc_mean,{:.4f},docs/report_assets/tables/t06_ablation.md
N0431,0.0069,results/e4_ablation.csv,"{""variant"": ""only_neighbourhood""}",delta_auc_fold_std,{:.4f},docs/report_assets/tables/t06_ablation.md
N0432,-0.1575,results/e4_ablation.csv,"{""variant"": ""only_neighbourhood""}",delta_ap_vs_all,{:+.4f},docs/report_assets/tables/t06_ablation.md
N0433,"30,982",results/e4_sms_crosstab.csv,"{""lead_time_band"": ""0 (same day)"", ""sms_received"": ""0""}",n,"{:,.0f}",docs/report_assets/tables/t07_sms_by_lead_time.md
N0434,4.8%,results/e4_sms_crosstab.csv,"{""lead_time_band"": ""0 (same day)"", ""sms_received"": ""0""}",rate,{:.1%},docs/report_assets/tables/t07_sms_by_lead_time.md
N0435,4.6%,results/e4_sms_crosstab.csv,"{""lead_time_band"": ""0 (same day)"", ""sms_received"": ""0""}",ci_low,{:.1%},docs/report_assets/tables/t07_sms_by_lead_time.md
N0436,5.0%,results/e4_sms_crosstab.csv,"{""lead_time_band"": ""0 (same day)"", ""sms_received"": ""0""}",ci_high,{:.1%},docs/report_assets/tables/t07_sms_by_lead_time.md
N0437,0.0%,results/e4_sms_crosstab.csv,"{""lead_time_band"": ""0 (same day)"", ""sms_received"": ""0""}",share_of_band_with_sms,{:.1%},docs/report_assets/tables/t07_sms_by_lead_time.md
N0438,"10,923",results/e4_sms_crosstab.csv,"{""lead_time_band"": ""1-3"", ""sms_received"": ""0""}",n,"{:,.0f}",docs/report_assets/tables/t07_sms_by_lead_time.md
N0439,23.3%,results/e4_sms_crosstab.csv,"{""lead_time_band"": ""1-3"", ""sms_received"": ""0""}",rate,{:.1%},docs/report_assets/tables/t07_sms_by_lead_time.md
N0440,22.5%,results/e4_sms_crosstab.csv,"{""lead_time_band"": ""1-3"", ""sms_received"": ""0""}",ci_low,{:.1%},docs/report_assets/tables/t07_sms_by_lead_time.md
N0441,24.1%,results/e4_sms_crosstab.csv,"{""lead_time_band"": ""1-3"", ""sms_received"": ""0""}",ci_high,{:.1%},docs/report_assets/tables/t07_sms_by_lead_time.md
N0442,4.5%,results/e4_sms_crosstab.csv,"{""lead_time_band"": ""1-3"", ""sms_received"": ""0""}",share_of_band_with_sms,{:.1%},docs/report_assets/tables/t07_sms_by_lead_time.md
N0443,-2.0,results/e4_sms_crosstab.csv,"{""lead_time_band"": ""1-3"", ""sms_received"": ""0""}",rate_difference_sms_minus_none,{pp},docs/report_assets/tables/t07_sms_by_lead_time.md
N0444,517,results/e4_sms_crosstab.csv,"{""lead_time_band"": ""1-3"", ""sms_received"": ""1""}",n,"{:,.0f}",docs/report_assets/tables/t07_sms_by_lead_time.md
N0445,21.3%,results/e4_sms_crosstab.csv,"{""lead_time_band"": ""1-3"", ""sms_received"": ""1""}",rate,{:.1%},docs/report_assets/tables/t07_sms_by_lead_time.md
N0446,18.0%,results/e4_sms_crosstab.csv,"{""lead_time_band"": ""1-3"", ""sms_received"": ""1""}",ci_low,{:.1%},docs/report_assets/tables/t07_sms_by_lead_time.md
N0447,25.0%,results/e4_sms_crosstab.csv,"{""lead_time_band"": ""1-3"", ""sms_received"": ""1""}",ci_high,{:.1%},docs/report_assets/tables/t07_sms_by_lead_time.md
N0448,4.5%,results/e4_sms_crosstab.csv,"{""lead_time_band"": ""1-3"", ""sms_received"": ""1""}",share_of_band_with_sms,{:.1%},docs/report_assets/tables/t07_sms_by_lead_time.md
N0449,-2.0,results/e4_sms_crosstab.csv,"{""lead_time_band"": ""1-3"", ""sms_received"": ""1""}",rate_difference_sms_minus_none,{pp},docs/report_assets/tables/t07_sms_by_lead_time.md
N0450,"6,379",results/e4_sms_crosstab.csv,"{""lead_time_band"": ""4-7"", ""sms_received"": ""0""}",n,"{:,.0f}",docs/report_assets/tables/t07_sms_by_lead_time.md
N0451,27.3%,results/e4_sms_crosstab.csv,"{""lead_time_band"": ""4-7"", ""sms_received"": ""0""}",rate,{:.1%},docs/report_assets/tables/t07_sms_by_lead_time.md
N0452,26.2%,results/e4_sms_crosstab.csv,"{""lead_time_band"": ""4-7"", ""sms_received"": ""0""}",ci_low,{:.1%},docs/report_assets/tables/t07_sms_by_lead_time.md
N0453,28.4%,results/e4_sms_crosstab.csv,"{""lead_time_band"": ""4-7"", ""sms_received"": ""0""}",ci_high,{:.1%},docs/report_assets/tables/t07_sms_by_lead_time.md
N0454,55.6%,results/e4_sms_crosstab.csv,"{""lead_time_band"": ""4-7"", ""sms_received"": ""0""}",share_of_band_with_sms,{:.1%},docs/report_assets/tables/t07_sms_by_lead_time.md
N0455,-2.7,results/e4_sms_crosstab.csv,"{""lead_time_band"": ""4-7"", ""sms_received"": ""0""}",rate_difference_sms_minus_none,{pp},docs/report_assets/tables/t07_sms_by_lead_time.md
N0456,"7,985",results/e4_sms_crosstab.csv,"{""lead_time_band"": ""4-7"", ""sms_received"": ""1""}",n,"{:,.0f}",docs/report_assets/tables/t07_sms_by_lead_time.md
N0457,24.5%,results/e4_sms_crosstab.csv,"{""lead_time_band"": ""4-7"", ""sms_received"": ""1""}",rate,{:.1%},docs/report_assets/tables/t07_sms_by_lead_time.md
N0458,23.6%,results/e4_sms_crosstab.csv,"{""lead_time_band"": ""4-7"", ""sms_received"": ""1""}",ci_low,{:.1%},docs/report_assets/tables/t07_sms_by_lead_time.md
N0459,25.5%,results/e4_sms_crosstab.csv,"{""lead_time_band"": ""4-7"", ""sms_received"": ""1""}",ci_high,{:.1%},docs/report_assets/tables/t07_sms_by_lead_time.md
N0460,55.6%,results/e4_sms_crosstab.csv,"{""lead_time_band"": ""4-7"", ""sms_received"": ""1""}",share_of_band_with_sms,{:.1%},docs/report_assets/tables/t07_sms_by_lead_time.md
N0461,-2.7,results/e4_sms_crosstab.csv,"{""lead_time_band"": ""4-7"", ""sms_received"": ""1""}",rate_difference_sms_minus_none,{pp},docs/report_assets/tables/t07_sms_by_lead_time.md
N0462,"4,689",results/e4_sms_crosstab.csv,"{""lead_time_band"": ""8-14"", ""sms_received"": ""0""}",n,"{:,.0f}",docs/report_assets/tables/t07_sms_by_lead_time.md
N0463,33.8%,results/e4_sms_crosstab.csv,"{""lead_time_band"": ""8-14"", ""sms_received"": ""0""}",rate,{:.1%},docs/report_assets/tables/t07_sms_by_lead_time.md
N0464,32.5%,results/e4_sms_crosstab.csv,"{""lead_time_band"": ""8-14"", ""sms_received"": ""0""}",ci_low,{:.1%},docs/report_assets/tables/t07_sms_by_lead_time.md
N0465,35.2%,results/e4_sms_crosstab.csv,"{""lead_time_band"": ""8-14"", ""sms_received"": ""0""}",ci_high,{:.1%},docs/report_assets/tables/t07_sms_by_lead_time.md
N0466,53.6%,results/e4_sms_crosstab.csv,"{""lead_time_band"": ""8-14"", ""sms_received"": ""0""}",share_of_band_with_sms,{:.1%},docs/report_assets/tables/t07_sms_by_lead_time.md
N0467,-5.4,results/e4_sms_crosstab.csv,"{""lead_time_band"": ""8-14"", ""sms_received"": ""0""}",rate_difference_sms_minus_none,{pp},docs/report_assets/tables/t07_sms_by_lead_time.md
N0468,"5,409",results/e4_sms_crosstab.csv,"{""lead_time_band"": ""8-14"", ""sms_received"": ""1""}",n,"{:,.0f}",docs/report_assets/tables/t07_sms_by_lead_time.md
N0469,28.4%,results/e4_sms_crosstab.csv,"{""lead_time_band"": ""8-14"", ""sms_received"": ""1""}",rate,{:.1%},docs/report_assets/tables/t07_sms_by_lead_time.md
N0470,27.2%,results/e4_sms_crosstab.csv,"{""lead_time_band"": ""8-14"", ""sms_received"": ""1""}",ci_low,{:.1%},docs/report_assets/tables/t07_sms_by_lead_time.md
N0471,29.6%,results/e4_sms_crosstab.csv,"{""lead_time_band"": ""8-14"", ""sms_received"": ""1""}",ci_high,{:.1%},docs/report_assets/tables/t07_sms_by_lead_time.md
N0472,53.6%,results/e4_sms_crosstab.csv,"{""lead_time_band"": ""8-14"", ""sms_received"": ""1""}",share_of_band_with_sms,{:.1%},docs/report_assets/tables/t07_sms_by_lead_time.md
N0473,-5.4,results/e4_sms_crosstab.csv,"{""lead_time_band"": ""8-14"", ""sms_received"": ""1""}",rate_difference_sms_minus_none,{pp},docs/report_assets/tables/t07_sms_by_lead_time.md
N0474,"6,089",results/e4_sms_crosstab.csv,"{""lead_time_band"": ""15-30"", ""sms_received"": ""0""}",n,"{:,.0f}",docs/report_assets/tables/t07_sms_by_lead_time.md
N0475,37.2%,results/e4_sms_crosstab.csv,"{""lead_time_band"": ""15-30"", ""sms_received"": ""0""}",rate,{:.1%},docs/report_assets/tables/t07_sms_by_lead_time.md
N0476,36.0%,results/e4_sms_crosstab.csv,"{""lead_time_band"": ""15-30"", ""sms_received"": ""0""}",ci_low,{:.1%},docs/report_assets/tables/t07_sms_by_lead_time.md
N0477,38.5%,results/e4_sms_crosstab.csv,"{""lead_time_band"": ""15-30"", ""sms_received"": ""0""}",ci_high,{:.1%},docs/report_assets/tables/t07_sms_by_lead_time.md
N0478,54.6%,results/e4_sms_crosstab.csv,"{""lead_time_band"": ""15-30"", ""sms_received"": ""0""}",share_of_band_with_sms,{:.1%},docs/report_assets/tables/t07_sms_by_lead_time.md
N0479,-6.2,results/e4_sms_crosstab.csv,"{""lead_time_band"": ""15-30"", ""sms_received"": ""0""}",rate_difference_sms_minus_none,{pp},docs/report_assets/tables/t07_sms_by_lead_time.md
N0480,"7,311",results/e4_sms_crosstab.csv,"{""lead_time_band"": ""15-30"", ""sms_received"": ""1""}",n,"{:,.0f}",docs/report_assets/tables/t07_sms_by_lead_time.md
N0481,31.1%,results/e4_sms_crosstab.csv,"{""lead_time_band"": ""15-30"", ""sms_received"": ""1""}",rate,{:.1%},docs/report_assets/tables/t07_sms_by_lead_time.md
N0482,30.0%,results/e4_sms_crosstab.csv,"{""lead_time_band"": ""15-30"", ""sms_received"": ""1""}",ci_low,{:.1%},docs/report_assets/tables/t07_sms_by_lead_time.md
N0483,32.1%,results/e4_sms_crosstab.csv,"{""lead_time_band"": ""15-30"", ""sms_received"": ""1""}",ci_high,{:.1%},docs/report_assets/tables/t07_sms_by_lead_time.md
N0484,54.6%,results/e4_sms_crosstab.csv,"{""lead_time_band"": ""15-30"", ""sms_received"": ""1""}",share_of_band_with_sms,{:.1%},docs/report_assets/tables/t07_sms_by_lead_time.md
N0485,-6.2,results/e4_sms_crosstab.csv,"{""lead_time_band"": ""15-30"", ""sms_received"": ""1""}",rate_difference_sms_minus_none,{pp},docs/report_assets/tables/t07_sms_by_lead_time.md
N0486,"3,645",results/e4_sms_crosstab.csv,"{""lead_time_band"": ""31+"", ""sms_received"": ""0""}",n,"{:,.0f}",docs/report_assets/tables/t07_sms_by_lead_time.md
N0487,37.8%,results/e4_sms_crosstab.csv,"{""lead_time_band"": ""31+"", ""sms_received"": ""0""}",rate,{:.1%},docs/report_assets/tables/t07_sms_by_lead_time.md
N0488,36.2%,results/e4_sms_crosstab.csv,"{""lead_time_band"": ""31+"", ""sms_received"": ""0""}",ci_low,{:.1%},docs/report_assets/tables/t07_sms_by_lead_time.md
N0489,39.3%,results/e4_sms_crosstab.csv,"{""lead_time_band"": ""31+"", ""sms_received"": ""0""}",ci_high,{:.1%},docs/report_assets/tables/t07_sms_by_lead_time.md
N0490,55.8%,results/e4_sms_crosstab.csv,"{""lead_time_band"": ""31+"", ""sms_received"": ""0""}",share_of_band_with_sms,{:.1%},docs/report_assets/tables/t07_sms_by_lead_time.md
N0491,-8.1,results/e4_sms_crosstab.csv,"{""lead_time_band"": ""31+"", ""sms_received"": ""0""}",rate_difference_sms_minus_none,{pp},docs/report_assets/tables/t07_sms_by_lead_time.md
N0492,"4,598",results/e4_sms_crosstab.csv,"{""lead_time_band"": ""31+"", ""sms_received"": ""1""}",n,"{:,.0f}",docs/report_assets/tables/t07_sms_by_lead_time.md
N0493,29.6%,results/e4_sms_crosstab.csv,"{""lead_time_band"": ""31+"", ""sms_received"": ""1""}",rate,{:.1%},docs/report_assets/tables/t07_sms_by_lead_time.md
N0494,28.3%,results/e4_sms_crosstab.csv,"{""lead_time_band"": ""31+"", ""sms_received"": ""1""}",ci_low,{:.1%},docs/report_assets/tables/t07_sms_by_lead_time.md
N0495,31.0%,results/e4_sms_crosstab.csv,"{""lead_time_band"": ""31+"", ""sms_received"": ""1""}",ci_high,{:.1%},docs/report_assets/tables/t07_sms_by_lead_time.md
N0496,55.8%,results/e4_sms_crosstab.csv,"{""lead_time_band"": ""31+"", ""sms_received"": ""1""}",share_of_band_with_sms,{:.1%},docs/report_assets/tables/t07_sms_by_lead_time.md
N0497,-8.1,results/e4_sms_crosstab.csv,"{""lead_time_band"": ""31+"", ""sms_received"": ""1""}",rate_difference_sms_minus_none,{pp},docs/report_assets/tables/t07_sms_by_lead_time.md
N0498,0.540,results/e6_transfer.csv,"{""direction"": ""kaggle_to_openml"", ""model"": ""logistic_regression""}",auc_within_target,{:.3f},docs/report_assets/tables/t09_transfer.md
N0499,0.529,results/e6_transfer.csv,"{""direction"": ""kaggle_to_openml"", ""model"": ""logistic_regression""}",auc_within_target_lo,{:.3f},docs/report_assets/tables/t09_transfer.md
N0500,0.551,results/e6_transfer.csv,"{""direction"": ""kaggle_to_openml"", ""model"": ""logistic_regression""}",auc_within_target_hi,{:.3f},docs/report_assets/tables/t09_transfer.md
N0501,0.529,results/e6_transfer.csv,"{""direction"": ""kaggle_to_openml"", ""model"": ""logistic_regression""}",auc_transfer,{:.3f},docs/report_assets/tables/t09_transfer.md
N0502,0.518,results/e6_transfer.csv,"{""direction"": ""kaggle_to_openml"", ""model"": ""logistic_regression""}",auc_transfer_lo,{:.3f},docs/report_assets/tables/t09_transfer.md
N0503,0.539,results/e6_transfer.csv,"{""direction"": ""kaggle_to_openml"", ""model"": ""logistic_regression""}",auc_transfer_hi,{:.3f},docs/report_assets/tables/t09_transfer.md
N0504,+0.010,results/e6_transfer.csv,"{""direction"": ""kaggle_to_openml"", ""model"": ""logistic_regression""}",auc_drop,{:+.3f},docs/report_assets/tables/t09_transfer.md
N0505,-0.001,results/e6_transfer.csv,"{""direction"": ""kaggle_to_openml"", ""model"": ""logistic_regression""}",auc_drop_lo,{:+.3f},docs/report_assets/tables/t09_transfer.md
N0506,+0.023,results/e6_transfer.csv,"{""direction"": ""kaggle_to_openml"", ""model"": ""logistic_regression""}",auc_drop_hi,{:+.3f},docs/report_assets/tables/t09_transfer.md
N0507,+0.013,results/e6_transfer.csv,"{""direction"": ""kaggle_to_openml"", ""model"": ""logistic_regression""}",ap_drop,{:+.3f},docs/report_assets/tables/t09_transfer.md
N0508,+0.004,results/e6_transfer.csv,"{""direction"": ""kaggle_to_openml"", ""model"": ""logistic_regression""}",ap_drop_lo,{:+.3f},docs/report_assets/tables/t09_transfer.md
N0509,+0.022,results/e6_transfer.csv,"{""direction"": ""kaggle_to_openml"", ""model"": ""logistic_regression""}",ap_drop_hi,{:+.3f},docs/report_assets/tables/t09_transfer.md
N0510,0.568,results/e6_transfer.csv,"{""direction"": ""kaggle_to_openml"", ""model"": ""hist_gradient_boosting""}",auc_within_target,{:.3f},docs/report_assets/tables/t09_transfer.md
N0511,0.558,results/e6_transfer.csv,"{""direction"": ""kaggle_to_openml"", ""model"": ""hist_gradient_boosting""}",auc_within_target_lo,{:.3f},docs/report_assets/tables/t09_transfer.md
N0512,0.579,results/e6_transfer.csv,"{""direction"": ""kaggle_to_openml"", ""model"": ""hist_gradient_boosting""}",auc_within_target_hi,{:.3f},docs/report_assets/tables/t09_transfer.md
N0513,0.538,results/e6_transfer.csv,"{""direction"": ""kaggle_to_openml"", ""model"": ""hist_gradient_boosting""}",auc_transfer,{:.3f},docs/report_assets/tables/t09_transfer.md
N0514,0.527,results/e6_transfer.csv,"{""direction"": ""kaggle_to_openml"", ""model"": ""hist_gradient_boosting""}",auc_transfer_lo,{:.3f},docs/report_assets/tables/t09_transfer.md
N0515,0.550,results/e6_transfer.csv,"{""direction"": ""kaggle_to_openml"", ""model"": ""hist_gradient_boosting""}",auc_transfer_hi,{:.3f},docs/report_assets/tables/t09_transfer.md
N0516,+0.030,results/e6_transfer.csv,"{""direction"": ""kaggle_to_openml"", ""model"": ""hist_gradient_boosting""}",auc_drop,{:+.3f},docs/report_assets/tables/t09_transfer.md
N0517,+0.018,results/e6_transfer.csv,"{""direction"": ""kaggle_to_openml"", ""model"": ""hist_gradient_boosting""}",auc_drop_lo,{:+.3f},docs/report_assets/tables/t09_transfer.md
N0518,+0.042,results/e6_transfer.csv,"{""direction"": ""kaggle_to_openml"", ""model"": ""hist_gradient_boosting""}",auc_drop_hi,{:+.3f},docs/report_assets/tables/t09_transfer.md
N0519,+0.023,results/e6_transfer.csv,"{""direction"": ""kaggle_to_openml"", ""model"": ""hist_gradient_boosting""}",ap_drop,{:+.3f},docs/report_assets/tables/t09_transfer.md
N0520,+0.013,results/e6_transfer.csv,"{""direction"": ""kaggle_to_openml"", ""model"": ""hist_gradient_boosting""}",ap_drop_lo,{:+.3f},docs/report_assets/tables/t09_transfer.md
N0521,+0.033,results/e6_transfer.csv,"{""direction"": ""kaggle_to_openml"", ""model"": ""hist_gradient_boosting""}",ap_drop_hi,{:+.3f},docs/report_assets/tables/t09_transfer.md
N0522,0.713,results/e6_transfer.csv,"{""direction"": ""openml_to_kaggle"", ""model"": ""logistic_regression""}",auc_within_target,{:.3f},docs/report_assets/tables/t09_transfer.md
N0523,0.705,results/e6_transfer.csv,"{""direction"": ""openml_to_kaggle"", ""model"": ""logistic_regression""}",auc_within_target_lo,{:.3f},docs/report_assets/tables/t09_transfer.md
N0524,0.721,results/e6_transfer.csv,"{""direction"": ""openml_to_kaggle"", ""model"": ""logistic_regression""}",auc_within_target_hi,{:.3f},docs/report_assets/tables/t09_transfer.md
N0525,0.640,results/e6_transfer.csv,"{""direction"": ""openml_to_kaggle"", ""model"": ""logistic_regression""}",auc_transfer,{:.3f},docs/report_assets/tables/t09_transfer.md
N0526,0.631,results/e6_transfer.csv,"{""direction"": ""openml_to_kaggle"", ""model"": ""logistic_regression""}",auc_transfer_lo,{:.3f},docs/report_assets/tables/t09_transfer.md
N0527,0.649,results/e6_transfer.csv,"{""direction"": ""openml_to_kaggle"", ""model"": ""logistic_regression""}",auc_transfer_hi,{:.3f},docs/report_assets/tables/t09_transfer.md
N0528,+0.072,results/e6_transfer.csv,"{""direction"": ""openml_to_kaggle"", ""model"": ""logistic_regression""}",auc_drop,{:+.3f},docs/report_assets/tables/t09_transfer.md
N0529,+0.062,results/e6_transfer.csv,"{""direction"": ""openml_to_kaggle"", ""model"": ""logistic_regression""}",auc_drop_lo,{:+.3f},docs/report_assets/tables/t09_transfer.md
N0530,+0.082,results/e6_transfer.csv,"{""direction"": ""openml_to_kaggle"", ""model"": ""logistic_regression""}",auc_drop_hi,{:+.3f},docs/report_assets/tables/t09_transfer.md
N0531,+0.057,results/e6_transfer.csv,"{""direction"": ""openml_to_kaggle"", ""model"": ""logistic_regression""}",ap_drop,{:+.3f},docs/report_assets/tables/t09_transfer.md
N0532,+0.046,results/e6_transfer.csv,"{""direction"": ""openml_to_kaggle"", ""model"": ""logistic_regression""}",ap_drop_lo,{:+.3f},docs/report_assets/tables/t09_transfer.md
N0533,+0.069,results/e6_transfer.csv,"{""direction"": ""openml_to_kaggle"", ""model"": ""logistic_regression""}",ap_drop_hi,{:+.3f},docs/report_assets/tables/t09_transfer.md
N0534,0.723,results/e6_transfer.csv,"{""direction"": ""openml_to_kaggle"", ""model"": ""hist_gradient_boosting""}",auc_within_target,{:.3f},docs/report_assets/tables/t09_transfer.md
N0535,0.715,results/e6_transfer.csv,"{""direction"": ""openml_to_kaggle"", ""model"": ""hist_gradient_boosting""}",auc_within_target_lo,{:.3f},docs/report_assets/tables/t09_transfer.md
N0536,0.730,results/e6_transfer.csv,"{""direction"": ""openml_to_kaggle"", ""model"": ""hist_gradient_boosting""}",auc_within_target_hi,{:.3f},docs/report_assets/tables/t09_transfer.md
N0537,0.608,results/e6_transfer.csv,"{""direction"": ""openml_to_kaggle"", ""model"": ""hist_gradient_boosting""}",auc_transfer,{:.3f},docs/report_assets/tables/t09_transfer.md
N0538,0.598,results/e6_transfer.csv,"{""direction"": ""openml_to_kaggle"", ""model"": ""hist_gradient_boosting""}",auc_transfer_lo,{:.3f},docs/report_assets/tables/t09_transfer.md
N0539,0.618,results/e6_transfer.csv,"{""direction"": ""openml_to_kaggle"", ""model"": ""hist_gradient_boosting""}",auc_transfer_hi,{:.3f},docs/report_assets/tables/t09_transfer.md
N0540,+0.114,results/e6_transfer.csv,"{""direction"": ""openml_to_kaggle"", ""model"": ""hist_gradient_boosting""}",auc_drop,{:+.3f},docs/report_assets/tables/t09_transfer.md
N0541,+0.104,results/e6_transfer.csv,"{""direction"": ""openml_to_kaggle"", ""model"": ""hist_gradient_boosting""}",auc_drop_lo,{:+.3f},docs/report_assets/tables/t09_transfer.md
N0542,+0.124,results/e6_transfer.csv,"{""direction"": ""openml_to_kaggle"", ""model"": ""hist_gradient_boosting""}",auc_drop_hi,{:+.3f},docs/report_assets/tables/t09_transfer.md
N0543,+0.064,results/e6_transfer.csv,"{""direction"": ""openml_to_kaggle"", ""model"": ""hist_gradient_boosting""}",ap_drop,{:+.3f},docs/report_assets/tables/t09_transfer.md
N0544,+0.052,results/e6_transfer.csv,"{""direction"": ""openml_to_kaggle"", ""model"": ""hist_gradient_boosting""}",ap_drop_lo,{:+.3f},docs/report_assets/tables/t09_transfer.md
N0545,+0.075,results/e6_transfer.csv,"{""direction"": ""openml_to_kaggle"", ""model"": ""hist_gradient_boosting""}",ap_drop_hi,{:+.3f},docs/report_assets/tables/t09_transfer.md
N0546,0.718,results/e7_imbalance.csv,"{""base_model"": ""logistic_regression"", ""strategy"": ""none""}",auc_roc,{:.3f},docs/report_assets/tables/t10_imbalance.md
N0547,0.710,results/e7_imbalance.csv,"{""base_model"": ""logistic_regression"", ""strategy"": ""none""}",auc_roc_lo,{:.3f},docs/report_assets/tables/t10_imbalance.md
N0548,0.726,results/e7_imbalance.csv,"{""base_model"": ""logistic_regression"", ""strategy"": ""none""}",auc_roc_hi,{:.3f},docs/report_assets/tables/t10_imbalance.md
N0549,0.316,results/e7_imbalance.csv,"{""base_model"": ""logistic_regression"", ""strategy"": ""none""}",avg_precision,{:.3f},docs/report_assets/tables/t10_imbalance.md
N0550,0.304,results/e7_imbalance.csv,"{""base_model"": ""logistic_regression"", ""strategy"": ""none""}",avg_precision_lo,{:.3f},docs/report_assets/tables/t10_imbalance.md
N0551,0.329,results/e7_imbalance.csv,"{""base_model"": ""logistic_regression"", ""strategy"": ""none""}",avg_precision_hi,{:.3f},docs/report_assets/tables/t10_imbalance.md
N0552,0.138,results/e7_imbalance.csv,"{""base_model"": ""logistic_regression"", ""strategy"": ""none""}",brier,{:.3f},docs/report_assets/tables/t10_imbalance.md
N0553,0.135,results/e7_imbalance.csv,"{""base_model"": ""logistic_regression"", ""strategy"": ""none""}",brier_lo,{:.3f},docs/report_assets/tables/t10_imbalance.md
N0554,0.141,results/e7_imbalance.csv,"{""base_model"": ""logistic_regression"", ""strategy"": ""none""}",brier_hi,{:.3f},docs/report_assets/tables/t10_imbalance.md
N0555,0.199,results/e7_imbalance.csv,"{""base_model"": ""logistic_regression"", ""strategy"": ""none""}",mean_predicted,{:.3f},docs/report_assets/tables/t10_imbalance.md
N0556,0.718,results/e7_imbalance.csv,"{""base_model"": ""logistic_regression"", ""strategy"": ""class_weights""}",auc_roc,{:.3f},docs/report_assets/tables/t10_imbalance.md
N0557,0.710,results/e7_imbalance.csv,"{""base_model"": ""logistic_regression"", ""strategy"": ""class_weights""}",auc_roc_lo,{:.3f},docs/report_assets/tables/t10_imbalance.md
N0558,0.726,results/e7_imbalance.csv,"{""base_model"": ""logistic_regression"", ""strategy"": ""class_weights""}",auc_roc_hi,{:.3f},docs/report_assets/tables/t10_imbalance.md
N0559,0.314,results/e7_imbalance.csv,"{""base_model"": ""logistic_regression"", ""strategy"": ""class_weights""}",avg_precision,{:.3f},docs/report_assets/tables/t10_imbalance.md
N0560,0.302,results/e7_imbalance.csv,"{""base_model"": ""logistic_regression"", ""strategy"": ""class_weights""}",avg_precision_lo,{:.3f},docs/report_assets/tables/t10_imbalance.md
N0561,0.327,results/e7_imbalance.csv,"{""base_model"": ""logistic_regression"", ""strategy"": ""class_weights""}",avg_precision_hi,{:.3f},docs/report_assets/tables/t10_imbalance.md
N0562,0.215,results/e7_imbalance.csv,"{""base_model"": ""logistic_regression"", ""strategy"": ""class_weights""}",brier,{:.3f},docs/report_assets/tables/t10_imbalance.md
N0563,0.212,results/e7_imbalance.csv,"{""base_model"": ""logistic_regression"", ""strategy"": ""class_weights""}",brier_lo,{:.3f},docs/report_assets/tables/t10_imbalance.md
N0564,0.217,results/e7_imbalance.csv,"{""base_model"": ""logistic_regression"", ""strategy"": ""class_weights""}",brier_hi,{:.3f},docs/report_assets/tables/t10_imbalance.md
N0565,0.442,results/e7_imbalance.csv,"{""base_model"": ""logistic_regression"", ""strategy"": ""class_weights""}",mean_predicted,{:.3f},docs/report_assets/tables/t10_imbalance.md
N0566,0.718,results/e7_imbalance.csv,"{""base_model"": ""logistic_regression"", ""strategy"": ""threshold_tuning""}",auc_roc,{:.3f},docs/report_assets/tables/t10_imbalance.md
N0567,0.710,results/e7_imbalance.csv,"{""base_model"": ""logistic_regression"", ""strategy"": ""threshold_tuning""}",auc_roc_lo,{:.3f},docs/report_assets/tables/t10_imbalance.md
N0568,0.726,results/e7_imbalance.csv,"{""base_model"": ""logistic_regression"", ""strategy"": ""threshold_tuning""}",auc_roc_hi,{:.3f},docs/report_assets/tables/t10_imbalance.md
N0569,0.316,results/e7_imbalance.csv,"{""base_model"": ""logistic_regression"", ""strategy"": ""threshold_tuning""}",avg_precision,{:.3f},docs/report_assets/tables/t10_imbalance.md
N0570,0.304,results/e7_imbalance.csv,"{""base_model"": ""logistic_regression"", ""strategy"": ""threshold_tuning""}",avg_precision_lo,{:.3f},docs/report_assets/tables/t10_imbalance.md
N0571,0.329,results/e7_imbalance.csv,"{""base_model"": ""logistic_regression"", ""strategy"": ""threshold_tuning""}",avg_precision_hi,{:.3f},docs/report_assets/tables/t10_imbalance.md
N0572,0.138,results/e7_imbalance.csv,"{""base_model"": ""logistic_regression"", ""strategy"": ""threshold_tuning""}",brier,{:.3f},docs/report_assets/tables/t10_imbalance.md
N0573,0.135,results/e7_imbalance.csv,"{""base_model"": ""logistic_regression"", ""strategy"": ""threshold_tuning""}",brier_lo,{:.3f},docs/report_assets/tables/t10_imbalance.md
N0574,0.141,results/e7_imbalance.csv,"{""base_model"": ""logistic_regression"", ""strategy"": ""threshold_tuning""}",brier_hi,{:.3f},docs/report_assets/tables/t10_imbalance.md
N0575,0.199,results/e7_imbalance.csv,"{""base_model"": ""logistic_regression"", ""strategy"": ""threshold_tuning""}",mean_predicted,{:.3f},docs/report_assets/tables/t10_imbalance.md
N0576,0.717,results/e7_imbalance.csv,"{""base_model"": ""logistic_regression"", ""strategy"": ""random_under_sampling""}",auc_roc,{:.3f},docs/report_assets/tables/t10_imbalance.md
N0577,0.709,results/e7_imbalance.csv,"{""base_model"": ""logistic_regression"", ""strategy"": ""random_under_sampling""}",auc_roc_lo,{:.3f},docs/report_assets/tables/t10_imbalance.md
N0578,0.726,results/e7_imbalance.csv,"{""base_model"": ""logistic_regression"", ""strategy"": ""random_under_sampling""}",auc_roc_hi,{:.3f},docs/report_assets/tables/t10_imbalance.md
N0579,0.313,results/e7_imbalance.csv,"{""base_model"": ""logistic_regression"", ""strategy"": ""random_under_sampling""}",avg_precision,{:.3f},docs/report_assets/tables/t10_imbalance.md
N0580,0.301,results/e7_imbalance.csv,"{""base_model"": ""logistic_regression"", ""strategy"": ""random_under_sampling""}",avg_precision_lo,{:.3f},docs/report_assets/tables/t10_imbalance.md
N0581,0.326,results/e7_imbalance.csv,"{""base_model"": ""logistic_regression"", ""strategy"": ""random_under_sampling""}",avg_precision_hi,{:.3f},docs/report_assets/tables/t10_imbalance.md
N0582,0.215,results/e7_imbalance.csv,"{""base_model"": ""logistic_regression"", ""strategy"": ""random_under_sampling""}",brier,{:.3f},docs/report_assets/tables/t10_imbalance.md
N0583,0.212,results/e7_imbalance.csv,"{""base_model"": ""logistic_regression"", ""strategy"": ""random_under_sampling""}",brier_lo,{:.3f},docs/report_assets/tables/t10_imbalance.md
N0584,0.217,results/e7_imbalance.csv,"{""base_model"": ""logistic_regression"", ""strategy"": ""random_under_sampling""}",brier_hi,{:.3f},docs/report_assets/tables/t10_imbalance.md
N0585,0.443,results/e7_imbalance.csv,"{""base_model"": ""logistic_regression"", ""strategy"": ""random_under_sampling""}",mean_predicted,{:.3f},docs/report_assets/tables/t10_imbalance.md
N0586,0.717,results/e7_imbalance.csv,"{""base_model"": ""logistic_regression"", ""strategy"": ""smote""}",auc_roc,{:.3f},docs/report_assets/tables/t10_imbalance.md
N0587,0.709,results/e7_imbalance.csv,"{""base_model"": ""logistic_regression"", ""strategy"": ""smote""}",auc_roc_lo,{:.3f},docs/report_assets/tables/t10_imbalance.md
N0588,0.725,results/e7_imbalance.csv,"{""base_model"": ""logistic_regression"", ""strategy"": ""smote""}",auc_roc_hi,{:.3f},docs/report_assets/tables/t10_imbalance.md
N0589,0.313,results/e7_imbalance.csv,"{""base_model"": ""logistic_regression"", ""strategy"": ""smote""}",avg_precision,{:.3f},docs/report_assets/tables/t10_imbalance.md
N0590,0.300,results/e7_imbalance.csv,"{""base_model"": ""logistic_regression"", ""strategy"": ""smote""}",avg_precision_lo,{:.3f},docs/report_assets/tables/t10_imbalance.md
N0591,0.325,results/e7_imbalance.csv,"{""base_model"": ""logistic_regression"", ""strategy"": ""smote""}",avg_precision_hi,{:.3f},docs/report_assets/tables/t10_imbalance.md
N0592,0.214,results/e7_imbalance.csv,"{""base_model"": ""logistic_regression"", ""strategy"": ""smote""}",brier,{:.3f},docs/report_assets/tables/t10_imbalance.md
N0593,0.211,results/e7_imbalance.csv,"{""base_model"": ""logistic_regression"", ""strategy"": ""smote""}",brier_lo,{:.3f},docs/report_assets/tables/t10_imbalance.md
N0594,0.216,results/e7_imbalance.csv,"{""base_model"": ""logistic_regression"", ""strategy"": ""smote""}",brier_hi,{:.3f},docs/report_assets/tables/t10_imbalance.md
N0595,0.439,results/e7_imbalance.csv,"{""base_model"": ""logistic_regression"", ""strategy"": ""smote""}",mean_predicted,{:.3f},docs/report_assets/tables/t10_imbalance.md
N0596,0.566,results/e7_imbalance.csv,"{""base_model"": ""logistic_regression"", ""strategy"": ""nearmiss""}",auc_roc,{:.3f},docs/report_assets/tables/t10_imbalance.md
N0597,0.556,results/e7_imbalance.csv,"{""base_model"": ""logistic_regression"", ""strategy"": ""nearmiss""}",auc_roc_lo,{:.3f},docs/report_assets/tables/t10_imbalance.md
N0598,0.577,results/e7_imbalance.csv,"{""base_model"": ""logistic_regression"", ""strategy"": ""nearmiss""}",auc_roc_hi,{:.3f},docs/report_assets/tables/t10_imbalance.md
N0599,0.203,results/e7_imbalance.csv,"{""base_model"": ""logistic_regression"", ""strategy"": ""nearmiss""}",avg_precision,{:.3f},docs/report_assets/tables/t10_imbalance.md
N0600,0.195,results/e7_imbalance.csv,"{""base_model"": ""logistic_regression"", ""strategy"": ""nearmiss""}",avg_precision_lo,{:.3f},docs/report_assets/tables/t10_imbalance.md
N0601,0.213,results/e7_imbalance.csv,"{""base_model"": ""logistic_regression"", ""strategy"": ""nearmiss""}",avg_precision_hi,{:.3f},docs/report_assets/tables/t10_imbalance.md
N0602,0.460,results/e7_imbalance.csv,"{""base_model"": ""logistic_regression"", ""strategy"": ""nearmiss""}",brier,{:.3f},docs/report_assets/tables/t10_imbalance.md
N0603,0.453,results/e7_imbalance.csv,"{""base_model"": ""logistic_regression"", ""strategy"": ""nearmiss""}",brier_lo,{:.3f},docs/report_assets/tables/t10_imbalance.md
N0604,0.466,results/e7_imbalance.csv,"{""base_model"": ""logistic_regression"", ""strategy"": ""nearmiss""}",brier_hi,{:.3f},docs/report_assets/tables/t10_imbalance.md
N0605,0.678,results/e7_imbalance.csv,"{""base_model"": ""logistic_regression"", ""strategy"": ""nearmiss""}",mean_predicted,{:.3f},docs/report_assets/tables/t10_imbalance.md
N0606,0.732,results/e7_imbalance.csv,"{""base_model"": ""hist_gradient_boosting"", ""strategy"": ""none""}",auc_roc,{:.3f},docs/report_assets/tables/t10_imbalance.md
N0607,0.724,results/e7_imbalance.csv,"{""base_model"": ""hist_gradient_boosting"", ""strategy"": ""none""}",auc_roc_lo,{:.3f},docs/report_assets/tables/t10_imbalance.md
N0608,0.740,results/e7_imbalance.csv,"{""base_model"": ""hist_gradient_boosting"", ""strategy"": ""none""}",auc_roc_hi,{:.3f},docs/report_assets/tables/t10_imbalance.md
N0609,0.339,results/e7_imbalance.csv,"{""base_model"": ""hist_gradient_boosting"", ""strategy"": ""none""}",avg_precision,{:.3f},docs/report_assets/tables/t10_imbalance.md
N0610,0.325,results/e7_imbalance.csv,"{""base_model"": ""hist_gradient_boosting"", ""strategy"": ""none""}",avg_precision_lo,{:.3f},docs/report_assets/tables/t10_imbalance.md
N0611,0.355,results/e7_imbalance.csv,"{""base_model"": ""hist_gradient_boosting"", ""strategy"": ""none""}",avg_precision_hi,{:.3f},docs/report_assets/tables/t10_imbalance.md
N0612,0.136,results/e7_imbalance.csv,"{""base_model"": ""hist_gradient_boosting"", ""strategy"": ""none""}",brier,{:.3f},docs/report_assets/tables/t10_imbalance.md
N0613,0.133,results/e7_imbalance.csv,"{""base_model"": ""hist_gradient_boosting"", ""strategy"": ""none""}",brier_lo,{:.3f},docs/report_assets/tables/t10_imbalance.md
N0614,0.138,results/e7_imbalance.csv,"{""base_model"": ""hist_gradient_boosting"", ""strategy"": ""none""}",brier_hi,{:.3f},docs/report_assets/tables/t10_imbalance.md
N0615,0.197,results/e7_imbalance.csv,"{""base_model"": ""hist_gradient_boosting"", ""strategy"": ""none""}",mean_predicted,{:.3f},docs/report_assets/tables/t10_imbalance.md
N0616,0.733,results/e7_imbalance.csv,"{""base_model"": ""hist_gradient_boosting"", ""strategy"": ""class_weights""}",auc_roc,{:.3f},docs/report_assets/tables/t10_imbalance.md
N0617,0.724,results/e7_imbalance.csv,"{""base_model"": ""hist_gradient_boosting"", ""strategy"": ""class_weights""}",auc_roc_lo,{:.3f},docs/report_assets/tables/t10_imbalance.md
N0618,0.741,results/e7_imbalance.csv,"{""base_model"": ""hist_gradient_boosting"", ""strategy"": ""class_weights""}",auc_roc_hi,{:.3f},docs/report_assets/tables/t10_imbalance.md
N0619,0.341,results/e7_imbalance.csv,"{""base_model"": ""hist_gradient_boosting"", ""strategy"": ""class_weights""}",avg_precision,{:.3f},docs/report_assets/tables/t10_imbalance.md
N0620,0.327,results/e7_imbalance.csv,"{""base_model"": ""hist_gradient_boosting"", ""strategy"": ""class_weights""}",avg_precision_lo,{:.3f},docs/report_assets/tables/t10_imbalance.md
N0621,0.356,results/e7_imbalance.csv,"{""base_model"": ""hist_gradient_boosting"", ""strategy"": ""class_weights""}",avg_precision_hi,{:.3f},docs/report_assets/tables/t10_imbalance.md
N0622,0.207,results/e7_imbalance.csv,"{""base_model"": ""hist_gradient_boosting"", ""strategy"": ""class_weights""}",brier,{:.3f},docs/report_assets/tables/t10_imbalance.md
N0623,0.204,results/e7_imbalance.csv,"{""base_model"": ""hist_gradient_boosting"", ""strategy"": ""class_weights""}",brier_lo,{:.3f},docs/report_assets/tables/t10_imbalance.md
N0624,0.209,results/e7_imbalance.csv,"{""base_model"": ""hist_gradient_boosting"", ""strategy"": ""class_weights""}",brier_hi,{:.3f},docs/report_assets/tables/t10_imbalance.md
N0625,0.432,results/e7_imbalance.csv,"{""base_model"": ""hist_gradient_boosting"", ""strategy"": ""class_weights""}",mean_predicted,{:.3f},docs/report_assets/tables/t10_imbalance.md
N0626,0.732,results/e7_imbalance.csv,"{""base_model"": ""hist_gradient_boosting"", ""strategy"": ""threshold_tuning""}",auc_roc,{:.3f},docs/report_assets/tables/t10_imbalance.md
N0627,0.724,results/e7_imbalance.csv,"{""base_model"": ""hist_gradient_boosting"", ""strategy"": ""threshold_tuning""}",auc_roc_lo,{:.3f},docs/report_assets/tables/t10_imbalance.md
N0628,0.740,results/e7_imbalance.csv,"{""base_model"": ""hist_gradient_boosting"", ""strategy"": ""threshold_tuning""}",auc_roc_hi,{:.3f},docs/report_assets/tables/t10_imbalance.md
N0629,0.339,results/e7_imbalance.csv,"{""base_model"": ""hist_gradient_boosting"", ""strategy"": ""threshold_tuning""}",avg_precision,{:.3f},docs/report_assets/tables/t10_imbalance.md
N0630,0.325,results/e7_imbalance.csv,"{""base_model"": ""hist_gradient_boosting"", ""strategy"": ""threshold_tuning""}",avg_precision_lo,{:.3f},docs/report_assets/tables/t10_imbalance.md
N0631,0.355,results/e7_imbalance.csv,"{""base_model"": ""hist_gradient_boosting"", ""strategy"": ""threshold_tuning""}",avg_precision_hi,{:.3f},docs/report_assets/tables/t10_imbalance.md
N0632,0.136,results/e7_imbalance.csv,"{""base_model"": ""hist_gradient_boosting"", ""strategy"": ""threshold_tuning""}",brier,{:.3f},docs/report_assets/tables/t10_imbalance.md
N0633,0.133,results/e7_imbalance.csv,"{""base_model"": ""hist_gradient_boosting"", ""strategy"": ""threshold_tuning""}",brier_lo,{:.3f},docs/report_assets/tables/t10_imbalance.md
N0634,0.138,results/e7_imbalance.csv,"{""base_model"": ""hist_gradient_boosting"", ""strategy"": ""threshold_tuning""}",brier_hi,{:.3f},docs/report_assets/tables/t10_imbalance.md
N0635,0.197,results/e7_imbalance.csv,"{""base_model"": ""hist_gradient_boosting"", ""strategy"": ""threshold_tuning""}",mean_predicted,{:.3f},docs/report_assets/tables/t10_imbalance.md
N0636,0.731,results/e7_imbalance.csv,"{""base_model"": ""hist_gradient_boosting"", ""strategy"": ""random_under_sampling""}",auc_roc,{:.3f},docs/report_assets/tables/t10_imbalance.md
N0637,0.723,results/e7_imbalance.csv,"{""base_model"": ""hist_gradient_boosting"", ""strategy"": ""random_under_sampling""}",auc_roc_lo,{:.3f},docs/report_assets/tables/t10_imbalance.md
N0638,0.739,results/e7_imbalance.csv,"{""base_model"": ""hist_gradient_boosting"", ""strategy"": ""random_under_sampling""}",auc_roc_hi,{:.3f},docs/report_assets/tables/t10_imbalance.md
N0639,0.338,results/e7_imbalance.csv,"{""base_model"": ""hist_gradient_boosting"", ""strategy"": ""random_under_sampling""}",avg_precision,{:.3f},docs/report_assets/tables/t10_imbalance.md
N0640,0.325,results/e7_imbalance.csv,"{""base_model"": ""hist_gradient_boosting"", ""strategy"": ""random_under_sampling""}",avg_precision_lo,{:.3f},docs/report_assets/tables/t10_imbalance.md
N0641,0.353,results/e7_imbalance.csv,"{""base_model"": ""hist_gradient_boosting"", ""strategy"": ""random_under_sampling""}",avg_precision_hi,{:.3f},docs/report_assets/tables/t10_imbalance.md
N0642,0.210,results/e7_imbalance.csv,"{""base_model"": ""hist_gradient_boosting"", ""strategy"": ""random_under_sampling""}",brier,{:.3f},docs/report_assets/tables/t10_imbalance.md
N0643,0.208,results/e7_imbalance.csv,"{""base_model"": ""hist_gradient_boosting"", ""strategy"": ""random_under_sampling""}",brier_lo,{:.3f},docs/report_assets/tables/t10_imbalance.md
N0644,0.213,results/e7_imbalance.csv,"{""base_model"": ""hist_gradient_boosting"", ""strategy"": ""random_under_sampling""}",brier_hi,{:.3f},docs/report_assets/tables/t10_imbalance.md
N0645,0.438,results/e7_imbalance.csv,"{""base_model"": ""hist_gradient_boosting"", ""strategy"": ""random_under_sampling""}",mean_predicted,{:.3f},docs/report_assets/tables/t10_imbalance.md
N0646,0.720,results/e7_imbalance.csv,"{""base_model"": ""hist_gradient_boosting"", ""strategy"": ""smote""}",auc_roc,{:.3f},docs/report_assets/tables/t10_imbalance.md
N0647,0.712,results/e7_imbalance.csv,"{""base_model"": ""hist_gradient_boosting"", ""strategy"": ""smote""}",auc_roc_lo,{:.3f},docs/report_assets/tables/t10_imbalance.md
N0648,0.727,results/e7_imbalance.csv,"{""base_model"": ""hist_gradient_boosting"", ""strategy"": ""smote""}",auc_roc_hi,{:.3f},docs/report_assets/tables/t10_imbalance.md
N0649,0.320,results/e7_imbalance.csv,"{""base_model"": ""hist_gradient_boosting"", ""strategy"": ""smote""}",avg_precision,{:.3f},docs/report_assets/tables/t10_imbalance.md
N0650,0.306,results/e7_imbalance.csv,"{""base_model"": ""hist_gradient_boosting"", ""strategy"": ""smote""}",avg_precision_lo,{:.3f},docs/report_assets/tables/t10_imbalance.md
N0651,0.333,results/e7_imbalance.csv,"{""base_model"": ""hist_gradient_boosting"", ""strategy"": ""smote""}",avg_precision_hi,{:.3f},docs/report_assets/tables/t10_imbalance.md
N0652,0.156,results/e7_imbalance.csv,"{""base_model"": ""hist_gradient_boosting"", ""strategy"": ""smote""}",brier,{:.3f},docs/report_assets/tables/t10_imbalance.md
N0653,0.154,results/e7_imbalance.csv,"{""base_model"": ""hist_gradient_boosting"", ""strategy"": ""smote""}",brier_lo,{:.3f},docs/report_assets/tables/t10_imbalance.md
N0654,0.158,results/e7_imbalance.csv,"{""base_model"": ""hist_gradient_boosting"", ""strategy"": ""smote""}",brier_hi,{:.3f},docs/report_assets/tables/t10_imbalance.md
N0655,0.307,results/e7_imbalance.csv,"{""base_model"": ""hist_gradient_boosting"", ""strategy"": ""smote""}",mean_predicted,{:.3f},docs/report_assets/tables/t10_imbalance.md
N0656,0.635,results/e7_imbalance.csv,"{""base_model"": ""hist_gradient_boosting"", ""strategy"": ""nearmiss""}",auc_roc,{:.3f},docs/report_assets/tables/t10_imbalance.md
N0657,0.626,results/e7_imbalance.csv,"{""base_model"": ""hist_gradient_boosting"", ""strategy"": ""nearmiss""}",auc_roc_lo,{:.3f},docs/report_assets/tables/t10_imbalance.md
N0658,0.645,results/e7_imbalance.csv,"{""base_model"": ""hist_gradient_boosting"", ""strategy"": ""nearmiss""}",auc_roc_hi,{:.3f},docs/report_assets/tables/t10_imbalance.md
N0659,0.247,results/e7_imbalance.csv,"{""base_model"": ""hist_gradient_boosting"", ""strategy"": ""nearmiss""}",avg_precision,{:.3f},docs/report_assets/tables/t10_imbalance.md
N0660,0.237,results/e7_imbalance.csv,"{""base_model"": ""hist_gradient_boosting"", ""strategy"": ""nearmiss""}",avg_precision_lo,{:.3f},docs/report_assets/tables/t10_imbalance.md
N0661,0.259,results/e7_imbalance.csv,"{""base_model"": ""hist_gradient_boosting"", ""strategy"": ""nearmiss""}",avg_precision_hi,{:.3f},docs/report_assets/tables/t10_imbalance.md
N0662,0.429,results/e7_imbalance.csv,"{""base_model"": ""hist_gradient_boosting"", ""strategy"": ""nearmiss""}",brier,{:.3f},docs/report_assets/tables/t10_imbalance.md
N0663,0.423,results/e7_imbalance.csv,"{""base_model"": ""hist_gradient_boosting"", ""strategy"": ""nearmiss""}",brier_lo,{:.3f},docs/report_assets/tables/t10_imbalance.md
N0664,0.435,results/e7_imbalance.csv,"{""base_model"": ""hist_gradient_boosting"", ""strategy"": ""nearmiss""}",brier_hi,{:.3f},docs/report_assets/tables/t10_imbalance.md
N0665,0.660,results/e7_imbalance.csv,"{""base_model"": ""hist_gradient_boosting"", ""strategy"": ""nearmiss""}",mean_predicted,{:.3f},docs/report_assets/tables/t10_imbalance.md
N0666,0.185,results/e7_imbalance.csv,"{""base_model"": ""logistic_regression"", ""strategy"": ""none""}",prevalence,{:.3f},docs/report_assets/tables/t10_imbalance.md
N0667,0.14476,results/e8_calibration.csv,"{""method"": ""uncalibrated"", ""stage"": ""grouped_cv""}",brier_cv,{:.5f},docs/report_assets/tables/t11_calibration.md
N0668,0.0021,results/e8_calibration.csv,"{""method"": ""uncalibrated"", ""stage"": ""grouped_cv""}",ece_cv,{:.4f},docs/report_assets/tables/t11_calibration.md
N0669,0.7373,results/e8_calibration.csv,"{""method"": ""uncalibrated"", ""stage"": ""grouped_cv""}",auc_cv,{:.4f},docs/report_assets/tables/t11_calibration.md
N0670,0.14476,results/e8_calibration.csv,"{""method"": ""sigmoid"", ""stage"": ""grouped_cv""}",brier_cv,{:.5f},docs/report_assets/tables/t11_calibration.md
N0671,0.0018,results/e8_calibration.csv,"{""method"": ""sigmoid"", ""stage"": ""grouped_cv""}",ece_cv,{:.4f},docs/report_assets/tables/t11_calibration.md
N0672,0.7375,results/e8_calibration.csv,"{""method"": ""sigmoid"", ""stage"": ""grouped_cv""}",auc_cv,{:.4f},docs/report_assets/tables/t11_calibration.md
N0673,0.14482,results/e8_calibration.csv,"{""method"": ""isotonic"", ""stage"": ""grouped_cv""}",brier_cv,{:.5f},docs/report_assets/tables/t11_calibration.md
N0674,0.0024,results/e8_calibration.csv,"{""method"": ""isotonic"", ""stage"": ""grouped_cv""}",ece_cv,{:.4f},docs/report_assets/tables/t11_calibration.md
N0675,0.7373,results/e8_calibration.csv,"{""method"": ""isotonic"", ""stage"": ""grouped_cv""}",auc_cv,{:.4f},docs/report_assets/tables/t11_calibration.md
N0676,0.1357,results/e8_calibration.csv,"{""method"": ""uncalibrated"", ""stage"": ""holdout""}",brier,{:.4f},docs/report_assets/tables/t11_calibration.md
N0677,0.1328,results/e8_calibration.csv,"{""method"": ""uncalibrated"", ""stage"": ""holdout""}",brier_lo,{:.4f},docs/report_assets/tables/t11_calibration.md
N0678,0.1385,results/e8_calibration.csv,"{""method"": ""uncalibrated"", ""stage"": ""holdout""}",brier_hi,{:.4f},docs/report_assets/tables/t11_calibration.md
N0679,0.0124,results/e8_calibration.csv,"{""method"": ""uncalibrated"", ""stage"": ""holdout""}",ece,{:.4f},docs/report_assets/tables/t11_calibration.md
N0680,0.7321,results/e8_calibration.csv,"{""method"": ""uncalibrated"", ""stage"": ""holdout""}",auc_roc,{:.4f},docs/report_assets/tables/t11_calibration.md
N0681,0.7237,results/e8_calibration.csv,"{""method"": ""uncalibrated"", ""stage"": ""holdout""}",auc_roc_lo,{:.4f},docs/report_assets/tables/t11_calibration.md
N0682,0.7401,results/e8_calibration.csv,"{""method"": ""uncalibrated"", ""stage"": ""holdout""}",auc_roc_hi,{:.4f},docs/report_assets/tables/t11_calibration.md
N0683,0.727,results/e9_deployable.csv,"{""model"": ""deployable"", ""stage"": ""holdout""}",auc_roc,{:.3f},docs/report_assets/tables/t12_deployable.md
N0684,0.719,results/e9_deployable.csv,"{""model"": ""deployable"", ""stage"": ""holdout""}",auc_roc_lo,{:.3f},docs/report_assets/tables/t12_deployable.md
N0685,0.735,results/e9_deployable.csv,"{""model"": ""deployable"", ""stage"": ""holdout""}",auc_roc_hi,{:.3f},docs/report_assets/tables/t12_deployable.md
N0686,0.330,results/e9_deployable.csv,"{""model"": ""deployable"", ""stage"": ""holdout""}",avg_precision,{:.3f},docs/report_assets/tables/t12_deployable.md
N0687,0.316,results/e9_deployable.csv,"{""model"": ""deployable"", ""stage"": ""holdout""}",avg_precision_lo,{:.3f},docs/report_assets/tables/t12_deployable.md
N0688,0.345,results/e9_deployable.csv,"{""model"": ""deployable"", ""stage"": ""holdout""}",avg_precision_hi,{:.3f},docs/report_assets/tables/t12_deployable.md
N0689,0.137,results/e9_deployable.csv,"{""model"": ""deployable"", ""stage"": ""holdout""}",brier,{:.3f},docs/report_assets/tables/t12_deployable.md
N0690,0.134,results/e9_deployable.csv,"{""model"": ""deployable"", ""stage"": ""holdout""}",brier_lo,{:.3f},docs/report_assets/tables/t12_deployable.md
N0691,0.139,results/e9_deployable.csv,"{""model"": ""deployable"", ""stage"": ""holdout""}",brier_hi,{:.3f},docs/report_assets/tables/t12_deployable.md
N0692,0.062,results/e9_deployable.csv,"{""model"": ""deployable"", ""stage"": ""holdout""}",sens_at_prec_40,{:.3f},docs/report_assets/tables/t12_deployable.md
N0693,0.016,results/e9_deployable.csv,"{""model"": ""deployable"", ""stage"": ""holdout""}",sens_at_prec_40_lo,{:.3f},docs/report_assets/tables/t12_deployable.md
N0694,0.189,results/e9_deployable.csv,"{""model"": ""deployable"", ""stage"": ""holdout""}",sens_at_prec_40_hi,{:.3f},docs/report_assets/tables/t12_deployable.md
N0695,-0.005,results/e9_deployable.csv,"{""model"": ""deployable"", ""stage"": ""holdout""}",delta_auc_roc_vs_research,{:+.3f},docs/report_assets/tables/t12_deployable.md
N0696,-0.009,results/e9_deployable.csv,"{""model"": ""deployable"", ""stage"": ""holdout""}",delta_auc_roc_vs_research_lo,{:+.3f},docs/report_assets/tables/t12_deployable.md
N0697,-0.002,results/e9_deployable.csv,"{""model"": ""deployable"", ""stage"": ""holdout""}",delta_auc_roc_vs_research_hi,{:+.3f},docs/report_assets/tables/t12_deployable.md
N0698,0.732,results/e9_deployable.csv,"{""model"": ""research_all_features"", ""stage"": ""holdout""}",auc_roc,{:.3f},docs/report_assets/tables/t12_deployable.md
N0699,0.724,results/e9_deployable.csv,"{""model"": ""research_all_features"", ""stage"": ""holdout""}",auc_roc_lo,{:.3f},docs/report_assets/tables/t12_deployable.md
N0700,0.740,results/e9_deployable.csv,"{""model"": ""research_all_features"", ""stage"": ""holdout""}",auc_roc_hi,{:.3f},docs/report_assets/tables/t12_deployable.md
N0701,0.339,results/e9_deployable.csv,"{""model"": ""research_all_features"", ""stage"": ""holdout""}",avg_precision,{:.3f},docs/report_assets/tables/t12_deployable.md
N0702,0.325,results/e9_deployable.csv,"{""model"": ""research_all_features"", ""stage"": ""holdout""}",avg_precision_lo,{:.3f},docs/report_assets/tables/t12_deployable.md
N0703,0.355,results/e9_deployable.csv,"{""model"": ""research_all_features"", ""stage"": ""holdout""}",avg_precision_hi,{:.3f},docs/report_assets/tables/t12_deployable.md
N0704,0.136,results/e9_deployable.csv,"{""model"": ""research_all_features"", ""stage"": ""holdout""}",brier,{:.3f},docs/report_assets/tables/t12_deployable.md
N0705,0.133,results/e9_deployable.csv,"{""model"": ""research_all_features"", ""stage"": ""holdout""}",brier_lo,{:.3f},docs/report_assets/tables/t12_deployable.md
N0706,0.138,results/e9_deployable.csv,"{""model"": ""research_all_features"", ""stage"": ""holdout""}",brier_hi,{:.3f},docs/report_assets/tables/t12_deployable.md
N0707,0.118,results/e9_deployable.csv,"{""model"": ""research_all_features"", ""stage"": ""holdout""}",sens_at_prec_40,{:.3f},docs/report_assets/tables/t12_deployable.md
N0708,0.051,results/e9_deployable.csv,"{""model"": ""research_all_features"", ""stage"": ""holdout""}",sens_at_prec_40_lo,{:.3f},docs/report_assets/tables/t12_deployable.md
N0709,0.233,results/e9_deployable.csv,"{""model"": ""research_all_features"", ""stage"": ""holdout""}",sens_at_prec_40_hi,{:.3f},docs/report_assets/tables/t12_deployable.md
N0710,0.200,results/e10_thresholds.csv,"{""kind"": ""fixed"", ""label"": ""0.20""}",threshold,{:.3f},docs/report_assets/tables/t13_thresholds.md
N0711,55.9%,results/e10_thresholds.csv,"{""kind"": ""fixed"", ""label"": ""0.20""}",share_flagged,{:.1%},docs/report_assets/tables/t13_thresholds.md
N0712,55.2%,results/e10_thresholds.csv,"{""kind"": ""fixed"", ""label"": ""0.20""}",share_flagged_lo,{:.1%},docs/report_assets/tables/t13_thresholds.md
N0713,56.6%,results/e10_thresholds.csv,"{""kind"": ""fixed"", ""label"": ""0.20""}",share_flagged_hi,{:.1%},docs/report_assets/tables/t13_thresholds.md
N0714,27.9%,results/e10_thresholds.csv,"{""kind"": ""fixed"", ""label"": ""0.20""}",precision,{:.1%},docs/report_assets/tables/t13_thresholds.md
N0715,27.1%,results/e10_thresholds.csv,"{""kind"": ""fixed"", ""label"": ""0.20""}",precision_lo,{:.1%},docs/report_assets/tables/t13_thresholds.md
N0716,28.7%,results/e10_thresholds.csv,"{""kind"": ""fixed"", ""label"": ""0.20""}",precision_hi,{:.1%},docs/report_assets/tables/t13_thresholds.md
N0717,84.3%,results/e10_thresholds.csv,"{""kind"": ""fixed"", ""label"": ""0.20""}",sensitivity,{:.1%},docs/report_assets/tables/t13_thresholds.md
N0718,83.1%,results/e10_thresholds.csv,"{""kind"": ""fixed"", ""label"": ""0.20""}",sensitivity_lo,{:.1%},docs/report_assets/tables/t13_thresholds.md
N0719,85.4%,results/e10_thresholds.csv,"{""kind"": ""fixed"", ""label"": ""0.20""}",sensitivity_hi,{:.1%},docs/report_assets/tables/t13_thresholds.md
N0720,0.250,results/e10_thresholds.csv,"{""kind"": ""fixed"", ""label"": ""0.25""}",threshold,{:.3f},docs/report_assets/tables/t13_thresholds.md
N0721,40.3%,results/e10_thresholds.csv,"{""kind"": ""fixed"", ""label"": ""0.25""}",share_flagged,{:.1%},docs/report_assets/tables/t13_thresholds.md
N0722,39.5%,results/e10_thresholds.csv,"{""kind"": ""fixed"", ""label"": ""0.25""}",share_flagged_lo,{:.1%},docs/report_assets/tables/t13_thresholds.md
N0723,41.0%,results/e10_thresholds.csv,"{""kind"": ""fixed"", ""label"": ""0.25""}",share_flagged_hi,{:.1%},docs/report_assets/tables/t13_thresholds.md
N0724,30.6%,results/e10_thresholds.csv,"{""kind"": ""fixed"", ""label"": ""0.25""}",precision,{:.1%},docs/report_assets/tables/t13_thresholds.md
N0725,29.6%,results/e10_thresholds.csv,"{""kind"": ""fixed"", ""label"": ""0.25""}",precision_lo,{:.1%},docs/report_assets/tables/t13_thresholds.md
N0726,31.6%,results/e10_thresholds.csv,"{""kind"": ""fixed"", ""label"": ""0.25""}",precision_hi,{:.1%},docs/report_assets/tables/t13_thresholds.md
N0727,66.6%,results/e10_thresholds.csv,"{""kind"": ""fixed"", ""label"": ""0.25""}",sensitivity,{:.1%},docs/report_assets/tables/t13_thresholds.md
N0728,65.0%,results/e10_thresholds.csv,"{""kind"": ""fixed"", ""label"": ""0.25""}",sensitivity_lo,{:.1%},docs/report_assets/tables/t13_thresholds.md
N0729,68.1%,results/e10_thresholds.csv,"{""kind"": ""fixed"", ""label"": ""0.25""}",sensitivity_hi,{:.1%},docs/report_assets/tables/t13_thresholds.md
N0730,0.300,results/e10_thresholds.csv,"{""kind"": ""fixed"", ""label"": ""0.30""}",threshold,{:.3f},docs/report_assets/tables/t13_thresholds.md
N0731,27.2%,results/e10_thresholds.csv,"{""kind"": ""fixed"", ""label"": ""0.30""}",share_flagged,{:.1%},docs/report_assets/tables/t13_thresholds.md
N0732,26.6%,results/e10_thresholds.csv,"{""kind"": ""fixed"", ""label"": ""0.30""}",share_flagged_lo,{:.1%},docs/report_assets/tables/t13_thresholds.md
N0733,27.9%,results/e10_thresholds.csv,"{""kind"": ""fixed"", ""label"": ""0.30""}",share_flagged_hi,{:.1%},docs/report_assets/tables/t13_thresholds.md
N0734,32.6%,results/e10_thresholds.csv,"{""kind"": ""fixed"", ""label"": ""0.30""}",precision,{:.1%},docs/report_assets/tables/t13_thresholds.md
N0735,31.5%,results/e10_thresholds.csv,"{""kind"": ""fixed"", ""label"": ""0.30""}",precision_lo,{:.1%},docs/report_assets/tables/t13_thresholds.md
N0736,33.9%,results/e10_thresholds.csv,"{""kind"": ""fixed"", ""label"": ""0.30""}",precision_hi,{:.1%},docs/report_assets/tables/t13_thresholds.md
N0737,48.0%,results/e10_thresholds.csv,"{""kind"": ""fixed"", ""label"": ""0.30""}",sensitivity,{:.1%},docs/report_assets/tables/t13_thresholds.md
N0738,46.4%,results/e10_thresholds.csv,"{""kind"": ""fixed"", ""label"": ""0.30""}",sensitivity_lo,{:.1%},docs/report_assets/tables/t13_thresholds.md
N0739,49.7%,results/e10_thresholds.csv,"{""kind"": ""fixed"", ""label"": ""0.30""}",sensitivity_hi,{:.1%},docs/report_assets/tables/t13_thresholds.md
N0740,0.350,results/e10_thresholds.csv,"{""kind"": ""fixed"", ""label"": ""0.35""}",threshold,{:.3f},docs/report_assets/tables/t13_thresholds.md
N0741,16.6%,results/e10_thresholds.csv,"{""kind"": ""fixed"", ""label"": ""0.35""}",share_flagged,{:.1%},docs/report_assets/tables/t13_thresholds.md
N0742,16.1%,results/e10_thresholds.csv,"{""kind"": ""fixed"", ""label"": ""0.35""}",share_flagged_lo,{:.1%},docs/report_assets/tables/t13_thresholds.md
N0743,17.2%,results/e10_thresholds.csv,"{""kind"": ""fixed"", ""label"": ""0.35""}",share_flagged_hi,{:.1%},docs/report_assets/tables/t13_thresholds.md
N0744,35.0%,results/e10_thresholds.csv,"{""kind"": ""fixed"", ""label"": ""0.35""}",precision,{:.1%},docs/report_assets/tables/t13_thresholds.md
N0745,33.5%,results/e10_thresholds.csv,"{""kind"": ""fixed"", ""label"": ""0.35""}",precision_lo,{:.1%},docs/report_assets/tables/t13_thresholds.md
N0746,36.6%,results/e10_thresholds.csv,"{""kind"": ""fixed"", ""label"": ""0.35""}",precision_hi,{:.1%},docs/report_assets/tables/t13_thresholds.md
N0747,31.5%,results/e10_thresholds.csv,"{""kind"": ""fixed"", ""label"": ""0.35""}",sensitivity,{:.1%},docs/report_assets/tables/t13_thresholds.md
N0748,30.0%,results/e10_thresholds.csv,"{""kind"": ""fixed"", ""label"": ""0.35""}",sensitivity_lo,{:.1%},docs/report_assets/tables/t13_thresholds.md
N0749,33.0%,results/e10_thresholds.csv,"{""kind"": ""fixed"", ""label"": ""0.35""}",sensitivity_hi,{:.1%},docs/report_assets/tables/t13_thresholds.md
N0750,0.400,results/e10_thresholds.csv,"{""kind"": ""fixed"", ""label"": ""0.40""}",threshold,{:.3f},docs/report_assets/tables/t13_thresholds.md
N0751,6.4%,results/e10_thresholds.csv,"{""kind"": ""fixed"", ""label"": ""0.40""}",share_flagged,{:.1%},docs/report_assets/tables/t13_thresholds.md
N0752,6.1%,results/e10_thresholds.csv,"{""kind"": ""fixed"", ""label"": ""0.40""}",share_flagged_lo,{:.1%},docs/report_assets/tables/t13_thresholds.md
N0753,6.8%,results/e10_thresholds.csv,"{""kind"": ""fixed"", ""label"": ""0.40""}",share_flagged_hi,{:.1%},docs/report_assets/tables/t13_thresholds.md
N0754,36.4%,results/e10_thresholds.csv,"{""kind"": ""fixed"", ""label"": ""0.40""}",precision,{:.1%},docs/report_assets/tables/t13_thresholds.md
N0755,33.6%,results/e10_thresholds.csv,"{""kind"": ""fixed"", ""label"": ""0.40""}",precision_lo,{:.1%},docs/report_assets/tables/t13_thresholds.md
N0756,39.0%,results/e10_thresholds.csv,"{""kind"": ""fixed"", ""label"": ""0.40""}",precision_hi,{:.1%},docs/report_assets/tables/t13_thresholds.md
N0757,12.6%,results/e10_thresholds.csv,"{""kind"": ""fixed"", ""label"": ""0.40""}",sensitivity,{:.1%},docs/report_assets/tables/t13_thresholds.md
N0758,11.5%,results/e10_thresholds.csv,"{""kind"": ""fixed"", ""label"": ""0.40""}",sensitivity_lo,{:.1%},docs/report_assets/tables/t13_thresholds.md
N0759,13.7%,results/e10_thresholds.csv,"{""kind"": ""fixed"", ""label"": ""0.40""}",sensitivity_hi,{:.1%},docs/report_assets/tables/t13_thresholds.md
N0760,0.450,results/e10_thresholds.csv,"{""kind"": ""fixed"", ""label"": ""0.45""}",threshold,{:.3f},docs/report_assets/tables/t13_thresholds.md
N0761,1.6%,results/e10_thresholds.csv,"{""kind"": ""fixed"", ""label"": ""0.45""}",share_flagged,{:.1%},docs/report_assets/tables/t13_thresholds.md
N0762,1.4%,results/e10_thresholds.csv,"{""kind"": ""fixed"", ""label"": ""0.45""}",share_flagged_lo,{:.1%},docs/report_assets/tables/t13_thresholds.md
N0763,1.8%,results/e10_thresholds.csv,"{""kind"": ""fixed"", ""label"": ""0.45""}",share_flagged_hi,{:.1%},docs/report_assets/tables/t13_thresholds.md
N0764,43.0%,results/e10_thresholds.csv,"{""kind"": ""fixed"", ""label"": ""0.45""}",precision,{:.1%},docs/report_assets/tables/t13_thresholds.md
N0765,37.5%,results/e10_thresholds.csv,"{""kind"": ""fixed"", ""label"": ""0.45""}",precision_lo,{:.1%},docs/report_assets/tables/t13_thresholds.md
N0766,49.1%,results/e10_thresholds.csv,"{""kind"": ""fixed"", ""label"": ""0.45""}",precision_hi,{:.1%},docs/report_assets/tables/t13_thresholds.md
N0767,3.7%,results/e10_thresholds.csv,"{""kind"": ""fixed"", ""label"": ""0.45""}",sensitivity,{:.1%},docs/report_assets/tables/t13_thresholds.md
N0768,3.1%,results/e10_thresholds.csv,"{""kind"": ""fixed"", ""label"": ""0.45""}",sensitivity_lo,{:.1%},docs/report_assets/tables/t13_thresholds.md
N0769,4.4%,results/e10_thresholds.csv,"{""kind"": ""fixed"", ""label"": ""0.45""}",sensitivity_hi,{:.1%},docs/report_assets/tables/t13_thresholds.md
N0770,0.500,results/e10_thresholds.csv,"{""kind"": ""fixed"", ""label"": ""0.50""}",threshold,{:.3f},docs/report_assets/tables/t13_thresholds.md
N0771,0.5%,results/e10_thresholds.csv,"{""kind"": ""fixed"", ""label"": ""0.50""}",share_flagged,{:.1%},docs/report_assets/tables/t13_thresholds.md
N0772,0.4%,results/e10_thresholds.csv,"{""kind"": ""fixed"", ""label"": ""0.50""}",share_flagged_lo,{:.1%},docs/report_assets/tables/t13_thresholds.md
N0773,0.6%,results/e10_thresholds.csv,"{""kind"": ""fixed"", ""label"": ""0.50""}",share_flagged_hi,{:.1%},docs/report_assets/tables/t13_thresholds.md
N0774,52.3%,results/e10_thresholds.csv,"{""kind"": ""fixed"", ""label"": ""0.50""}",precision,{:.1%},docs/report_assets/tables/t13_thresholds.md
N0775,41.7%,results/e10_thresholds.csv,"{""kind"": ""fixed"", ""label"": ""0.50""}",precision_lo,{:.1%},docs/report_assets/tables/t13_thresholds.md
N0776,63.4%,results/e10_thresholds.csv,"{""kind"": ""fixed"", ""label"": ""0.50""}",precision_hi,{:.1%},docs/report_assets/tables/t13_thresholds.md
N0777,1.4%,results/e10_thresholds.csv,"{""kind"": ""fixed"", ""label"": ""0.50""}",sensitivity,{:.1%},docs/report_assets/tables/t13_thresholds.md
N0778,1.0%,results/e10_thresholds.csv,"{""kind"": ""fixed"", ""label"": ""0.50""}",sensitivity_lo,{:.1%},docs/report_assets/tables/t13_thresholds.md
N0779,1.9%,results/e10_thresholds.csv,"{""kind"": ""fixed"", ""label"": ""0.50""}",sensitivity_hi,{:.1%},docs/report_assets/tables/t13_thresholds.md
N0780,0.550,results/e10_thresholds.csv,"{""kind"": ""fixed"", ""label"": ""0.55""}",threshold,{:.3f},docs/report_assets/tables/t13_thresholds.md
N0781,0.3%,results/e10_thresholds.csv,"{""kind"": ""fixed"", ""label"": ""0.55""}",share_flagged,{:.1%},docs/report_assets/tables/t13_thresholds.md
N0782,0.2%,results/e10_thresholds.csv,"{""kind"": ""fixed"", ""label"": ""0.55""}",share_flagged_lo,{:.1%},docs/report_assets/tables/t13_thresholds.md
N0783,0.4%,results/e10_thresholds.csv,"{""kind"": ""fixed"", ""label"": ""0.55""}",share_flagged_hi,{:.1%},docs/report_assets/tables/t13_thresholds.md
N0784,61.5%,results/e10_thresholds.csv,"{""kind"": ""fixed"", ""label"": ""0.55""}",precision,{:.1%},docs/report_assets/tables/t13_thresholds.md
N0785,46.6%,results/e10_thresholds.csv,"{""kind"": ""fixed"", ""label"": ""0.55""}",precision_lo,{:.1%},docs/report_assets/tables/t13_thresholds.md
N0786,75.0%,results/e10_thresholds.csv,"{""kind"": ""fixed"", ""label"": ""0.55""}",precision_hi,{:.1%},docs/report_assets/tables/t13_thresholds.md
N0787,1.0%,results/e10_thresholds.csv,"{""kind"": ""fixed"", ""label"": ""0.55""}",sensitivity,{:.1%},docs/report_assets/tables/t13_thresholds.md
N0788,0.6%,results/e10_thresholds.csv,"{""kind"": ""fixed"", ""label"": ""0.55""}",sensitivity_lo,{:.1%},docs/report_assets/tables/t13_thresholds.md
N0789,1.4%,results/e10_thresholds.csv,"{""kind"": ""fixed"", ""label"": ""0.55""}",sensitivity_hi,{:.1%},docs/report_assets/tables/t13_thresholds.md
N0790,0.600,results/e10_thresholds.csv,"{""kind"": ""fixed"", ""label"": ""0.60""}",threshold,{:.3f},docs/report_assets/tables/t13_thresholds.md
N0791,0.2%,results/e10_thresholds.csv,"{""kind"": ""fixed"", ""label"": ""0.60""}",share_flagged,{:.1%},docs/report_assets/tables/t13_thresholds.md
N0792,0.1%,results/e10_thresholds.csv,"{""kind"": ""fixed"", ""label"": ""0.60""}",share_flagged_lo,{:.1%},docs/report_assets/tables/t13_thresholds.md
N0793,0.3%,results/e10_thresholds.csv,"{""kind"": ""fixed"", ""label"": ""0.60""}",share_flagged_hi,{:.1%},docs/report_assets/tables/t13_thresholds.md
N0794,69.6%,results/e10_thresholds.csv,"{""kind"": ""fixed"", ""label"": ""0.60""}",precision,{:.1%},docs/report_assets/tables/t13_thresholds.md
N0795,52.1%,results/e10_thresholds.csv,"{""kind"": ""fixed"", ""label"": ""0.60""}",precision_lo,{:.1%},docs/report_assets/tables/t13_thresholds.md
N0796,86.4%,results/e10_thresholds.csv,"{""kind"": ""fixed"", ""label"": ""0.60""}",precision_hi,{:.1%},docs/report_assets/tables/t13_thresholds.md
N0797,0.8%,results/e10_thresholds.csv,"{""kind"": ""fixed"", ""label"": ""0.60""}",sensitivity,{:.1%},docs/report_assets/tables/t13_thresholds.md
N0798,0.5%,results/e10_thresholds.csv,"{""kind"": ""fixed"", ""label"": ""0.60""}",sensitivity_lo,{:.1%},docs/report_assets/tables/t13_thresholds.md
N0799,1.2%,results/e10_thresholds.csv,"{""kind"": ""fixed"", ""label"": ""0.60""}",sensitivity_hi,{:.1%},docs/report_assets/tables/t13_thresholds.md
N0800,0.650,results/e10_thresholds.csv,"{""kind"": ""fixed"", ""label"": ""0.65""}",threshold,{:.3f},docs/report_assets/tables/t13_thresholds.md
N0801,0.2%,results/e10_thresholds.csv,"{""kind"": ""fixed"", ""label"": ""0.65""}",share_flagged,{:.1%},docs/report_assets/tables/t13_thresholds.md
N0802,0.1%,results/e10_thresholds.csv,"{""kind"": ""fixed"", ""label"": ""0.65""}",share_flagged_lo,{:.1%},docs/report_assets/tables/t13_thresholds.md
N0803,0.3%,results/e10_thresholds.csv,"{""kind"": ""fixed"", ""label"": ""0.65""}",share_flagged_hi,{:.1%},docs/report_assets/tables/t13_thresholds.md
N0804,70.7%,results/e10_thresholds.csv,"{""kind"": ""fixed"", ""label"": ""0.65""}",precision,{:.1%},docs/report_assets/tables/t13_thresholds.md
N0805,52.0%,results/e10_thresholds.csv,"{""kind"": ""fixed"", ""label"": ""0.65""}",precision_lo,{:.1%},docs/report_assets/tables/t13_thresholds.md
N0806,88.9%,results/e10_thresholds.csv,"{""kind"": ""fixed"", ""label"": ""0.65""}",precision_hi,{:.1%},docs/report_assets/tables/t13_thresholds.md
N0807,0.7%,results/e10_thresholds.csv,"{""kind"": ""fixed"", ""label"": ""0.65""}",sensitivity,{:.1%},docs/report_assets/tables/t13_thresholds.md
N0808,0.4%,results/e10_thresholds.csv,"{""kind"": ""fixed"", ""label"": ""0.65""}",sensitivity_lo,{:.1%},docs/report_assets/tables/t13_thresholds.md
N0809,1.1%,results/e10_thresholds.csv,"{""kind"": ""fixed"", ""label"": ""0.65""}",sensitivity_hi,{:.1%},docs/report_assets/tables/t13_thresholds.md
N0810,0.700,results/e10_thresholds.csv,"{""kind"": ""fixed"", ""label"": ""0.70""}",threshold,{:.3f},docs/report_assets/tables/t13_thresholds.md
N0811,0.1%,results/e10_thresholds.csv,"{""kind"": ""fixed"", ""label"": ""0.70""}",share_flagged,{:.1%},docs/report_assets/tables/t13_thresholds.md
N0812,0.1%,results/e10_thresholds.csv,"{""kind"": ""fixed"", ""label"": ""0.70""}",share_flagged_lo,{:.1%},docs/report_assets/tables/t13_thresholds.md
N0813,0.2%,results/e10_thresholds.csv,"{""kind"": ""fixed"", ""label"": ""0.70""}",share_flagged_hi,{:.1%},docs/report_assets/tables/t13_thresholds.md
N0814,70.0%,results/e10_thresholds.csv,"{""kind"": ""fixed"", ""label"": ""0.70""}",precision,{:.1%},docs/report_assets/tables/t13_thresholds.md
N0815,46.2%,results/e10_thresholds.csv,"{""kind"": ""fixed"", ""label"": ""0.70""}",precision_lo,{:.1%},docs/report_assets/tables/t13_thresholds.md
N0816,92.9%,results/e10_thresholds.csv,"{""kind"": ""fixed"", ""label"": ""0.70""}",precision_hi,{:.1%},docs/report_assets/tables/t13_thresholds.md
N0817,0.5%,results/e10_thresholds.csv,"{""kind"": ""fixed"", ""label"": ""0.70""}",sensitivity,{:.1%},docs/report_assets/tables/t13_thresholds.md
N0818,0.3%,results/e10_thresholds.csv,"{""kind"": ""fixed"", ""label"": ""0.70""}",sensitivity_lo,{:.1%},docs/report_assets/tables/t13_thresholds.md
N0819,0.8%,results/e10_thresholds.csv,"{""kind"": ""fixed"", ""label"": ""0.70""}",sensitivity_hi,{:.1%},docs/report_assets/tables/t13_thresholds.md
N0820,0.226,results/e10_thresholds.csv,"{""kind"": ""percentile"", ""label"": ""p50""}",threshold,{:.3f},docs/report_assets/tables/t13_thresholds.md
N0821,48.1%,results/e10_thresholds.csv,"{""kind"": ""percentile"", ""label"": ""p50""}",share_flagged,{:.1%},docs/report_assets/tables/t13_thresholds.md
N0822,47.4%,results/e10_thresholds.csv,"{""kind"": ""percentile"", ""label"": ""p50""}",share_flagged_lo,{:.1%},docs/report_assets/tables/t13_thresholds.md
N0823,48.9%,results/e10_thresholds.csv,"{""kind"": ""percentile"", ""label"": ""p50""}",share_flagged_hi,{:.1%},docs/report_assets/tables/t13_thresholds.md
N0824,29.5%,results/e10_thresholds.csv,"{""kind"": ""percentile"", ""label"": ""p50""}",precision,{:.1%},docs/report_assets/tables/t13_thresholds.md
N0825,28.6%,results/e10_thresholds.csv,"{""kind"": ""percentile"", ""label"": ""p50""}",precision_lo,{:.1%},docs/report_assets/tables/t13_thresholds.md
N0826,30.3%,results/e10_thresholds.csv,"{""kind"": ""percentile"", ""label"": ""p50""}",precision_hi,{:.1%},docs/report_assets/tables/t13_thresholds.md
N0827,76.6%,results/e10_thresholds.csv,"{""kind"": ""percentile"", ""label"": ""p50""}",sensitivity,{:.1%},docs/report_assets/tables/t13_thresholds.md
N0828,75.2%,results/e10_thresholds.csv,"{""kind"": ""percentile"", ""label"": ""p50""}",sensitivity_lo,{:.1%},docs/report_assets/tables/t13_thresholds.md
N0829,78.0%,results/e10_thresholds.csv,"{""kind"": ""percentile"", ""label"": ""p50""}",sensitivity_hi,{:.1%},docs/report_assets/tables/t13_thresholds.md
N0830,0.296,results/e10_thresholds.csv,"{""kind"": ""percentile"", ""label"": ""p70""}",threshold,{:.3f},docs/report_assets/tables/t13_thresholds.md
N0831,28.2%,results/e10_thresholds.csv,"{""kind"": ""percentile"", ""label"": ""p70""}",share_flagged,{:.1%},docs/report_assets/tables/t13_thresholds.md
N0832,27.6%,results/e10_thresholds.csv,"{""kind"": ""percentile"", ""label"": ""p70""}",share_flagged_lo,{:.1%},docs/report_assets/tables/t13_thresholds.md
N0833,28.9%,results/e10_thresholds.csv,"{""kind"": ""percentile"", ""label"": ""p70""}",share_flagged_hi,{:.1%},docs/report_assets/tables/t13_thresholds.md
N0834,32.4%,results/e10_thresholds.csv,"{""kind"": ""percentile"", ""label"": ""p70""}",precision,{:.1%},docs/report_assets/tables/t13_thresholds.md
N0835,31.3%,results/e10_thresholds.csv,"{""kind"": ""percentile"", ""label"": ""p70""}",precision_lo,{:.1%},docs/report_assets/tables/t13_thresholds.md
N0836,33.6%,results/e10_thresholds.csv,"{""kind"": ""percentile"", ""label"": ""p70""}",precision_hi,{:.1%},docs/report_assets/tables/t13_thresholds.md
N0837,49.4%,results/e10_thresholds.csv,"{""kind"": ""percentile"", ""label"": ""p70""}",sensitivity,{:.1%},docs/report_assets/tables/t13_thresholds.md
N0838,47.8%,results/e10_thresholds.csv,"{""kind"": ""percentile"", ""label"": ""p70""}",sensitivity_lo,{:.1%},docs/report_assets/tables/t13_thresholds.md
N0839,51.0%,results/e10_thresholds.csv,"{""kind"": ""percentile"", ""label"": ""p70""}",sensitivity_hi,{:.1%},docs/report_assets/tables/t13_thresholds.md
N0840,0.339,results/e10_thresholds.csv,"{""kind"": ""percentile"", ""label"": ""p80""}",threshold,{:.3f},docs/report_assets/tables/t13_thresholds.md
N0841,18.9%,results/e10_thresholds.csv,"{""kind"": ""percentile"", ""label"": ""p80""}",share_flagged,{:.1%},docs/report_assets/tables/t13_thresholds.md
N0842,18.3%,results/e10_thresholds.csv,"{""kind"": ""percentile"", ""label"": ""p80""}",share_flagged_lo,{:.1%},docs/report_assets/tables/t13_thresholds.md
N0843,19.4%,results/e10_thresholds.csv,"{""kind"": ""percentile"", ""label"": ""p80""}",share_flagged_hi,{:.1%},docs/report_assets/tables/t13_thresholds.md
N0844,34.5%,results/e10_thresholds.csv,"{""kind"": ""percentile"", ""label"": ""p80""}",precision,{:.1%},docs/report_assets/tables/t13_thresholds.md
N0845,33.0%,results/e10_thresholds.csv,"{""kind"": ""percentile"", ""label"": ""p80""}",precision_lo,{:.1%},docs/report_assets/tables/t13_thresholds.md
N0846,36.0%,results/e10_thresholds.csv,"{""kind"": ""percentile"", ""label"": ""p80""}",precision_hi,{:.1%},docs/report_assets/tables/t13_thresholds.md
N0847,35.2%,results/e10_thresholds.csv,"{""kind"": ""percentile"", ""label"": ""p80""}",sensitivity,{:.1%},docs/report_assets/tables/t13_thresholds.md
N0848,33.7%,results/e10_thresholds.csv,"{""kind"": ""percentile"", ""label"": ""p80""}",sensitivity_lo,{:.1%},docs/report_assets/tables/t13_thresholds.md
N0849,36.7%,results/e10_thresholds.csv,"{""kind"": ""percentile"", ""label"": ""p80""}",sensitivity_hi,{:.1%},docs/report_assets/tables/t13_thresholds.md
N0850,0.379,results/e10_thresholds.csv,"{""kind"": ""percentile"", ""label"": ""p90""}",threshold,{:.3f},docs/report_assets/tables/t13_thresholds.md
N0851,10.1%,results/e10_thresholds.csv,"{""kind"": ""percentile"", ""label"": ""p90""}",share_flagged,{:.1%},docs/report_assets/tables/t13_thresholds.md
N0852,9.6%,results/e10_thresholds.csv,"{""kind"": ""percentile"", ""label"": ""p90""}",share_flagged_lo,{:.1%},docs/report_assets/tables/t13_thresholds.md
N0853,10.5%,results/e10_thresholds.csv,"{""kind"": ""percentile"", ""label"": ""p90""}",share_flagged_hi,{:.1%},docs/report_assets/tables/t13_thresholds.md
N0854,37.0%,results/e10_thresholds.csv,"{""kind"": ""percentile"", ""label"": ""p90""}",precision,{:.1%},docs/report_assets/tables/t13_thresholds.md
N0855,35.0%,results/e10_thresholds.csv,"{""kind"": ""percentile"", ""label"": ""p90""}",precision_lo,{:.1%},docs/report_assets/tables/t13_thresholds.md
N0856,39.1%,results/e10_thresholds.csv,"{""kind"": ""percentile"", ""label"": ""p90""}",precision_hi,{:.1%},docs/report_assets/tables/t13_thresholds.md
N0857,20.2%,results/e10_thresholds.csv,"{""kind"": ""percentile"", ""label"": ""p90""}",sensitivity,{:.1%},docs/report_assets/tables/t13_thresholds.md
N0858,18.9%,results/e10_thresholds.csv,"{""kind"": ""percentile"", ""label"": ""p90""}",sensitivity_lo,{:.1%},docs/report_assets/tables/t13_thresholds.md
N0859,21.4%,results/e10_thresholds.csv,"{""kind"": ""percentile"", ""label"": ""p90""}",sensitivity_hi,{:.1%},docs/report_assets/tables/t13_thresholds.md
N0860,0.405,results/e10_thresholds.csv,"{""kind"": ""percentile"", ""label"": ""p95""}",threshold,{:.3f},docs/report_assets/tables/t13_thresholds.md
N0861,5.5%,results/e10_thresholds.csv,"{""kind"": ""percentile"", ""label"": ""p95""}",share_flagged,{:.1%},docs/report_assets/tables/t13_thresholds.md
N0862,5.2%,results/e10_thresholds.csv,"{""kind"": ""percentile"", ""label"": ""p95""}",share_flagged_lo,{:.1%},docs/report_assets/tables/t13_thresholds.md
N0863,5.9%,results/e10_thresholds.csv,"{""kind"": ""percentile"", ""label"": ""p95""}",share_flagged_hi,{:.1%},docs/report_assets/tables/t13_thresholds.md
N0864,36.8%,results/e10_thresholds.csv,"{""kind"": ""percentile"", ""label"": ""p95""}",precision,{:.1%},docs/report_assets/tables/t13_thresholds.md
N0865,33.8%,results/e10_thresholds.csv,"{""kind"": ""percentile"", ""label"": ""p95""}",precision_lo,{:.1%},docs/report_assets/tables/t13_thresholds.md
N0866,39.7%,results/e10_thresholds.csv,"{""kind"": ""percentile"", ""label"": ""p95""}",precision_hi,{:.1%},docs/report_assets/tables/t13_thresholds.md
N0867,11.0%,results/e10_thresholds.csv,"{""kind"": ""percentile"", ""label"": ""p95""}",sensitivity,{:.1%},docs/report_assets/tables/t13_thresholds.md
N0868,9.9%,results/e10_thresholds.csv,"{""kind"": ""percentile"", ""label"": ""p95""}",sensitivity_lo,{:.1%},docs/report_assets/tables/t13_thresholds.md
N0869,12.0%,results/e10_thresholds.csv,"{""kind"": ""percentile"", ""label"": ""p95""}",sensitivity_hi,{:.1%},docs/report_assets/tables/t13_thresholds.md
N0870,30%,results/e10_thresholds.csv,"{""kind"": ""chosen"", ""label"": ""medium""}",target_precision,{:.0%},docs/report_assets/tables/t13_thresholds.md
N0871,0.190,results/e10_thresholds.csv,"{""kind"": ""chosen"", ""label"": ""medium""}",threshold,{:.3f},docs/report_assets/tables/t13_thresholds.md
N0872,58.6%,results/e10_thresholds.csv,"{""kind"": ""chosen"", ""label"": ""medium""}",share_flagged,{:.1%},docs/report_assets/tables/t13_thresholds.md
N0873,57.9%,results/e10_thresholds.csv,"{""kind"": ""chosen"", ""label"": ""medium""}",share_flagged_lo,{:.1%},docs/report_assets/tables/t13_thresholds.md
N0874,59.3%,results/e10_thresholds.csv,"{""kind"": ""chosen"", ""label"": ""medium""}",share_flagged_hi,{:.1%},docs/report_assets/tables/t13_thresholds.md
N0875,27.4%,results/e10_thresholds.csv,"{""kind"": ""chosen"", ""label"": ""medium""}",precision,{:.1%},docs/report_assets/tables/t13_thresholds.md
N0876,26.7%,results/e10_thresholds.csv,"{""kind"": ""chosen"", ""label"": ""medium""}",precision_lo,{:.1%},docs/report_assets/tables/t13_thresholds.md
N0877,28.2%,results/e10_thresholds.csv,"{""kind"": ""chosen"", ""label"": ""medium""}",precision_hi,{:.1%},docs/report_assets/tables/t13_thresholds.md
N0878,86.7%,results/e10_thresholds.csv,"{""kind"": ""chosen"", ""label"": ""medium""}",sensitivity,{:.1%},docs/report_assets/tables/t13_thresholds.md
N0879,85.6%,results/e10_thresholds.csv,"{""kind"": ""chosen"", ""label"": ""medium""}",sensitivity_lo,{:.1%},docs/report_assets/tables/t13_thresholds.md
N0880,87.9%,results/e10_thresholds.csv,"{""kind"": ""chosen"", ""label"": ""medium""}",sensitivity_hi,{:.1%},docs/report_assets/tables/t13_thresholds.md
N0881,40%,results/e10_thresholds.csv,"{""kind"": ""chosen"", ""label"": ""high""}",target_precision,{:.0%},docs/report_assets/tables/t13_thresholds.md
N0882,0.380,results/e10_thresholds.csv,"{""kind"": ""chosen"", ""label"": ""high""}",threshold,{:.3f},docs/report_assets/tables/t13_thresholds.md
N0883,10.0%,results/e10_thresholds.csv,"{""kind"": ""chosen"", ""label"": ""high""}",share_flagged,{:.1%},docs/report_assets/tables/t13_thresholds.md
N0884,9.5%,results/e10_thresholds.csv,"{""kind"": ""chosen"", ""label"": ""high""}",share_flagged_lo,{:.1%},docs/report_assets/tables/t13_thresholds.md
N0885,10.4%,results/e10_thresholds.csv,"{""kind"": ""chosen"", ""label"": ""high""}",share_flagged_hi,{:.1%},docs/report_assets/tables/t13_thresholds.md
N0886,37.1%,results/e10_thresholds.csv,"{""kind"": ""chosen"", ""label"": ""high""}",precision,{:.1%},docs/report_assets/tables/t13_thresholds.md
N0887,35.1%,results/e10_thresholds.csv,"{""kind"": ""chosen"", ""label"": ""high""}",precision_lo,{:.1%},docs/report_assets/tables/t13_thresholds.md
N0888,39.2%,results/e10_thresholds.csv,"{""kind"": ""chosen"", ""label"": ""high""}",precision_hi,{:.1%},docs/report_assets/tables/t13_thresholds.md
N0889,20.0%,results/e10_thresholds.csv,"{""kind"": ""chosen"", ""label"": ""high""}",sensitivity,{:.1%},docs/report_assets/tables/t13_thresholds.md
N0890,18.7%,results/e10_thresholds.csv,"{""kind"": ""chosen"", ""label"": ""high""}",sensitivity_lo,{:.1%},docs/report_assets/tables/t13_thresholds.md
N0891,21.2%,results/e10_thresholds.csv,"{""kind"": ""chosen"", ""label"": ""high""}",sensitivity_hi,{:.1%},docs/report_assets/tables/t13_thresholds.md
N0892,0.190,results/e10_thresholds.csv,"{""kind"": ""band"", ""label"": ""low""}",upper_threshold,{:.3f},docs/report_assets/tables/t14_risk_bands.md
N0893,0.000,results/e10_thresholds.csv,"{""kind"": ""band"", ""label"": ""low""}",threshold,{:.3f},docs/report_assets/tables/t14_risk_bands.md
N0894,41.4%,results/e10_thresholds.csv,"{""kind"": ""band"", ""label"": ""low""}",share_flagged,{:.1%},docs/report_assets/tables/t14_risk_bands.md
N0895,40.7%,results/e10_thresholds.csv,"{""kind"": ""band"", ""label"": ""low""}",share_flagged_lo,{:.1%},docs/report_assets/tables/t14_risk_bands.md
N0896,42.1%,results/e10_thresholds.csv,"{""kind"": ""band"", ""label"": ""low""}",share_flagged_hi,{:.1%},docs/report_assets/tables/t14_risk_bands.md
N0897,5.9%,results/e10_thresholds.csv,"{""kind"": ""band"", ""label"": ""low""}",precision,{:.1%},docs/report_assets/tables/t14_risk_bands.md
N0898,5.4%,results/e10_thresholds.csv,"{""kind"": ""band"", ""label"": ""low""}",precision_lo,{:.1%},docs/report_assets/tables/t14_risk_bands.md
N0899,6.5%,results/e10_thresholds.csv,"{""kind"": ""band"", ""label"": ""low""}",precision_hi,{:.1%},docs/report_assets/tables/t14_risk_bands.md
N0900,13.3%,results/e10_thresholds.csv,"{""kind"": ""band"", ""label"": ""low""}",sensitivity,{:.1%},docs/report_assets/tables/t14_risk_bands.md
N0901,12.1%,results/e10_thresholds.csv,"{""kind"": ""band"", ""label"": ""low""}",sensitivity_lo,{:.1%},docs/report_assets/tables/t14_risk_bands.md
N0902,14.4%,results/e10_thresholds.csv,"{""kind"": ""band"", ""label"": ""low""}",sensitivity_hi,{:.1%},docs/report_assets/tables/t14_risk_bands.md
N0903,0.380,results/e10_thresholds.csv,"{""kind"": ""band"", ""label"": ""medium""}",upper_threshold,{:.3f},docs/report_assets/tables/t14_risk_bands.md
N0904,0.190,results/e10_thresholds.csv,"{""kind"": ""band"", ""label"": ""medium""}",threshold,{:.3f},docs/report_assets/tables/t14_risk_bands.md
N0905,48.6%,results/e10_thresholds.csv,"{""kind"": ""band"", ""label"": ""medium""}",share_flagged,{:.1%},docs/report_assets/tables/t14_risk_bands.md
N0906,47.9%,results/e10_thresholds.csv,"{""kind"": ""band"", ""label"": ""medium""}",share_flagged_lo,{:.1%},docs/report_assets/tables/t14_risk_bands.md
N0907,49.3%,results/e10_thresholds.csv,"{""kind"": ""band"", ""label"": ""medium""}",share_flagged_hi,{:.1%},docs/report_assets/tables/t14_risk_bands.md
N0908,25.4%,results/e10_thresholds.csv,"{""kind"": ""band"", ""label"": ""medium""}",precision,{:.1%},docs/report_assets/tables/t14_risk_bands.md
N0909,24.6%,results/e10_thresholds.csv,"{""kind"": ""band"", ""label"": ""medium""}",precision_lo,{:.1%},docs/report_assets/tables/t14_risk_bands.md
N0910,26.3%,results/e10_thresholds.csv,"{""kind"": ""band"", ""label"": ""medium""}",precision_hi,{:.1%},docs/report_assets/tables/t14_risk_bands.md
N0911,66.8%,results/e10_thresholds.csv,"{""kind"": ""band"", ""label"": ""medium""}",sensitivity,{:.1%},docs/report_assets/tables/t14_risk_bands.md
N0912,65.3%,results/e10_thresholds.csv,"{""kind"": ""band"", ""label"": ""medium""}",sensitivity_lo,{:.1%},docs/report_assets/tables/t14_risk_bands.md
N0913,68.2%,results/e10_thresholds.csv,"{""kind"": ""band"", ""label"": ""medium""}",sensitivity_hi,{:.1%},docs/report_assets/tables/t14_risk_bands.md
N0914,0.380,results/e10_thresholds.csv,"{""kind"": ""band"", ""label"": ""high""}",threshold,{:.3f},docs/report_assets/tables/t14_risk_bands.md
N0915,10.0%,results/e10_thresholds.csv,"{""kind"": ""band"", ""label"": ""high""}",share_flagged,{:.1%},docs/report_assets/tables/t14_risk_bands.md
N0916,9.5%,results/e10_thresholds.csv,"{""kind"": ""band"", ""label"": ""high""}",share_flagged_lo,{:.1%},docs/report_assets/tables/t14_risk_bands.md
N0917,10.4%,results/e10_thresholds.csv,"{""kind"": ""band"", ""label"": ""high""}",share_flagged_hi,{:.1%},docs/report_assets/tables/t14_risk_bands.md
N0918,37.1%,results/e10_thresholds.csv,"{""kind"": ""band"", ""label"": ""high""}",precision,{:.1%},docs/report_assets/tables/t14_risk_bands.md
N0919,35.1%,results/e10_thresholds.csv,"{""kind"": ""band"", ""label"": ""high""}",precision_lo,{:.1%},docs/report_assets/tables/t14_risk_bands.md
N0920,39.2%,results/e10_thresholds.csv,"{""kind"": ""band"", ""label"": ""high""}",precision_hi,{:.1%},docs/report_assets/tables/t14_risk_bands.md
N0921,20.0%,results/e10_thresholds.csv,"{""kind"": ""band"", ""label"": ""high""}",sensitivity,{:.1%},docs/report_assets/tables/t14_risk_bands.md
N0922,18.7%,results/e10_thresholds.csv,"{""kind"": ""band"", ""label"": ""high""}",sensitivity_lo,{:.1%},docs/report_assets/tables/t14_risk_bands.md
N0923,21.2%,results/e10_thresholds.csv,"{""kind"": ""band"", ""label"": ""high""}",sensitivity_hi,{:.1%},docs/report_assets/tables/t14_risk_bands.md
N0924,0.00,results/s2_policy_tradeoffs.csv,"{""policy"": ""P0""}",double_slots_mean,{:.2f},docs/report_assets/tables/t15_policy_tradeoffs.md
N0925,12.75,results/s2_policy_tradeoffs.csv,"{""policy"": ""P0""}",patients_served,{:.2f},docs/report_assets/tables/t15_policy_tradeoffs.md
N0926,12.65,results/s2_policy_tradeoffs.csv,"{""policy"": ""P0""}",patients_served_lo,{:.2f},docs/report_assets/tables/t15_policy_tradeoffs.md
N0927,12.85,results/s2_policy_tradeoffs.csv,"{""policy"": ""P0""}",patients_served_hi,{:.2f},docs/report_assets/tables/t15_policy_tradeoffs.md
N0928,2.9,results/s2_policy_tradeoffs.csv,"{""policy"": ""P0""}",mean_wait_min,{:.1f},docs/report_assets/tables/t15_policy_tradeoffs.md
N0929,2.7,results/s2_policy_tradeoffs.csv,"{""policy"": ""P0""}",mean_wait_min_lo,{:.1f},docs/report_assets/tables/t15_policy_tradeoffs.md
N0930,3.1,results/s2_policy_tradeoffs.csv,"{""policy"": ""P0""}",mean_wait_min_hi,{:.1f},docs/report_assets/tables/t15_policy_tradeoffs.md
N0931,3.7,results/s2_policy_tradeoffs.csv,"{""policy"": ""P0""}",overtime_min,{:.1f},docs/report_assets/tables/t15_policy_tradeoffs.md
N0932,3.2,results/s2_policy_tradeoffs.csv,"{""policy"": ""P0""}",overtime_min_lo,{:.1f},docs/report_assets/tables/t15_policy_tradeoffs.md
N0933,4.1,results/s2_policy_tradeoffs.csv,"{""policy"": ""P0""}",overtime_min_hi,{:.1f},docs/report_assets/tables/t15_policy_tradeoffs.md
N0934,72.1,results/s2_policy_tradeoffs.csv,"{""policy"": ""P0""}",idle_min,{:.1f},docs/report_assets/tables/t15_policy_tradeoffs.md
N0935,70.4,results/s2_policy_tradeoffs.csv,"{""policy"": ""P0""}",idle_min_lo,{:.1f},docs/report_assets/tables/t15_policy_tradeoffs.md
N0936,73.9,results/s2_policy_tradeoffs.csv,"{""policy"": ""P0""}",idle_min_hi,{:.1f},docs/report_assets/tables/t15_policy_tradeoffs.md
N0937,0.0%,results/s2_policy_tradeoffs.csv,"{""policy"": ""P0""}",share_sessions_both_attend,{:.1%},docs/report_assets/tables/t15_policy_tradeoffs.md
N0938,0.0%,results/s2_policy_tradeoffs.csv,"{""policy"": ""P0""}",share_sessions_both_attend_lo,{:.1%},docs/report_assets/tables/t15_policy_tradeoffs.md
N0939,0.0%,results/s2_policy_tradeoffs.csv,"{""policy"": ""P0""}",share_sessions_both_attend_hi,{:.1%},docs/report_assets/tables/t15_policy_tradeoffs.md
N0940,8.00,results/s2_policy_tradeoffs.csv,"{""policy"": ""P1 k=2""}",double_slots_mean,{:.2f},docs/report_assets/tables/t15_policy_tradeoffs.md
N0941,19.16,results/s2_policy_tradeoffs.csv,"{""policy"": ""P1 k=2""}",patients_served,{:.2f},docs/report_assets/tables/t15_policy_tradeoffs.md
N0942,19.04,results/s2_policy_tradeoffs.csv,"{""policy"": ""P1 k=2""}",patients_served_lo,{:.2f},docs/report_assets/tables/t15_policy_tradeoffs.md
N0943,19.28,results/s2_policy_tradeoffs.csv,"{""policy"": ""P1 k=2""}",patients_served_hi,{:.2f},docs/report_assets/tables/t15_policy_tradeoffs.md
N0944,21.4,results/s2_policy_tradeoffs.csv,"{""policy"": ""P1 k=2""}",mean_wait_min,{:.1f},docs/report_assets/tables/t15_policy_tradeoffs.md
N0945,20.5,results/s2_policy_tradeoffs.csv,"{""policy"": ""P1 k=2""}",mean_wait_min_lo,{:.1f},docs/report_assets/tables/t15_policy_tradeoffs.md
N0946,22.2,results/s2_policy_tradeoffs.csv,"{""policy"": ""P1 k=2""}",mean_wait_min_hi,{:.1f},docs/report_assets/tables/t15_policy_tradeoffs.md
N0947,37.3,results/s2_policy_tradeoffs.csv,"{""policy"": ""P1 k=2""}",overtime_min,{:.1f},docs/report_assets/tables/t15_policy_tradeoffs.md
N0948,35.6,results/s2_policy_tradeoffs.csv,"{""policy"": ""P1 k=2""}",overtime_min_lo,{:.1f},docs/report_assets/tables/t15_policy_tradeoffs.md
N0949,39.0,results/s2_policy_tradeoffs.csv,"{""policy"": ""P1 k=2""}",overtime_min_hi,{:.1f},docs/report_assets/tables/t15_policy_tradeoffs.md
N0950,19.7,results/s2_policy_tradeoffs.csv,"{""policy"": ""P1 k=2""}",idle_min,{:.1f},docs/report_assets/tables/t15_policy_tradeoffs.md
N0951,18.6,results/s2_policy_tradeoffs.csv,"{""policy"": ""P1 k=2""}",idle_min_lo,{:.1f},docs/report_assets/tables/t15_policy_tradeoffs.md
N0952,20.8,results/s2_policy_tradeoffs.csv,"{""policy"": ""P1 k=2""}",idle_min_hi,{:.1f},docs/report_assets/tables/t15_policy_tradeoffs.md
N0953,100.0%,results/s2_policy_tradeoffs.csv,"{""policy"": ""P1 k=2""}",share_sessions_both_attend,{:.1%},docs/report_assets/tables/t15_policy_tradeoffs.md
N0954,100.0%,results/s2_policy_tradeoffs.csv,"{""policy"": ""P1 k=2""}",share_sessions_both_attend_lo,{:.1%},docs/report_assets/tables/t15_policy_tradeoffs.md
N0955,100.0%,results/s2_policy_tradeoffs.csv,"{""policy"": ""P1 k=2""}",share_sessions_both_attend_hi,{:.1%},docs/report_assets/tables/t15_policy_tradeoffs.md
N0956,5.00,results/s2_policy_tradeoffs.csv,"{""policy"": ""P1 k=3""}",double_slots_mean,{:.2f},docs/report_assets/tables/t15_policy_tradeoffs.md
N0957,16.76,results/s2_policy_tradeoffs.csv,"{""policy"": ""P1 k=3""}",patients_served,{:.2f},docs/report_assets/tables/t15_policy_tradeoffs.md
N0958,16.65,results/s2_policy_tradeoffs.csv,"{""policy"": ""P1 k=3""}",patients_served_lo,{:.2f},docs/report_assets/tables/t15_policy_tradeoffs.md
N0959,16.88,results/s2_policy_tradeoffs.csv,"{""policy"": ""P1 k=3""}",patients_served_hi,{:.2f},docs/report_assets/tables/t15_policy_tradeoffs.md
N0960,13.1,results/s2_policy_tradeoffs.csv,"{""policy"": ""P1 k=3""}",mean_wait_min,{:.1f},docs/report_assets/tables/t15_policy_tradeoffs.md
N0961,12.5,results/s2_policy_tradeoffs.csv,"{""policy"": ""P1 k=3""}",mean_wait_min_lo,{:.1f},docs/report_assets/tables/t15_policy_tradeoffs.md
N0962,13.7,results/s2_policy_tradeoffs.csv,"{""policy"": ""P1 k=3""}",mean_wait_min_hi,{:.1f},docs/report_assets/tables/t15_policy_tradeoffs.md
N0963,19.0,results/s2_policy_tradeoffs.csv,"{""policy"": ""P1 k=3""}",overtime_min,{:.1f},docs/report_assets/tables/t15_policy_tradeoffs.md
N0964,17.8,results/s2_policy_tradeoffs.csv,"{""policy"": ""P1 k=3""}",overtime_min_lo,{:.1f},docs/report_assets/tables/t15_policy_tradeoffs.md
N0965,20.2,results/s2_policy_tradeoffs.csv,"{""policy"": ""P1 k=3""}",overtime_min_hi,{:.1f},docs/report_assets/tables/t15_policy_tradeoffs.md
N0966,33.6,results/s2_policy_tradeoffs.csv,"{""policy"": ""P1 k=3""}",idle_min,{:.1f},docs/report_assets/tables/t15_policy_tradeoffs.md
N0967,32.2,results/s2_policy_tradeoffs.csv,"{""policy"": ""P1 k=3""}",idle_min_lo,{:.1f},docs/report_assets/tables/t15_policy_tradeoffs.md
N0968,35.1,results/s2_policy_tradeoffs.csv,"{""policy"": ""P1 k=3""}",idle_min_hi,{:.1f},docs/report_assets/tables/t15_policy_tradeoffs.md
N0969,98.9%,results/s2_policy_tradeoffs.csv,"{""policy"": ""P1 k=3""}",share_sessions_both_attend,{:.1%},docs/report_assets/tables/t15_policy_tradeoffs.md
N0970,98.3%,results/s2_policy_tradeoffs.csv,"{""policy"": ""P1 k=3""}",share_sessions_both_attend_lo,{:.1%},docs/report_assets/tables/t15_policy_tradeoffs.md
N0971,99.5%,results/s2_policy_tradeoffs.csv,"{""policy"": ""P1 k=3""}",share_sessions_both_attend_hi,{:.1%},docs/report_assets/tables/t15_policy_tradeoffs.md
N0972,4.00,results/s2_policy_tradeoffs.csv,"{""policy"": ""P1 k=4""}",double_slots_mean,{:.2f},docs/report_assets/tables/t15_policy_tradeoffs.md
N0973,15.96,results/s2_policy_tradeoffs.csv,"{""policy"": ""P1 k=4""}",patients_served,{:.2f},docs/report_assets/tables/t15_policy_tradeoffs.md
N0974,15.85,results/s2_policy_tradeoffs.csv,"{""policy"": ""P1 k=4""}",patients_served_lo,{:.2f},docs/report_assets/tables/t15_policy_tradeoffs.md
N0975,16.08,results/s2_policy_tradeoffs.csv,"{""policy"": ""P1 k=4""}",patients_served_hi,{:.2f},docs/report_assets/tables/t15_policy_tradeoffs.md
N0976,9.9,results/s2_policy_tradeoffs.csv,"{""policy"": ""P1 k=4""}",mean_wait_min,{:.1f},docs/report_assets/tables/t15_policy_tradeoffs.md
N0977,9.4,results/s2_policy_tradeoffs.csv,"{""policy"": ""P1 k=4""}",mean_wait_min_lo,{:.1f},docs/report_assets/tables/t15_policy_tradeoffs.md
N0978,10.4,results/s2_policy_tradeoffs.csv,"{""policy"": ""P1 k=4""}",mean_wait_min_hi,{:.1f},docs/report_assets/tables/t15_policy_tradeoffs.md
N0979,17.3,results/s2_policy_tradeoffs.csv,"{""policy"": ""P1 k=4""}",overtime_min,{:.1f},docs/report_assets/tables/t15_policy_tradeoffs.md
N0980,16.2,results/s2_policy_tradeoffs.csv,"{""policy"": ""P1 k=4""}",overtime_min_lo,{:.1f},docs/report_assets/tables/t15_policy_tradeoffs.md
N0981,18.3,results/s2_policy_tradeoffs.csv,"{""policy"": ""P1 k=4""}",overtime_min_hi,{:.1f},docs/report_assets/tables/t15_policy_tradeoffs.md
N0982,42.7,results/s2_policy_tradeoffs.csv,"{""policy"": ""P1 k=4""}",idle_min,{:.1f},docs/report_assets/tables/t15_policy_tradeoffs.md
N0983,41.2,results/s2_policy_tradeoffs.csv,"{""policy"": ""P1 k=4""}",idle_min_lo,{:.1f},docs/report_assets/tables/t15_policy_tradeoffs.md
N0984,44.2,results/s2_policy_tradeoffs.csv,"{""policy"": ""P1 k=4""}",idle_min_hi,{:.1f},docs/report_assets/tables/t15_policy_tradeoffs.md
N0985,98.6%,results/s2_policy_tradeoffs.csv,"{""policy"": ""P1 k=4""}",share_sessions_both_attend,{:.1%},docs/report_assets/tables/t15_policy_tradeoffs.md
N0986,97.9%,results/s2_policy_tradeoffs.csv,"{""policy"": ""P1 k=4""}",share_sessions_both_attend_lo,{:.1%},docs/report_assets/tables/t15_policy_tradeoffs.md
N0987,99.3%,results/s2_policy_tradeoffs.csv,"{""policy"": ""P1 k=4""}",share_sessions_both_attend_hi,{:.1%},docs/report_assets/tables/t15_policy_tradeoffs.md
N0988,2.00,results/s2_policy_tradeoffs.csv,"{""policy"": ""P1 k=6""}",double_slots_mean,{:.2f},docs/report_assets/tables/t15_policy_tradeoffs.md
N0989,14.36,results/s2_policy_tradeoffs.csv,"{""policy"": ""P1 k=6""}",patients_served,{:.2f},docs/report_assets/tables/t15_policy_tradeoffs.md
N0990,14.25,results/s2_policy_tradeoffs.csv,"{""policy"": ""P1 k=6""}",patients_served_lo,{:.2f},docs/report_assets/tables/t15_policy_tradeoffs.md
N0991,14.46,results/s2_policy_tradeoffs.csv,"{""policy"": ""P1 k=6""}",patients_served_hi,{:.2f},docs/report_assets/tables/t15_policy_tradeoffs.md
N0992,6.9,results/s2_policy_tradeoffs.csv,"{""policy"": ""P1 k=6""}",mean_wait_min,{:.1f},docs/report_assets/tables/t15_policy_tradeoffs.md
N0993,6.5,results/s2_policy_tradeoffs.csv,"{""policy"": ""P1 k=6""}",mean_wait_min_lo,{:.1f},docs/report_assets/tables/t15_policy_tradeoffs.md
N0994,7.3,results/s2_policy_tradeoffs.csv,"{""policy"": ""P1 k=6""}",mean_wait_min_hi,{:.1f},docs/report_assets/tables/t15_policy_tradeoffs.md
N0995,6.9,results/s2_policy_tradeoffs.csv,"{""policy"": ""P1 k=6""}",overtime_min,{:.1f},docs/report_assets/tables/t15_policy_tradeoffs.md
N0996,6.2,results/s2_policy_tradeoffs.csv,"{""policy"": ""P1 k=6""}",overtime_min_lo,{:.1f},docs/report_assets/tables/t15_policy_tradeoffs.md
N0997,7.6,results/s2_policy_tradeoffs.csv,"{""policy"": ""P1 k=6""}",overtime_min_hi,{:.1f},docs/report_assets/tables/t15_policy_tradeoffs.md
N0998,53.6,results/s2_policy_tradeoffs.csv,"{""policy"": ""P1 k=6""}",idle_min,{:.1f},docs/report_assets/tables/t15_policy_tradeoffs.md
N0999,52.0,results/s2_policy_tradeoffs.csv,"{""policy"": ""P1 k=6""}",idle_min_lo,{:.1f},docs/report_assets/tables/t15_policy_tradeoffs.md
N1000,55.2,results/s2_policy_tradeoffs.csv,"{""policy"": ""P1 k=6""}",idle_min_hi,{:.1f},docs/report_assets/tables/t15_policy_tradeoffs.md
N1001,86.9%,results/s2_policy_tradeoffs.csv,"{""policy"": ""P1 k=6""}",share_sessions_both_attend,{:.1%},docs/report_assets/tables/t15_policy_tradeoffs.md
N1002,84.8%,results/s2_policy_tradeoffs.csv,"{""policy"": ""P1 k=6""}",share_sessions_both_attend_lo,{:.1%},docs/report_assets/tables/t15_policy_tradeoffs.md
N1003,89.0%,results/s2_policy_tradeoffs.csv,"{""policy"": ""P1 k=6""}",share_sessions_both_attend_hi,{:.1%},docs/report_assets/tables/t15_policy_tradeoffs.md
N1004,0.300,results/s2_policy_tradeoffs.csv,"{""policy"": ""P2 0.3""}",threshold,{:.3f},docs/report_assets/tables/t15_policy_tradeoffs.md
N1005,4.36,results/s2_policy_tradeoffs.csv,"{""policy"": ""P2 0.3""}",double_slots_mean,{:.2f},docs/report_assets/tables/t15_policy_tradeoffs.md
N1006,16.25,results/s2_policy_tradeoffs.csv,"{""policy"": ""P2 0.3""}",patients_served,{:.2f},docs/report_assets/tables/t15_policy_tradeoffs.md
N1007,16.13,results/s2_policy_tradeoffs.csv,"{""policy"": ""P2 0.3""}",patients_served_lo,{:.2f},docs/report_assets/tables/t15_policy_tradeoffs.md
N1008,16.38,results/s2_policy_tradeoffs.csv,"{""policy"": ""P2 0.3""}",patients_served_hi,{:.2f},docs/report_assets/tables/t15_policy_tradeoffs.md
N1009,11.0,results/s2_policy_tradeoffs.csv,"{""policy"": ""P2 0.3""}",mean_wait_min,{:.1f},docs/report_assets/tables/t15_policy_tradeoffs.md
N1010,10.4,results/s2_policy_tradeoffs.csv,"{""policy"": ""P2 0.3""}",mean_wait_min_lo,{:.1f},docs/report_assets/tables/t15_policy_tradeoffs.md
N1011,11.6,results/s2_policy_tradeoffs.csv,"{""policy"": ""P2 0.3""}",mean_wait_min_hi,{:.1f},docs/report_assets/tables/t15_policy_tradeoffs.md
N1012,16.1,results/s2_policy_tradeoffs.csv,"{""policy"": ""P2 0.3""}",overtime_min,{:.1f},docs/report_assets/tables/t15_policy_tradeoffs.md
N1013,14.9,results/s2_policy_tradeoffs.csv,"{""policy"": ""P2 0.3""}",overtime_min_lo,{:.1f},docs/report_assets/tables/t15_policy_tradeoffs.md
N1014,17.3,results/s2_policy_tradeoffs.csv,"{""policy"": ""P2 0.3""}",overtime_min_hi,{:.1f},docs/report_assets/tables/t15_policy_tradeoffs.md
N1015,37.6,results/s2_policy_tradeoffs.csv,"{""policy"": ""P2 0.3""}",idle_min,{:.1f},docs/report_assets/tables/t15_policy_tradeoffs.md
N1016,36.1,results/s2_policy_tradeoffs.csv,"{""policy"": ""P2 0.3""}",idle_min_lo,{:.1f},docs/report_assets/tables/t15_policy_tradeoffs.md
N1017,39.2,results/s2_policy_tradeoffs.csv,"{""policy"": ""P2 0.3""}",idle_min_hi,{:.1f},docs/report_assets/tables/t15_policy_tradeoffs.md
N1018,91.6%,results/s2_policy_tradeoffs.csv,"{""policy"": ""P2 0.3""}",share_sessions_both_attend,{:.1%},docs/report_assets/tables/t15_policy_tradeoffs.md
N1019,89.9%,results/s2_policy_tradeoffs.csv,"{""policy"": ""P2 0.3""}",share_sessions_both_attend_lo,{:.1%},docs/report_assets/tables/t15_policy_tradeoffs.md
N1020,93.3%,results/s2_policy_tradeoffs.csv,"{""policy"": ""P2 0.3""}",share_sessions_both_attend_hi,{:.1%},docs/report_assets/tables/t15_policy_tradeoffs.md
N1021,0.500,results/s2_policy_tradeoffs.csv,"{""policy"": ""P2 0.5""}",threshold,{:.3f},docs/report_assets/tables/t15_policy_tradeoffs.md
N1022,0.07,results/s2_policy_tradeoffs.csv,"{""policy"": ""P2 0.5""}",double_slots_mean,{:.2f},docs/report_assets/tables/t15_policy_tradeoffs.md
N1023,12.80,results/s2_policy_tradeoffs.csv,"{""policy"": ""P2 0.5""}",patients_served,{:.2f},docs/report_assets/tables/t15_policy_tradeoffs.md
N1024,12.70,results/s2_policy_tradeoffs.csv,"{""policy"": ""P2 0.5""}",patients_served_lo,{:.2f},docs/report_assets/tables/t15_policy_tradeoffs.md
N1025,12.90,results/s2_policy_tradeoffs.csv,"{""policy"": ""P2 0.5""}",patients_served_hi,{:.2f},docs/report_assets/tables/t15_policy_tradeoffs.md
N1026,3.0,results/s2_policy_tradeoffs.csv,"{""policy"": ""P2 0.5""}",mean_wait_min,{:.1f},docs/report_assets/tables/t15_policy_tradeoffs.md
N1027,2.7,results/s2_policy_tradeoffs.csv,"{""policy"": ""P2 0.5""}",mean_wait_min_lo,{:.1f},docs/report_assets/tables/t15_policy_tradeoffs.md
N1028,3.2,results/s2_policy_tradeoffs.csv,"{""policy"": ""P2 0.5""}",mean_wait_min_hi,{:.1f},docs/report_assets/tables/t15_policy_tradeoffs.md
N1029,3.7,results/s2_policy_tradeoffs.csv,"{""policy"": ""P2 0.5""}",overtime_min,{:.1f},docs/report_assets/tables/t15_policy_tradeoffs.md
N1030,3.3,results/s2_policy_tradeoffs.csv,"{""policy"": ""P2 0.5""}",overtime_min_lo,{:.1f},docs/report_assets/tables/t15_policy_tradeoffs.md
N1031,4.2,results/s2_policy_tradeoffs.csv,"{""policy"": ""P2 0.5""}",overtime_min_hi,{:.1f},docs/report_assets/tables/t15_policy_tradeoffs.md
N1032,71.5,results/s2_policy_tradeoffs.csv,"{""policy"": ""P2 0.5""}",idle_min,{:.1f},docs/report_assets/tables/t15_policy_tradeoffs.md
N1033,69.7,results/s2_policy_tradeoffs.csv,"{""policy"": ""P2 0.5""}",idle_min_lo,{:.1f},docs/report_assets/tables/t15_policy_tradeoffs.md
N1034,73.2,results/s2_policy_tradeoffs.csv,"{""policy"": ""P2 0.5""}",idle_min_hi,{:.1f},docs/report_assets/tables/t15_policy_tradeoffs.md
N1035,1.2%,results/s2_policy_tradeoffs.csv,"{""policy"": ""P2 0.5""}",share_sessions_both_attend,{:.1%},docs/report_assets/tables/t15_policy_tradeoffs.md
N1036,0.5%,results/s2_policy_tradeoffs.csv,"{""policy"": ""P2 0.5""}",share_sessions_both_attend_lo,{:.1%},docs/report_assets/tables/t15_policy_tradeoffs.md
N1037,1.9%,results/s2_policy_tradeoffs.csv,"{""policy"": ""P2 0.5""}",share_sessions_both_attend_hi,{:.1%},docs/report_assets/tables/t15_policy_tradeoffs.md
N1038,0.219,results/s2_policy_tradeoffs.csv,"{""policy"": ""P2 p50""}",threshold,{:.3f},docs/report_assets/tables/t15_policy_tradeoffs.md
N1039,8.04,results/s2_policy_tradeoffs.csv,"{""policy"": ""P2 p50""}",double_slots_mean,{:.2f},docs/report_assets/tables/t15_policy_tradeoffs.md
N1040,19.17,results/s2_policy_tradeoffs.csv,"{""policy"": ""P2 p50""}",patients_served,{:.2f},docs/report_assets/tables/t15_policy_tradeoffs.md
N1041,19.03,results/s2_policy_tradeoffs.csv,"{""policy"": ""P2 p50""}",patients_served_lo,{:.2f},docs/report_assets/tables/t15_policy_tradeoffs.md
N1042,19.31,results/s2_policy_tradeoffs.csv,"{""policy"": ""P2 p50""}",patients_served_hi,{:.2f},docs/report_assets/tables/t15_policy_tradeoffs.md
N1043,21.7,results/s2_policy_tradeoffs.csv,"{""policy"": ""P2 p50""}",mean_wait_min,{:.1f},docs/report_assets/tables/t15_policy_tradeoffs.md
N1044,20.8,results/s2_policy_tradeoffs.csv,"{""policy"": ""P2 p50""}",mean_wait_min_lo,{:.1f},docs/report_assets/tables/t15_policy_tradeoffs.md
N1045,22.6,results/s2_policy_tradeoffs.csv,"{""policy"": ""P2 p50""}",mean_wait_min_hi,{:.1f},docs/report_assets/tables/t15_policy_tradeoffs.md
N1046,36.4,results/s2_policy_tradeoffs.csv,"{""policy"": ""P2 p50""}",overtime_min,{:.1f},docs/report_assets/tables/t15_policy_tradeoffs.md
N1047,34.5,results/s2_policy_tradeoffs.csv,"{""policy"": ""P2 p50""}",overtime_min_lo,{:.1f},docs/report_assets/tables/t15_policy_tradeoffs.md
N1048,38.2,results/s2_policy_tradeoffs.csv,"{""policy"": ""P2 p50""}",overtime_min_hi,{:.1f},docs/report_assets/tables/t15_policy_tradeoffs.md
N1049,18.6,results/s2_policy_tradeoffs.csv,"{""policy"": ""P2 p50""}",idle_min,{:.1f},docs/report_assets/tables/t15_policy_tradeoffs.md
N1050,17.4,results/s2_policy_tradeoffs.csv,"{""policy"": ""P2 p50""}",idle_min_lo,{:.1f},docs/report_assets/tables/t15_policy_tradeoffs.md
N1051,19.7,results/s2_policy_tradeoffs.csv,"{""policy"": ""P2 p50""}",idle_min_hi,{:.1f},docs/report_assets/tables/t15_policy_tradeoffs.md
N1052,99.2%,results/s2_policy_tradeoffs.csv,"{""policy"": ""P2 p50""}",share_sessions_both_attend,{:.1%},docs/report_assets/tables/t15_policy_tradeoffs.md
N1053,98.6%,results/s2_policy_tradeoffs.csv,"{""policy"": ""P2 p50""}",share_sessions_both_attend_lo,{:.1%},docs/report_assets/tables/t15_policy_tradeoffs.md
N1054,99.8%,results/s2_policy_tradeoffs.csv,"{""policy"": ""P2 p50""}",share_sessions_both_attend_hi,{:.1%},docs/report_assets/tables/t15_policy_tradeoffs.md
N1055,0.289,results/s2_policy_tradeoffs.csv,"{""policy"": ""P2 p70""}",threshold,{:.3f},docs/report_assets/tables/t15_policy_tradeoffs.md
N1056,4.81,results/s2_policy_tradeoffs.csv,"{""policy"": ""P2 p70""}",double_slots_mean,{:.2f},docs/report_assets/tables/t15_policy_tradeoffs.md
N1057,16.61,results/s2_policy_tradeoffs.csv,"{""policy"": ""P2 p70""}",patients_served,{:.2f},docs/report_assets/tables/t15_policy_tradeoffs.md
N1058,16.49,results/s2_policy_tradeoffs.csv,"{""policy"": ""P2 p70""}",patients_served_lo,{:.2f},docs/report_assets/tables/t15_policy_tradeoffs.md
N1059,16.74,results/s2_policy_tradeoffs.csv,"{""policy"": ""P2 p70""}",patients_served_hi,{:.2f},docs/report_assets/tables/t15_policy_tradeoffs.md
N1060,12.1,results/s2_policy_tradeoffs.csv,"{""policy"": ""P2 p70""}",mean_wait_min,{:.1f},docs/report_assets/tables/t15_policy_tradeoffs.md
N1061,11.5,results/s2_policy_tradeoffs.csv,"{""policy"": ""P2 p70""}",mean_wait_min_lo,{:.1f},docs/report_assets/tables/t15_policy_tradeoffs.md
N1062,12.7,results/s2_policy_tradeoffs.csv,"{""policy"": ""P2 p70""}",mean_wait_min_hi,{:.1f},docs/report_assets/tables/t15_policy_tradeoffs.md
N1063,17.9,results/s2_policy_tradeoffs.csv,"{""policy"": ""P2 p70""}",overtime_min,{:.1f},docs/report_assets/tables/t15_policy_tradeoffs.md
N1064,16.7,results/s2_policy_tradeoffs.csv,"{""policy"": ""P2 p70""}",overtime_min_lo,{:.1f},docs/report_assets/tables/t15_policy_tradeoffs.md
N1065,19.2,results/s2_policy_tradeoffs.csv,"{""policy"": ""P2 p70""}",overtime_min_hi,{:.1f},docs/report_assets/tables/t15_policy_tradeoffs.md
N1066,34.5,results/s2_policy_tradeoffs.csv,"{""policy"": ""P2 p70""}",idle_min,{:.1f},docs/report_assets/tables/t15_policy_tradeoffs.md
N1067,32.9,results/s2_policy_tradeoffs.csv,"{""policy"": ""P2 p70""}",idle_min_lo,{:.1f},docs/report_assets/tables/t15_policy_tradeoffs.md
N1068,36.0,results/s2_policy_tradeoffs.csv,"{""policy"": ""P2 p70""}",idle_min_hi,{:.1f},docs/report_assets/tables/t15_policy_tradeoffs.md
N1069,93.8%,results/s2_policy_tradeoffs.csv,"{""policy"": ""P2 p70""}",share_sessions_both_attend,{:.1%},docs/report_assets/tables/t15_policy_tradeoffs.md
N1070,92.3%,results/s2_policy_tradeoffs.csv,"{""policy"": ""P2 p70""}",share_sessions_both_attend_lo,{:.1%},docs/report_assets/tables/t15_policy_tradeoffs.md
N1071,95.3%,results/s2_policy_tradeoffs.csv,"{""policy"": ""P2 p70""}",share_sessions_both_attend_hi,{:.1%},docs/report_assets/tables/t15_policy_tradeoffs.md
N1072,0.334,results/s2_policy_tradeoffs.csv,"{""policy"": ""P2 p80""}",threshold,{:.3f},docs/report_assets/tables/t15_policy_tradeoffs.md
N1073,3.18,results/s2_policy_tradeoffs.csv,"{""policy"": ""P2 p80""}",double_slots_mean,{:.2f},docs/report_assets/tables/t15_policy_tradeoffs.md
N1074,15.30,results/s2_policy_tradeoffs.csv,"{""policy"": ""P2 p80""}",patients_served,{:.2f},docs/report_assets/tables/t15_policy_tradeoffs.md
N1075,15.18,results/s2_policy_tradeoffs.csv,"{""policy"": ""P2 p80""}",patients_served_lo,{:.2f},docs/report_assets/tables/t15_policy_tradeoffs.md
N1076,15.42,results/s2_policy_tradeoffs.csv,"{""policy"": ""P2 p80""}",patients_served_hi,{:.2f},docs/report_assets/tables/t15_policy_tradeoffs.md
N1077,8.4,results/s2_policy_tradeoffs.csv,"{""policy"": ""P2 p80""}",mean_wait_min,{:.1f},docs/report_assets/tables/t15_policy_tradeoffs.md
N1078,7.9,results/s2_policy_tradeoffs.csv,"{""policy"": ""P2 p80""}",mean_wait_min_lo,{:.1f},docs/report_assets/tables/t15_policy_tradeoffs.md
N1079,8.9,results/s2_policy_tradeoffs.csv,"{""policy"": ""P2 p80""}",mean_wait_min_hi,{:.1f},docs/report_assets/tables/t15_policy_tradeoffs.md
N1080,11.4,results/s2_policy_tradeoffs.csv,"{""policy"": ""P2 p80""}",overtime_min,{:.1f},docs/report_assets/tables/t15_policy_tradeoffs.md
N1081,10.5,results/s2_policy_tradeoffs.csv,"{""policy"": ""P2 p80""}",overtime_min_lo,{:.1f},docs/report_assets/tables/t15_policy_tradeoffs.md
N1082,12.4,results/s2_policy_tradeoffs.csv,"{""policy"": ""P2 p80""}",overtime_min_hi,{:.1f},docs/report_assets/tables/t15_policy_tradeoffs.md
N1083,45.8,results/s2_policy_tradeoffs.csv,"{""policy"": ""P2 p80""}",idle_min,{:.1f},docs/report_assets/tables/t15_policy_tradeoffs.md
N1084,44.2,results/s2_policy_tradeoffs.csv,"{""policy"": ""P2 p80""}",idle_min_lo,{:.1f},docs/report_assets/tables/t15_policy_tradeoffs.md
N1085,47.5,results/s2_policy_tradeoffs.csv,"{""policy"": ""P2 p80""}",idle_min_hi,{:.1f},docs/report_assets/tables/t15_policy_tradeoffs.md
N1086,80.7%,results/s2_policy_tradeoffs.csv,"{""policy"": ""P2 p80""}",share_sessions_both_attend,{:.1%},docs/report_assets/tables/t15_policy_tradeoffs.md
N1087,78.2%,results/s2_policy_tradeoffs.csv,"{""policy"": ""P2 p80""}",share_sessions_both_attend_lo,{:.1%},docs/report_assets/tables/t15_policy_tradeoffs.md
N1088,83.2%,results/s2_policy_tradeoffs.csv,"{""policy"": ""P2 p80""}",share_sessions_both_attend_hi,{:.1%},docs/report_assets/tables/t15_policy_tradeoffs.md
N1089,0.380,results/s2_policy_tradeoffs.csv,"{""policy"": ""P2 p90""}",threshold,{:.3f},docs/report_assets/tables/t15_policy_tradeoffs.md
N1090,1.52,results/s2_policy_tradeoffs.csv,"{""policy"": ""P2 p90""}",double_slots_mean,{:.2f},docs/report_assets/tables/t15_policy_tradeoffs.md
N1091,13.99,results/s2_policy_tradeoffs.csv,"{""policy"": ""P2 p90""}",patients_served,{:.2f},docs/report_assets/tables/t15_policy_tradeoffs.md
N1092,13.88,results/s2_policy_tradeoffs.csv,"{""policy"": ""P2 p90""}",patients_served_lo,{:.2f},docs/report_assets/tables/t15_policy_tradeoffs.md
N1093,14.10,results/s2_policy_tradeoffs.csv,"{""policy"": ""P2 p90""}",patients_served_hi,{:.2f},docs/report_assets/tables/t15_policy_tradeoffs.md
N1094,5.2,results/s2_policy_tradeoffs.csv,"{""policy"": ""P2 p90""}",mean_wait_min,{:.1f},docs/report_assets/tables/t15_policy_tradeoffs.md
N1095,4.8,results/s2_policy_tradeoffs.csv,"{""policy"": ""P2 p90""}",mean_wait_min_lo,{:.1f},docs/report_assets/tables/t15_policy_tradeoffs.md
N1096,5.6,results/s2_policy_tradeoffs.csv,"{""policy"": ""P2 p90""}",mean_wait_min_hi,{:.1f},docs/report_assets/tables/t15_policy_tradeoffs.md
N1097,6.6,results/s2_policy_tradeoffs.csv,"{""policy"": ""P2 p90""}",overtime_min,{:.1f},docs/report_assets/tables/t15_policy_tradeoffs.md
N1098,5.9,results/s2_policy_tradeoffs.csv,"{""policy"": ""P2 p90""}",overtime_min_lo,{:.1f},docs/report_assets/tables/t15_policy_tradeoffs.md
N1099,7.2,results/s2_policy_tradeoffs.csv,"{""policy"": ""P2 p90""}",overtime_min_hi,{:.1f},docs/report_assets/tables/t15_policy_tradeoffs.md
N1100,58.5,results/s2_policy_tradeoffs.csv,"{""policy"": ""P2 p90""}",idle_min,{:.1f},docs/report_assets/tables/t15_policy_tradeoffs.md
N1101,56.7,results/s2_policy_tradeoffs.csv,"{""policy"": ""P2 p90""}",idle_min_lo,{:.1f},docs/report_assets/tables/t15_policy_tradeoffs.md
N1102,60.2,results/s2_policy_tradeoffs.csv,"{""policy"": ""P2 p90""}",idle_min_hi,{:.1f},docs/report_assets/tables/t15_policy_tradeoffs.md
N1103,50.9%,results/s2_policy_tradeoffs.csv,"{""policy"": ""P2 p90""}",share_sessions_both_attend,{:.1%},docs/report_assets/tables/t15_policy_tradeoffs.md
N1104,47.8%,results/s2_policy_tradeoffs.csv,"{""policy"": ""P2 p90""}",share_sessions_both_attend_lo,{:.1%},docs/report_assets/tables/t15_policy_tradeoffs.md
N1105,54.0%,results/s2_policy_tradeoffs.csv,"{""policy"": ""P2 p90""}",share_sessions_both_attend_hi,{:.1%},docs/report_assets/tables/t15_policy_tradeoffs.md
N1106,0.409,results/s2_policy_tradeoffs.csv,"{""policy"": ""P2 p95""}",threshold,{:.3f},docs/report_assets/tables/t15_policy_tradeoffs.md
N1107,0.71,results/s2_policy_tradeoffs.csv,"{""policy"": ""P2 p95""}",double_slots_mean,{:.2f},docs/report_assets/tables/t15_policy_tradeoffs.md
N1108,13.33,results/s2_policy_tradeoffs.csv,"{""policy"": ""P2 p95""}",patients_served,{:.2f},docs/report_assets/tables/t15_policy_tradeoffs.md
N1109,13.23,results/s2_policy_tradeoffs.csv,"{""policy"": ""P2 p95""}",patients_served_lo,{:.2f},docs/report_assets/tables/t15_policy_tradeoffs.md
N1110,13.44,results/s2_policy_tradeoffs.csv,"{""policy"": ""P2 p95""}",patients_served_hi,{:.2f},docs/report_assets/tables/t15_policy_tradeoffs.md
N1111,3.9,results/s2_policy_tradeoffs.csv,"{""policy"": ""P2 p95""}",mean_wait_min,{:.1f},docs/report_assets/tables/t15_policy_tradeoffs.md
N1112,3.6,results/s2_policy_tradeoffs.csv,"{""policy"": ""P2 p95""}",mean_wait_min_lo,{:.1f},docs/report_assets/tables/t15_policy_tradeoffs.md
N1113,4.2,results/s2_policy_tradeoffs.csv,"{""policy"": ""P2 p95""}",mean_wait_min_hi,{:.1f},docs/report_assets/tables/t15_policy_tradeoffs.md
N1114,4.9,results/s2_policy_tradeoffs.csv,"{""policy"": ""P2 p95""}",overtime_min,{:.1f},docs/report_assets/tables/t15_policy_tradeoffs.md
N1115,4.4,results/s2_policy_tradeoffs.csv,"{""policy"": ""P2 p95""}",overtime_min_lo,{:.1f},docs/report_assets/tables/t15_policy_tradeoffs.md
N1116,5.4,results/s2_policy_tradeoffs.csv,"{""policy"": ""P2 p95""}",overtime_min_hi,{:.1f},docs/report_assets/tables/t15_policy_tradeoffs.md
N1117,65.6,results/s2_policy_tradeoffs.csv,"{""policy"": ""P2 p95""}",idle_min,{:.1f},docs/report_assets/tables/t15_policy_tradeoffs.md
N1118,63.8,results/s2_policy_tradeoffs.csv,"{""policy"": ""P2 p95""}",idle_min_lo,{:.1f},docs/report_assets/tables/t15_policy_tradeoffs.md
N1119,67.4,results/s2_policy_tradeoffs.csv,"{""policy"": ""P2 p95""}",idle_min_hi,{:.1f},docs/report_assets/tables/t15_policy_tradeoffs.md
N1120,26.2%,results/s2_policy_tradeoffs.csv,"{""policy"": ""P2 p95""}",share_sessions_both_attend,{:.1%},docs/report_assets/tables/t15_policy_tradeoffs.md
N1121,23.5%,results/s2_policy_tradeoffs.csv,"{""policy"": ""P2 p95""}",share_sessions_both_attend_lo,{:.1%},docs/report_assets/tables/t15_policy_tradeoffs.md
N1122,28.9%,results/s2_policy_tradeoffs.csv,"{""policy"": ""P2 p95""}",share_sessions_both_attend_hi,{:.1%},docs/report_assets/tables/t15_policy_tradeoffs.md
N1123,"1,000",results/s2_policy_tradeoffs.csv,"{""policy"": ""P0""}",n_reps,"{:,.0f}",docs/report_assets/tables/t15_policy_tradeoffs.md
N1124,0.00,results/s3_probability_error.csv,"{""policy"": ""P0"", ""risk_shift"": ""0.0""}",double_slots_mean,{:.2f},docs/report_assets/tables/t16_probability_error.md
N1125,12.75,results/s3_probability_error.csv,"{""policy"": ""P0"", ""risk_shift"": ""0.0""}",patients_served,{:.2f},docs/report_assets/tables/t16_probability_error.md
N1126,12.65,results/s3_probability_error.csv,"{""policy"": ""P0"", ""risk_shift"": ""0.0""}",patients_served_lo,{:.2f},docs/report_assets/tables/t16_probability_error.md
N1127,12.85,results/s3_probability_error.csv,"{""policy"": ""P0"", ""risk_shift"": ""0.0""}",patients_served_hi,{:.2f},docs/report_assets/tables/t16_probability_error.md
N1128,2.9,results/s3_probability_error.csv,"{""policy"": ""P0"", ""risk_shift"": ""0.0""}",mean_wait_min,{:.1f},docs/report_assets/tables/t16_probability_error.md
N1129,2.7,results/s3_probability_error.csv,"{""policy"": ""P0"", ""risk_shift"": ""0.0""}",mean_wait_min_lo,{:.1f},docs/report_assets/tables/t16_probability_error.md
N1130,3.1,results/s3_probability_error.csv,"{""policy"": ""P0"", ""risk_shift"": ""0.0""}",mean_wait_min_hi,{:.1f},docs/report_assets/tables/t16_probability_error.md
N1131,3.7,results/s3_probability_error.csv,"{""policy"": ""P0"", ""risk_shift"": ""0.0""}",overtime_min,{:.1f},docs/report_assets/tables/t16_probability_error.md
N1132,3.2,results/s3_probability_error.csv,"{""policy"": ""P0"", ""risk_shift"": ""0.0""}",overtime_min_lo,{:.1f},docs/report_assets/tables/t16_probability_error.md
N1133,4.1,results/s3_probability_error.csv,"{""policy"": ""P0"", ""risk_shift"": ""0.0""}",overtime_min_hi,{:.1f},docs/report_assets/tables/t16_probability_error.md
N1134,72.1,results/s3_probability_error.csv,"{""policy"": ""P0"", ""risk_shift"": ""0.0""}",idle_min,{:.1f},docs/report_assets/tables/t16_probability_error.md
N1135,70.4,results/s3_probability_error.csv,"{""policy"": ""P0"", ""risk_shift"": ""0.0""}",idle_min_lo,{:.1f},docs/report_assets/tables/t16_probability_error.md
N1136,73.9,results/s3_probability_error.csv,"{""policy"": ""P0"", ""risk_shift"": ""0.0""}",idle_min_hi,{:.1f},docs/report_assets/tables/t16_probability_error.md
N1137,0.0%,results/s3_probability_error.csv,"{""policy"": ""P0"", ""risk_shift"": ""0.0""}",share_sessions_both_attend,{:.1%},docs/report_assets/tables/t16_probability_error.md
N1138,0.0%,results/s3_probability_error.csv,"{""policy"": ""P0"", ""risk_shift"": ""0.0""}",share_sessions_both_attend_lo,{:.1%},docs/report_assets/tables/t16_probability_error.md
N1139,0.0%,results/s3_probability_error.csv,"{""policy"": ""P0"", ""risk_shift"": ""0.0""}",share_sessions_both_attend_hi,{:.1%},docs/report_assets/tables/t16_probability_error.md
N1140,0.93,results/s3_probability_error.csv,"{""policy"": ""P2 0.3"", ""risk_shift"": ""-0.1""}",double_slots_mean,{:.2f},docs/report_assets/tables/t16_probability_error.md
N1141,13.51,results/s3_probability_error.csv,"{""policy"": ""P2 0.3"", ""risk_shift"": ""-0.1""}",patients_served,{:.2f},docs/report_assets/tables/t16_probability_error.md
N1142,13.40,results/s3_probability_error.csv,"{""policy"": ""P2 0.3"", ""risk_shift"": ""-0.1""}",patients_served_lo,{:.2f},docs/report_assets/tables/t16_probability_error.md
N1143,13.61,results/s3_probability_error.csv,"{""policy"": ""P2 0.3"", ""risk_shift"": ""-0.1""}",patients_served_hi,{:.2f},docs/report_assets/tables/t16_probability_error.md
N1144,4.3,results/s3_probability_error.csv,"{""policy"": ""P2 0.3"", ""risk_shift"": ""-0.1""}",mean_wait_min,{:.1f},docs/report_assets/tables/t16_probability_error.md
N1145,4.0,results/s3_probability_error.csv,"{""policy"": ""P2 0.3"", ""risk_shift"": ""-0.1""}",mean_wait_min_lo,{:.1f},docs/report_assets/tables/t16_probability_error.md
N1146,4.6,results/s3_probability_error.csv,"{""policy"": ""P2 0.3"", ""risk_shift"": ""-0.1""}",mean_wait_min_hi,{:.1f},docs/report_assets/tables/t16_probability_error.md
N1147,5.3,results/s3_probability_error.csv,"{""policy"": ""P2 0.3"", ""risk_shift"": ""-0.1""}",overtime_min,{:.1f},docs/report_assets/tables/t16_probability_error.md
N1148,4.8,results/s3_probability_error.csv,"{""policy"": ""P2 0.3"", ""risk_shift"": ""-0.1""}",overtime_min_lo,{:.1f},docs/report_assets/tables/t16_probability_error.md
N1149,5.9,results/s3_probability_error.csv,"{""policy"": ""P2 0.3"", ""risk_shift"": ""-0.1""}",overtime_min_hi,{:.1f},docs/report_assets/tables/t16_probability_error.md
N1150,63.7,results/s3_probability_error.csv,"{""policy"": ""P2 0.3"", ""risk_shift"": ""-0.1""}",idle_min,{:.1f},docs/report_assets/tables/t16_probability_error.md
N1151,61.9,results/s3_probability_error.csv,"{""policy"": ""P2 0.3"", ""risk_shift"": ""-0.1""}",idle_min_lo,{:.1f},docs/report_assets/tables/t16_probability_error.md
N1152,65.5,results/s3_probability_error.csv,"{""policy"": ""P2 0.3"", ""risk_shift"": ""-0.1""}",idle_min_hi,{:.1f},docs/report_assets/tables/t16_probability_error.md
N1153,34.0%,results/s3_probability_error.csv,"{""policy"": ""P2 0.3"", ""risk_shift"": ""-0.1""}",share_sessions_both_attend,{:.1%},docs/report_assets/tables/t16_probability_error.md
N1154,31.1%,results/s3_probability_error.csv,"{""policy"": ""P2 0.3"", ""risk_shift"": ""-0.1""}",share_sessions_both_attend_lo,{:.1%},docs/report_assets/tables/t16_probability_error.md
N1155,36.9%,results/s3_probability_error.csv,"{""policy"": ""P2 0.3"", ""risk_shift"": ""-0.1""}",share_sessions_both_attend_hi,{:.1%},docs/report_assets/tables/t16_probability_error.md
N1156,0.03,results/s3_probability_error.csv,"{""policy"": ""P2 0.5"", ""risk_shift"": ""-0.1""}",double_slots_mean,{:.2f},docs/report_assets/tables/t16_probability_error.md
N1157,12.77,results/s3_probability_error.csv,"{""policy"": ""P2 0.5"", ""risk_shift"": ""-0.1""}",patients_served,{:.2f},docs/report_assets/tables/t16_probability_error.md
N1158,12.67,results/s3_probability_error.csv,"{""policy"": ""P2 0.5"", ""risk_shift"": ""-0.1""}",patients_served_lo,{:.2f},docs/report_assets/tables/t16_probability_error.md
N1159,12.87,results/s3_probability_error.csv,"{""policy"": ""P2 0.5"", ""risk_shift"": ""-0.1""}",patients_served_hi,{:.2f},docs/report_assets/tables/t16_probability_error.md
N1160,2.9,results/s3_probability_error.csv,"{""policy"": ""P2 0.5"", ""risk_shift"": ""-0.1""}",mean_wait_min,{:.1f},docs/report_assets/tables/t16_probability_error.md
N1161,2.7,results/s3_probability_error.csv,"{""policy"": ""P2 0.5"", ""risk_shift"": ""-0.1""}",mean_wait_min_lo,{:.1f},docs/report_assets/tables/t16_probability_error.md
N1162,3.1,results/s3_probability_error.csv,"{""policy"": ""P2 0.5"", ""risk_shift"": ""-0.1""}",mean_wait_min_hi,{:.1f},docs/report_assets/tables/t16_probability_error.md
N1163,3.7,results/s3_probability_error.csv,"{""policy"": ""P2 0.5"", ""risk_shift"": ""-0.1""}",overtime_min,{:.1f},docs/report_assets/tables/t16_probability_error.md
N1164,3.2,results/s3_probability_error.csv,"{""policy"": ""P2 0.5"", ""risk_shift"": ""-0.1""}",overtime_min_lo,{:.1f},docs/report_assets/tables/t16_probability_error.md
N1165,4.1,results/s3_probability_error.csv,"{""policy"": ""P2 0.5"", ""risk_shift"": ""-0.1""}",overtime_min_hi,{:.1f},docs/report_assets/tables/t16_probability_error.md
N1166,71.9,results/s3_probability_error.csv,"{""policy"": ""P2 0.5"", ""risk_shift"": ""-0.1""}",idle_min,{:.1f},docs/report_assets/tables/t16_probability_error.md
N1167,70.1,results/s3_probability_error.csv,"{""policy"": ""P2 0.5"", ""risk_shift"": ""-0.1""}",idle_min_lo,{:.1f},docs/report_assets/tables/t16_probability_error.md
N1168,73.7,results/s3_probability_error.csv,"{""policy"": ""P2 0.5"", ""risk_shift"": ""-0.1""}",idle_min_hi,{:.1f},docs/report_assets/tables/t16_probability_error.md
N1169,0.1%,results/s3_probability_error.csv,"{""policy"": ""P2 0.5"", ""risk_shift"": ""-0.1""}",share_sessions_both_attend,{:.1%},docs/report_assets/tables/t16_probability_error.md
N1170,-0.1%,results/s3_probability_error.csv,"{""policy"": ""P2 0.5"", ""risk_shift"": ""-0.1""}",share_sessions_both_attend_lo,{:.1%},docs/report_assets/tables/t16_probability_error.md
N1171,0.3%,results/s3_probability_error.csv,"{""policy"": ""P2 0.5"", ""risk_shift"": ""-0.1""}",share_sessions_both_attend_hi,{:.1%},docs/report_assets/tables/t16_probability_error.md
N1172,3.62,results/s3_probability_error.csv,"{""policy"": ""P2 p50"", ""risk_shift"": ""-0.1""}",double_slots_mean,{:.2f},docs/report_assets/tables/t16_probability_error.md
N1173,15.66,results/s3_probability_error.csv,"{""policy"": ""P2 p50"", ""risk_shift"": ""-0.1""}",patients_served,{:.2f},docs/report_assets/tables/t16_probability_error.md
N1174,15.54,results/s3_probability_error.csv,"{""policy"": ""P2 p50"", ""risk_shift"": ""-0.1""}",patients_served_lo,{:.2f},docs/report_assets/tables/t16_probability_error.md
N1175,15.78,results/s3_probability_error.csv,"{""policy"": ""P2 p50"", ""risk_shift"": ""-0.1""}",patients_served_hi,{:.2f},docs/report_assets/tables/t16_probability_error.md
N1176,9.4,results/s3_probability_error.csv,"{""policy"": ""P2 p50"", ""risk_shift"": ""-0.1""}",mean_wait_min,{:.1f},docs/report_assets/tables/t16_probability_error.md
N1177,8.8,results/s3_probability_error.csv,"{""policy"": ""P2 p50"", ""risk_shift"": ""-0.1""}",mean_wait_min_lo,{:.1f},docs/report_assets/tables/t16_probability_error.md
N1178,9.9,results/s3_probability_error.csv,"{""policy"": ""P2 p50"", ""risk_shift"": ""-0.1""}",mean_wait_min_hi,{:.1f},docs/report_assets/tables/t16_probability_error.md
N1179,13.0,results/s3_probability_error.csv,"{""policy"": ""P2 p50"", ""risk_shift"": ""-0.1""}",overtime_min,{:.1f},docs/report_assets/tables/t16_probability_error.md
N1180,12.0,results/s3_probability_error.csv,"{""policy"": ""P2 p50"", ""risk_shift"": ""-0.1""}",overtime_min_lo,{:.1f},docs/report_assets/tables/t16_probability_error.md
N1181,14.1,results/s3_probability_error.csv,"{""policy"": ""P2 p50"", ""risk_shift"": ""-0.1""}",overtime_min_hi,{:.1f},docs/report_assets/tables/t16_probability_error.md
N1182,42.7,results/s3_probability_error.csv,"{""policy"": ""P2 p50"", ""risk_shift"": ""-0.1""}",idle_min,{:.1f},docs/report_assets/tables/t16_probability_error.md
N1183,41.0,results/s3_probability_error.csv,"{""policy"": ""P2 p50"", ""risk_shift"": ""-0.1""}",idle_min_lo,{:.1f},docs/report_assets/tables/t16_probability_error.md
N1184,44.3,results/s3_probability_error.csv,"{""policy"": ""P2 p50"", ""risk_shift"": ""-0.1""}",idle_min_hi,{:.1f},docs/report_assets/tables/t16_probability_error.md
N1185,85.9%,results/s3_probability_error.csv,"{""policy"": ""P2 p50"", ""risk_shift"": ""-0.1""}",share_sessions_both_attend,{:.1%},docs/report_assets/tables/t16_probability_error.md
N1186,83.7%,results/s3_probability_error.csv,"{""policy"": ""P2 p50"", ""risk_shift"": ""-0.1""}",share_sessions_both_attend_lo,{:.1%},docs/report_assets/tables/t16_probability_error.md
N1187,88.1%,results/s3_probability_error.csv,"{""policy"": ""P2 p50"", ""risk_shift"": ""-0.1""}",share_sessions_both_attend_hi,{:.1%},docs/report_assets/tables/t16_probability_error.md
N1188,1.23,results/s3_probability_error.csv,"{""policy"": ""P2 p70"", ""risk_shift"": ""-0.1""}",double_slots_mean,{:.2f},docs/report_assets/tables/t16_probability_error.md
N1189,13.75,results/s3_probability_error.csv,"{""policy"": ""P2 p70"", ""risk_shift"": ""-0.1""}",patients_served,{:.2f},docs/report_assets/tables/t16_probability_error.md
N1190,13.64,results/s3_probability_error.csv,"{""policy"": ""P2 p70"", ""risk_shift"": ""-0.1""}",patients_served_lo,{:.2f},docs/report_assets/tables/t16_probability_error.md
N1191,13.86,results/s3_probability_error.csv,"{""policy"": ""P2 p70"", ""risk_shift"": ""-0.1""}",patients_served_hi,{:.2f},docs/report_assets/tables/t16_probability_error.md
N1192,4.7,results/s3_probability_error.csv,"{""policy"": ""P2 p70"", ""risk_shift"": ""-0.1""}",mean_wait_min,{:.1f},docs/report_assets/tables/t16_probability_error.md
N1193,4.4,results/s3_probability_error.csv,"{""policy"": ""P2 p70"", ""risk_shift"": ""-0.1""}",mean_wait_min_lo,{:.1f},docs/report_assets/tables/t16_probability_error.md
N1194,5.0,results/s3_probability_error.csv,"{""policy"": ""P2 p70"", ""risk_shift"": ""-0.1""}",mean_wait_min_hi,{:.1f},docs/report_assets/tables/t16_probability_error.md
N1195,5.9,results/s3_probability_error.csv,"{""policy"": ""P2 p70"", ""risk_shift"": ""-0.1""}",overtime_min,{:.1f},docs/report_assets/tables/t16_probability_error.md
N1196,5.3,results/s3_probability_error.csv,"{""policy"": ""P2 p70"", ""risk_shift"": ""-0.1""}",overtime_min_lo,{:.1f},docs/report_assets/tables/t16_probability_error.md
N1197,6.4,results/s3_probability_error.csv,"{""policy"": ""P2 p70"", ""risk_shift"": ""-0.1""}",overtime_min_hi,{:.1f},docs/report_assets/tables/t16_probability_error.md
N1198,60.9,results/s3_probability_error.csv,"{""policy"": ""P2 p70"", ""risk_shift"": ""-0.1""}",idle_min,{:.1f},docs/report_assets/tables/t16_probability_error.md
N1199,59.2,results/s3_probability_error.csv,"{""policy"": ""P2 p70"", ""risk_shift"": ""-0.1""}",idle_min_lo,{:.1f},docs/report_assets/tables/t16_probability_error.md
N1200,62.7,results/s3_probability_error.csv,"{""policy"": ""P2 p70"", ""risk_shift"": ""-0.1""}",idle_min_hi,{:.1f},docs/report_assets/tables/t16_probability_error.md
N1201,43.2%,results/s3_probability_error.csv,"{""policy"": ""P2 p70"", ""risk_shift"": ""-0.1""}",share_sessions_both_attend,{:.1%},docs/report_assets/tables/t16_probability_error.md
N1202,40.1%,results/s3_probability_error.csv,"{""policy"": ""P2 p70"", ""risk_shift"": ""-0.1""}",share_sessions_both_attend_lo,{:.1%},docs/report_assets/tables/t16_probability_error.md
N1203,46.3%,results/s3_probability_error.csv,"{""policy"": ""P2 p70"", ""risk_shift"": ""-0.1""}",share_sessions_both_attend_hi,{:.1%},docs/report_assets/tables/t16_probability_error.md
N1204,0.36,results/s3_probability_error.csv,"{""policy"": ""P2 p80"", ""risk_shift"": ""-0.1""}",double_slots_mean,{:.2f},docs/report_assets/tables/t16_probability_error.md
N1205,13.04,results/s3_probability_error.csv,"{""policy"": ""P2 p80"", ""risk_shift"": ""-0.1""}",patients_served,{:.2f},docs/report_assets/tables/t16_probability_error.md
N1206,12.94,results/s3_probability_error.csv,"{""policy"": ""P2 p80"", ""risk_shift"": ""-0.1""}",patients_served_lo,{:.2f},docs/report_assets/tables/t16_probability_error.md
N1207,13.14,results/s3_probability_error.csv,"{""policy"": ""P2 p80"", ""risk_shift"": ""-0.1""}",patients_served_hi,{:.2f},docs/report_assets/tables/t16_probability_error.md
N1208,3.4,results/s3_probability_error.csv,"{""policy"": ""P2 p80"", ""risk_shift"": ""-0.1""}",mean_wait_min,{:.1f},docs/report_assets/tables/t16_probability_error.md
N1209,3.1,results/s3_probability_error.csv,"{""policy"": ""P2 p80"", ""risk_shift"": ""-0.1""}",mean_wait_min_lo,{:.1f},docs/report_assets/tables/t16_probability_error.md
N1210,3.6,results/s3_probability_error.csv,"{""policy"": ""P2 p80"", ""risk_shift"": ""-0.1""}",mean_wait_min_hi,{:.1f},docs/report_assets/tables/t16_probability_error.md
N1211,4.2,results/s3_probability_error.csv,"{""policy"": ""P2 p80"", ""risk_shift"": ""-0.1""}",overtime_min,{:.1f},docs/report_assets/tables/t16_probability_error.md
N1212,3.7,results/s3_probability_error.csv,"{""policy"": ""P2 p80"", ""risk_shift"": ""-0.1""}",overtime_min_lo,{:.1f},docs/report_assets/tables/t16_probability_error.md
N1213,4.6,results/s3_probability_error.csv,"{""policy"": ""P2 p80"", ""risk_shift"": ""-0.1""}",overtime_min_hi,{:.1f},docs/report_assets/tables/t16_probability_error.md
N1214,68.9,results/s3_probability_error.csv,"{""policy"": ""P2 p80"", ""risk_shift"": ""-0.1""}",idle_min,{:.1f},docs/report_assets/tables/t16_probability_error.md
N1215,67.1,results/s3_probability_error.csv,"{""policy"": ""P2 p80"", ""risk_shift"": ""-0.1""}",idle_min_lo,{:.1f},docs/report_assets/tables/t16_probability_error.md
N1216,70.6,results/s3_probability_error.csv,"{""policy"": ""P2 p80"", ""risk_shift"": ""-0.1""}",idle_min_hi,{:.1f},docs/report_assets/tables/t16_probability_error.md
N1217,13.0%,results/s3_probability_error.csv,"{""policy"": ""P2 p80"", ""risk_shift"": ""-0.1""}",share_sessions_both_attend,{:.1%},docs/report_assets/tables/t16_probability_error.md
N1218,10.9%,results/s3_probability_error.csv,"{""policy"": ""P2 p80"", ""risk_shift"": ""-0.1""}",share_sessions_both_attend_lo,{:.1%},docs/report_assets/tables/t16_probability_error.md
N1219,15.1%,results/s3_probability_error.csv,"{""policy"": ""P2 p80"", ""risk_shift"": ""-0.1""}",share_sessions_both_attend_hi,{:.1%},docs/report_assets/tables/t16_probability_error.md
N1220,0.12,results/s3_probability_error.csv,"{""policy"": ""P2 p90"", ""risk_shift"": ""-0.1""}",double_slots_mean,{:.2f},docs/report_assets/tables/t16_probability_error.md
N1221,12.84,results/s3_probability_error.csv,"{""policy"": ""P2 p90"", ""risk_shift"": ""-0.1""}",patients_served,{:.2f},docs/report_assets/tables/t16_probability_error.md
N1222,12.74,results/s3_probability_error.csv,"{""policy"": ""P2 p90"", ""risk_shift"": ""-0.1""}",patients_served_lo,{:.2f},docs/report_assets/tables/t16_probability_error.md
N1223,12.94,results/s3_probability_error.csv,"{""policy"": ""P2 p90"", ""risk_shift"": ""-0.1""}",patients_served_hi,{:.2f},docs/report_assets/tables/t16_probability_error.md
N1224,3.0,results/s3_probability_error.csv,"{""policy"": ""P2 p90"", ""risk_shift"": ""-0.1""}",mean_wait_min,{:.1f},docs/report_assets/tables/t16_probability_error.md
N1225,2.8,results/s3_probability_error.csv,"{""policy"": ""P2 p90"", ""risk_shift"": ""-0.1""}",mean_wait_min_lo,{:.1f},docs/report_assets/tables/t16_probability_error.md
N1226,3.2,results/s3_probability_error.csv,"{""policy"": ""P2 p90"", ""risk_shift"": ""-0.1""}",mean_wait_min_hi,{:.1f},docs/report_assets/tables/t16_probability_error.md
N1227,3.8,results/s3_probability_error.csv,"{""policy"": ""P2 p90"", ""risk_shift"": ""-0.1""}",overtime_min,{:.1f},docs/report_assets/tables/t16_probability_error.md
N1228,3.3,results/s3_probability_error.csv,"{""policy"": ""P2 p90"", ""risk_shift"": ""-0.1""}",overtime_min_lo,{:.1f},docs/report_assets/tables/t16_probability_error.md
N1229,4.2,results/s3_probability_error.csv,"{""policy"": ""P2 p90"", ""risk_shift"": ""-0.1""}",overtime_min_hi,{:.1f},docs/report_assets/tables/t16_probability_error.md
N1230,71.1,results/s3_probability_error.csv,"{""policy"": ""P2 p90"", ""risk_shift"": ""-0.1""}",idle_min,{:.1f},docs/report_assets/tables/t16_probability_error.md
N1231,69.3,results/s3_probability_error.csv,"{""policy"": ""P2 p90"", ""risk_shift"": ""-0.1""}",idle_min_lo,{:.1f},docs/report_assets/tables/t16_probability_error.md
N1232,72.9,results/s3_probability_error.csv,"{""policy"": ""P2 p90"", ""risk_shift"": ""-0.1""}",idle_min_hi,{:.1f},docs/report_assets/tables/t16_probability_error.md
N1233,2.3%,results/s3_probability_error.csv,"{""policy"": ""P2 p90"", ""risk_shift"": ""-0.1""}",share_sessions_both_attend,{:.1%},docs/report_assets/tables/t16_probability_error.md
N1234,1.4%,results/s3_probability_error.csv,"{""policy"": ""P2 p90"", ""risk_shift"": ""-0.1""}",share_sessions_both_attend_lo,{:.1%},docs/report_assets/tables/t16_probability_error.md
N1235,3.2%,results/s3_probability_error.csv,"{""policy"": ""P2 p90"", ""risk_shift"": ""-0.1""}",share_sessions_both_attend_hi,{:.1%},docs/report_assets/tables/t16_probability_error.md
N1236,0.07,results/s3_probability_error.csv,"{""policy"": ""P2 p95"", ""risk_shift"": ""-0.1""}",double_slots_mean,{:.2f},docs/report_assets/tables/t16_probability_error.md
N1237,12.80,results/s3_probability_error.csv,"{""policy"": ""P2 p95"", ""risk_shift"": ""-0.1""}",patients_served,{:.2f},docs/report_assets/tables/t16_probability_error.md
N1238,12.70,results/s3_probability_error.csv,"{""policy"": ""P2 p95"", ""risk_shift"": ""-0.1""}",patients_served_lo,{:.2f},docs/report_assets/tables/t16_probability_error.md
N1239,12.90,results/s3_probability_error.csv,"{""policy"": ""P2 p95"", ""risk_shift"": ""-0.1""}",patients_served_hi,{:.2f},docs/report_assets/tables/t16_probability_error.md
N1240,3.0,results/s3_probability_error.csv,"{""policy"": ""P2 p95"", ""risk_shift"": ""-0.1""}",mean_wait_min,{:.1f},docs/report_assets/tables/t16_probability_error.md
N1241,2.7,results/s3_probability_error.csv,"{""policy"": ""P2 p95"", ""risk_shift"": ""-0.1""}",mean_wait_min_lo,{:.1f},docs/report_assets/tables/t16_probability_error.md
N1242,3.2,results/s3_probability_error.csv,"{""policy"": ""P2 p95"", ""risk_shift"": ""-0.1""}",mean_wait_min_hi,{:.1f},docs/report_assets/tables/t16_probability_error.md
N1243,3.7,results/s3_probability_error.csv,"{""policy"": ""P2 p95"", ""risk_shift"": ""-0.1""}",overtime_min,{:.1f},docs/report_assets/tables/t16_probability_error.md
N1244,3.3,results/s3_probability_error.csv,"{""policy"": ""P2 p95"", ""risk_shift"": ""-0.1""}",overtime_min_lo,{:.1f},docs/report_assets/tables/t16_probability_error.md
N1245,4.2,results/s3_probability_error.csv,"{""policy"": ""P2 p95"", ""risk_shift"": ""-0.1""}",overtime_min_hi,{:.1f},docs/report_assets/tables/t16_probability_error.md
N1246,71.5,results/s3_probability_error.csv,"{""policy"": ""P2 p95"", ""risk_shift"": ""-0.1""}",idle_min,{:.1f},docs/report_assets/tables/t16_probability_error.md
N1247,69.8,results/s3_probability_error.csv,"{""policy"": ""P2 p95"", ""risk_shift"": ""-0.1""}",idle_min_lo,{:.1f},docs/report_assets/tables/t16_probability_error.md
N1248,73.3,results/s3_probability_error.csv,"{""policy"": ""P2 p95"", ""risk_shift"": ""-0.1""}",idle_min_hi,{:.1f},docs/report_assets/tables/t16_probability_error.md
N1249,1.1%,results/s3_probability_error.csv,"{""policy"": ""P2 p95"", ""risk_shift"": ""-0.1""}",share_sessions_both_attend,{:.1%},docs/report_assets/tables/t16_probability_error.md
N1250,0.5%,results/s3_probability_error.csv,"{""policy"": ""P2 p95"", ""risk_shift"": ""-0.1""}",share_sessions_both_attend_lo,{:.1%},docs/report_assets/tables/t16_probability_error.md
N1251,1.7%,results/s3_probability_error.csv,"{""policy"": ""P2 p95"", ""risk_shift"": ""-0.1""}",share_sessions_both_attend_hi,{:.1%},docs/report_assets/tables/t16_probability_error.md
N1252,2.62,results/s3_probability_error.csv,"{""policy"": ""P2 0.3"", ""risk_shift"": ""-0.05""}",double_slots_mean,{:.2f},docs/report_assets/tables/t16_probability_error.md
N1253,14.86,results/s3_probability_error.csv,"{""policy"": ""P2 0.3"", ""risk_shift"": ""-0.05""}",patients_served,{:.2f},docs/report_assets/tables/t16_probability_error.md
N1254,14.75,results/s3_probability_error.csv,"{""policy"": ""P2 0.3"", ""risk_shift"": ""-0.05""}",patients_served_lo,{:.2f},docs/report_assets/tables/t16_probability_error.md
N1255,14.98,results/s3_probability_error.csv,"{""policy"": ""P2 0.3"", ""risk_shift"": ""-0.05""}",patients_served_hi,{:.2f},docs/report_assets/tables/t16_probability_error.md
N1256,7.2,results/s3_probability_error.csv,"{""policy"": ""P2 0.3"", ""risk_shift"": ""-0.05""}",mean_wait_min,{:.1f},docs/report_assets/tables/t16_probability_error.md
N1257,6.8,results/s3_probability_error.csv,"{""policy"": ""P2 0.3"", ""risk_shift"": ""-0.05""}",mean_wait_min_lo,{:.1f},docs/report_assets/tables/t16_probability_error.md
N1258,7.7,results/s3_probability_error.csv,"{""policy"": ""P2 0.3"", ""risk_shift"": ""-0.05""}",mean_wait_min_hi,{:.1f},docs/report_assets/tables/t16_probability_error.md
N1259,9.6,results/s3_probability_error.csv,"{""policy"": ""P2 0.3"", ""risk_shift"": ""-0.05""}",overtime_min,{:.1f},docs/report_assets/tables/t16_probability_error.md
N1260,8.8,results/s3_probability_error.csv,"{""policy"": ""P2 0.3"", ""risk_shift"": ""-0.05""}",overtime_min_lo,{:.1f},docs/report_assets/tables/t16_probability_error.md
N1261,10.4,results/s3_probability_error.csv,"{""policy"": ""P2 0.3"", ""risk_shift"": ""-0.05""}",overtime_min_hi,{:.1f},docs/report_assets/tables/t16_probability_error.md
N1262,49.8,results/s3_probability_error.csv,"{""policy"": ""P2 0.3"", ""risk_shift"": ""-0.05""}",idle_min,{:.1f},docs/report_assets/tables/t16_probability_error.md
N1263,48.1,results/s3_probability_error.csv,"{""policy"": ""P2 0.3"", ""risk_shift"": ""-0.05""}",idle_min_lo,{:.1f},docs/report_assets/tables/t16_probability_error.md
N1264,51.5,results/s3_probability_error.csv,"{""policy"": ""P2 0.3"", ""risk_shift"": ""-0.05""}",idle_min_hi,{:.1f},docs/report_assets/tables/t16_probability_error.md
N1265,73.3%,results/s3_probability_error.csv,"{""policy"": ""P2 0.3"", ""risk_shift"": ""-0.05""}",share_sessions_both_attend,{:.1%},docs/report_assets/tables/t16_probability_error.md
N1266,70.6%,results/s3_probability_error.csv,"{""policy"": ""P2 0.3"", ""risk_shift"": ""-0.05""}",share_sessions_both_attend_lo,{:.1%},docs/report_assets/tables/t16_probability_error.md
N1267,76.0%,results/s3_probability_error.csv,"{""policy"": ""P2 0.3"", ""risk_shift"": ""-0.05""}",share_sessions_both_attend_hi,{:.1%},docs/report_assets/tables/t16_probability_error.md
N1268,0.04,results/s3_probability_error.csv,"{""policy"": ""P2 0.5"", ""risk_shift"": ""-0.05""}",double_slots_mean,{:.2f},docs/report_assets/tables/t16_probability_error.md
N1269,12.78,results/s3_probability_error.csv,"{""policy"": ""P2 0.5"", ""risk_shift"": ""-0.05""}",patients_served,{:.2f},docs/report_assets/tables/t16_probability_error.md
N1270,12.68,results/s3_probability_error.csv,"{""policy"": ""P2 0.5"", ""risk_shift"": ""-0.05""}",patients_served_lo,{:.2f},docs/report_assets/tables/t16_probability_error.md
N1271,12.88,results/s3_probability_error.csv,"{""policy"": ""P2 0.5"", ""risk_shift"": ""-0.05""}",patients_served_hi,{:.2f},docs/report_assets/tables/t16_probability_error.md
N1272,2.9,results/s3_probability_error.csv,"{""policy"": ""P2 0.5"", ""risk_shift"": ""-0.05""}",mean_wait_min,{:.1f},docs/report_assets/tables/t16_probability_error.md
N1273,2.7,results/s3_probability_error.csv,"{""policy"": ""P2 0.5"", ""risk_shift"": ""-0.05""}",mean_wait_min_lo,{:.1f},docs/report_assets/tables/t16_probability_error.md
N1274,3.2,results/s3_probability_error.csv,"{""policy"": ""P2 0.5"", ""risk_shift"": ""-0.05""}",mean_wait_min_hi,{:.1f},docs/report_assets/tables/t16_probability_error.md
N1275,3.7,results/s3_probability_error.csv,"{""policy"": ""P2 0.5"", ""risk_shift"": ""-0.05""}",overtime_min,{:.1f},docs/report_assets/tables/t16_probability_error.md
N1276,3.3,results/s3_probability_error.csv,"{""policy"": ""P2 0.5"", ""risk_shift"": ""-0.05""}",overtime_min_lo,{:.1f},docs/report_assets/tables/t16_probability_error.md
N1277,4.1,results/s3_probability_error.csv,"{""policy"": ""P2 0.5"", ""risk_shift"": ""-0.05""}",overtime_min_hi,{:.1f},docs/report_assets/tables/t16_probability_error.md
N1278,71.7,results/s3_probability_error.csv,"{""policy"": ""P2 0.5"", ""risk_shift"": ""-0.05""}",idle_min,{:.1f},docs/report_assets/tables/t16_probability_error.md
N1279,70.0,results/s3_probability_error.csv,"{""policy"": ""P2 0.5"", ""risk_shift"": ""-0.05""}",idle_min_lo,{:.1f},docs/report_assets/tables/t16_probability_error.md
N1280,73.5,results/s3_probability_error.csv,"{""policy"": ""P2 0.5"", ""risk_shift"": ""-0.05""}",idle_min_hi,{:.1f},docs/report_assets/tables/t16_probability_error.md
N1281,0.5%,results/s3_probability_error.csv,"{""policy"": ""P2 0.5"", ""risk_shift"": ""-0.05""}",share_sessions_both_attend,{:.1%},docs/report_assets/tables/t16_probability_error.md
N1282,0.1%,results/s3_probability_error.csv,"{""policy"": ""P2 0.5"", ""risk_shift"": ""-0.05""}",share_sessions_both_attend_lo,{:.1%},docs/report_assets/tables/t16_probability_error.md
N1283,0.9%,results/s3_probability_error.csv,"{""policy"": ""P2 0.5"", ""risk_shift"": ""-0.05""}",share_sessions_both_attend_hi,{:.1%},docs/report_assets/tables/t16_probability_error.md
N1284,5.59,results/s3_probability_error.csv,"{""policy"": ""P2 p50"", ""risk_shift"": ""-0.05""}",double_slots_mean,{:.2f},docs/report_assets/tables/t16_probability_error.md
N1285,17.23,results/s3_probability_error.csv,"{""policy"": ""P2 p50"", ""risk_shift"": ""-0.05""}",patients_served,{:.2f},docs/report_assets/tables/t16_probability_error.md
N1286,17.10,results/s3_probability_error.csv,"{""policy"": ""P2 p50"", ""risk_shift"": ""-0.05""}",patients_served_lo,{:.2f},docs/report_assets/tables/t16_probability_error.md
N1287,17.35,results/s3_probability_error.csv,"{""policy"": ""P2 p50"", ""risk_shift"": ""-0.05""}",patients_served_hi,{:.2f},docs/report_assets/tables/t16_probability_error.md
N1288,14.2,results/s3_probability_error.csv,"{""policy"": ""P2 p50"", ""risk_shift"": ""-0.05""}",mean_wait_min,{:.1f},docs/report_assets/tables/t16_probability_error.md
N1289,13.4,results/s3_probability_error.csv,"{""policy"": ""P2 p50"", ""risk_shift"": ""-0.05""}",mean_wait_min_lo,{:.1f},docs/report_assets/tables/t16_probability_error.md
N1290,14.9,results/s3_probability_error.csv,"{""policy"": ""P2 p50"", ""risk_shift"": ""-0.05""}",mean_wait_min_hi,{:.1f},docs/report_assets/tables/t16_probability_error.md
N1291,21.8,results/s3_probability_error.csv,"{""policy"": ""P2 p50"", ""risk_shift"": ""-0.05""}",overtime_min,{:.1f},docs/report_assets/tables/t16_probability_error.md
N1292,20.4,results/s3_probability_error.csv,"{""policy"": ""P2 p50"", ""risk_shift"": ""-0.05""}",overtime_min_lo,{:.1f},docs/report_assets/tables/t16_probability_error.md
N1293,23.2,results/s3_probability_error.csv,"{""policy"": ""P2 p50"", ""risk_shift"": ""-0.05""}",overtime_min_hi,{:.1f},docs/report_assets/tables/t16_probability_error.md
N1294,30.0,results/s3_probability_error.csv,"{""policy"": ""P2 p50"", ""risk_shift"": ""-0.05""}",idle_min,{:.1f},docs/report_assets/tables/t16_probability_error.md
N1295,28.6,results/s3_probability_error.csv,"{""policy"": ""P2 p50"", ""risk_shift"": ""-0.05""}",idle_min_lo,{:.1f},docs/report_assets/tables/t16_probability_error.md
N1296,31.5,results/s3_probability_error.csv,"{""policy"": ""P2 p50"", ""risk_shift"": ""-0.05""}",idle_min_hi,{:.1f},docs/report_assets/tables/t16_probability_error.md
N1297,96.8%,results/s3_probability_error.csv,"{""policy"": ""P2 p50"", ""risk_shift"": ""-0.05""}",share_sessions_both_attend,{:.1%},docs/report_assets/tables/t16_probability_error.md
N1298,95.7%,results/s3_probability_error.csv,"{""policy"": ""P2 p50"", ""risk_shift"": ""-0.05""}",share_sessions_both_attend_lo,{:.1%},docs/report_assets/tables/t16_probability_error.md
N1299,97.9%,results/s3_probability_error.csv,"{""policy"": ""P2 p50"", ""risk_shift"": ""-0.05""}",share_sessions_both_attend_hi,{:.1%},docs/report_assets/tables/t16_probability_error.md
N1300,3.01,results/s3_probability_error.csv,"{""policy"": ""P2 p70"", ""risk_shift"": ""-0.05""}",double_slots_mean,{:.2f},docs/report_assets/tables/t16_probability_error.md
N1301,15.16,results/s3_probability_error.csv,"{""policy"": ""P2 p70"", ""risk_shift"": ""-0.05""}",patients_served,{:.2f},docs/report_assets/tables/t16_probability_error.md
N1302,15.05,results/s3_probability_error.csv,"{""policy"": ""P2 p70"", ""risk_shift"": ""-0.05""}",patients_served_lo,{:.2f},docs/report_assets/tables/t16_probability_error.md
N1303,15.28,results/s3_probability_error.csv,"{""policy"": ""P2 p70"", ""risk_shift"": ""-0.05""}",patients_served_hi,{:.2f},docs/report_assets/tables/t16_probability_error.md
N1304,8.0,results/s3_probability_error.csv,"{""policy"": ""P2 p70"", ""risk_shift"": ""-0.05""}",mean_wait_min,{:.1f},docs/report_assets/tables/t16_probability_error.md
N1305,7.5,results/s3_probability_error.csv,"{""policy"": ""P2 p70"", ""risk_shift"": ""-0.05""}",mean_wait_min_lo,{:.1f},docs/report_assets/tables/t16_probability_error.md
N1306,8.4,results/s3_probability_error.csv,"{""policy"": ""P2 p70"", ""risk_shift"": ""-0.05""}",mean_wait_min_hi,{:.1f},docs/report_assets/tables/t16_probability_error.md
N1307,10.8,results/s3_probability_error.csv,"{""policy"": ""P2 p70"", ""risk_shift"": ""-0.05""}",overtime_min,{:.1f},docs/report_assets/tables/t16_probability_error.md
N1308,9.9,results/s3_probability_error.csv,"{""policy"": ""P2 p70"", ""risk_shift"": ""-0.05""}",overtime_min_lo,{:.1f},docs/report_assets/tables/t16_probability_error.md
N1309,11.7,results/s3_probability_error.csv,"{""policy"": ""P2 p70"", ""risk_shift"": ""-0.05""}",overtime_min_hi,{:.1f},docs/report_assets/tables/t16_probability_error.md
N1310,46.9,results/s3_probability_error.csv,"{""policy"": ""P2 p70"", ""risk_shift"": ""-0.05""}",idle_min,{:.1f},docs/report_assets/tables/t16_probability_error.md
N1311,45.3,results/s3_probability_error.csv,"{""policy"": ""P2 p70"", ""risk_shift"": ""-0.05""}",idle_min_lo,{:.1f},docs/report_assets/tables/t16_probability_error.md
N1312,48.6,results/s3_probability_error.csv,"{""policy"": ""P2 p70"", ""risk_shift"": ""-0.05""}",idle_min_hi,{:.1f},docs/report_assets/tables/t16_probability_error.md
N1313,79.1%,results/s3_probability_error.csv,"{""policy"": ""P2 p70"", ""risk_shift"": ""-0.05""}",share_sessions_both_attend,{:.1%},docs/report_assets/tables/t16_probability_error.md
N1314,76.6%,results/s3_probability_error.csv,"{""policy"": ""P2 p70"", ""risk_shift"": ""-0.05""}",share_sessions_both_attend_lo,{:.1%},docs/report_assets/tables/t16_probability_error.md
N1315,81.6%,results/s3_probability_error.csv,"{""policy"": ""P2 p70"", ""risk_shift"": ""-0.05""}",share_sessions_both_attend_hi,{:.1%},docs/report_assets/tables/t16_probability_error.md
N1316,1.38,results/s3_probability_error.csv,"{""policy"": ""P2 p80"", ""risk_shift"": ""-0.05""}",double_slots_mean,{:.2f},docs/report_assets/tables/t16_probability_error.md
N1317,13.87,results/s3_probability_error.csv,"{""policy"": ""P2 p80"", ""risk_shift"": ""-0.05""}",patients_served,{:.2f},docs/report_assets/tables/t16_probability_error.md
N1318,13.76,results/s3_probability_error.csv,"{""policy"": ""P2 p80"", ""risk_shift"": ""-0.05""}",patients_served_lo,{:.2f},docs/report_assets/tables/t16_probability_error.md
N1319,13.97,results/s3_probability_error.csv,"{""policy"": ""P2 p80"", ""risk_shift"": ""-0.05""}",patients_served_hi,{:.2f},docs/report_assets/tables/t16_probability_error.md
N1320,5.0,results/s3_probability_error.csv,"{""policy"": ""P2 p80"", ""risk_shift"": ""-0.05""}",mean_wait_min,{:.1f},docs/report_assets/tables/t16_probability_error.md
N1321,4.6,results/s3_probability_error.csv,"{""policy"": ""P2 p80"", ""risk_shift"": ""-0.05""}",mean_wait_min_lo,{:.1f},docs/report_assets/tables/t16_probability_error.md
N1322,5.3,results/s3_probability_error.csv,"{""policy"": ""P2 p80"", ""risk_shift"": ""-0.05""}",mean_wait_min_hi,{:.1f},docs/report_assets/tables/t16_probability_error.md
N1323,6.2,results/s3_probability_error.csv,"{""policy"": ""P2 p80"", ""risk_shift"": ""-0.05""}",overtime_min,{:.1f},docs/report_assets/tables/t16_probability_error.md
N1324,5.6,results/s3_probability_error.csv,"{""policy"": ""P2 p80"", ""risk_shift"": ""-0.05""}",overtime_min_lo,{:.1f},docs/report_assets/tables/t16_probability_error.md
N1325,6.8,results/s3_probability_error.csv,"{""policy"": ""P2 p80"", ""risk_shift"": ""-0.05""}",overtime_min_hi,{:.1f},docs/report_assets/tables/t16_probability_error.md
N1326,59.7,results/s3_probability_error.csv,"{""policy"": ""P2 p80"", ""risk_shift"": ""-0.05""}",idle_min,{:.1f},docs/report_assets/tables/t16_probability_error.md
N1327,57.9,results/s3_probability_error.csv,"{""policy"": ""P2 p80"", ""risk_shift"": ""-0.05""}",idle_min_lo,{:.1f},docs/report_assets/tables/t16_probability_error.md
N1328,61.4,results/s3_probability_error.csv,"{""policy"": ""P2 p80"", ""risk_shift"": ""-0.05""}",idle_min_hi,{:.1f},docs/report_assets/tables/t16_probability_error.md
N1329,47.2%,results/s3_probability_error.csv,"{""policy"": ""P2 p80"", ""risk_shift"": ""-0.05""}",share_sessions_both_attend,{:.1%},docs/report_assets/tables/t16_probability_error.md
N1330,44.1%,results/s3_probability_error.csv,"{""policy"": ""P2 p80"", ""risk_shift"": ""-0.05""}",share_sessions_both_attend_lo,{:.1%},docs/report_assets/tables/t16_probability_error.md
N1331,50.3%,results/s3_probability_error.csv,"{""policy"": ""P2 p80"", ""risk_shift"": ""-0.05""}",share_sessions_both_attend_hi,{:.1%},docs/report_assets/tables/t16_probability_error.md
N1332,0.42,results/s3_probability_error.csv,"{""policy"": ""P2 p90"", ""risk_shift"": ""-0.05""}",double_slots_mean,{:.2f},docs/report_assets/tables/t16_probability_error.md
N1333,13.08,results/s3_probability_error.csv,"{""policy"": ""P2 p90"", ""risk_shift"": ""-0.05""}",patients_served,{:.2f},docs/report_assets/tables/t16_probability_error.md
N1334,12.98,results/s3_probability_error.csv,"{""policy"": ""P2 p90"", ""risk_shift"": ""-0.05""}",patients_served_lo,{:.2f},docs/report_assets/tables/t16_probability_error.md
N1335,13.19,results/s3_probability_error.csv,"{""policy"": ""P2 p90"", ""risk_shift"": ""-0.05""}",patients_served_hi,{:.2f},docs/report_assets/tables/t16_probability_error.md
N1336,3.4,results/s3_probability_error.csv,"{""policy"": ""P2 p90"", ""risk_shift"": ""-0.05""}",mean_wait_min,{:.1f},docs/report_assets/tables/t16_probability_error.md
N1337,3.2,results/s3_probability_error.csv,"{""policy"": ""P2 p90"", ""risk_shift"": ""-0.05""}",mean_wait_min_lo,{:.1f},docs/report_assets/tables/t16_probability_error.md
N1338,3.7,results/s3_probability_error.csv,"{""policy"": ""P2 p90"", ""risk_shift"": ""-0.05""}",mean_wait_min_hi,{:.1f},docs/report_assets/tables/t16_probability_error.md
N1339,4.2,results/s3_probability_error.csv,"{""policy"": ""P2 p90"", ""risk_shift"": ""-0.05""}",overtime_min,{:.1f},docs/report_assets/tables/t16_probability_error.md
N1340,3.8,results/s3_probability_error.csv,"{""policy"": ""P2 p90"", ""risk_shift"": ""-0.05""}",overtime_min_lo,{:.1f},docs/report_assets/tables/t16_probability_error.md
N1341,4.7,results/s3_probability_error.csv,"{""policy"": ""P2 p90"", ""risk_shift"": ""-0.05""}",overtime_min_hi,{:.1f},docs/report_assets/tables/t16_probability_error.md
N1342,68.4,results/s3_probability_error.csv,"{""policy"": ""P2 p90"", ""risk_shift"": ""-0.05""}",idle_min,{:.1f},docs/report_assets/tables/t16_probability_error.md
N1343,66.6,results/s3_probability_error.csv,"{""policy"": ""P2 p90"", ""risk_shift"": ""-0.05""}",idle_min_lo,{:.1f},docs/report_assets/tables/t16_probability_error.md
N1344,70.2,results/s3_probability_error.csv,"{""policy"": ""P2 p90"", ""risk_shift"": ""-0.05""}",idle_min_hi,{:.1f},docs/report_assets/tables/t16_probability_error.md
N1345,14.9%,results/s3_probability_error.csv,"{""policy"": ""P2 p90"", ""risk_shift"": ""-0.05""}",share_sessions_both_attend,{:.1%},docs/report_assets/tables/t16_probability_error.md
N1346,12.7%,results/s3_probability_error.csv,"{""policy"": ""P2 p90"", ""risk_shift"": ""-0.05""}",share_sessions_both_attend_lo,{:.1%},docs/report_assets/tables/t16_probability_error.md
N1347,17.1%,results/s3_probability_error.csv,"{""policy"": ""P2 p90"", ""risk_shift"": ""-0.05""}",share_sessions_both_attend_hi,{:.1%},docs/report_assets/tables/t16_probability_error.md
N1348,0.20,results/s3_probability_error.csv,"{""policy"": ""P2 p95"", ""risk_shift"": ""-0.05""}",double_slots_mean,{:.2f},docs/report_assets/tables/t16_probability_error.md
N1349,12.90,results/s3_probability_error.csv,"{""policy"": ""P2 p95"", ""risk_shift"": ""-0.05""}",patients_served,{:.2f},docs/report_assets/tables/t16_probability_error.md
N1350,12.80,results/s3_probability_error.csv,"{""policy"": ""P2 p95"", ""risk_shift"": ""-0.05""}",patients_served_lo,{:.2f},docs/report_assets/tables/t16_probability_error.md
N1351,13.01,results/s3_probability_error.csv,"{""policy"": ""P2 p95"", ""risk_shift"": ""-0.05""}",patients_served_hi,{:.2f},docs/report_assets/tables/t16_probability_error.md
N1352,3.1,results/s3_probability_error.csv,"{""policy"": ""P2 p95"", ""risk_shift"": ""-0.05""}",mean_wait_min,{:.1f},docs/report_assets/tables/t16_probability_error.md
N1353,2.9,results/s3_probability_error.csv,"{""policy"": ""P2 p95"", ""risk_shift"": ""-0.05""}",mean_wait_min_lo,{:.1f},docs/report_assets/tables/t16_probability_error.md
N1354,3.4,results/s3_probability_error.csv,"{""policy"": ""P2 p95"", ""risk_shift"": ""-0.05""}",mean_wait_min_hi,{:.1f},docs/report_assets/tables/t16_probability_error.md
N1355,3.9,results/s3_probability_error.csv,"{""policy"": ""P2 p95"", ""risk_shift"": ""-0.05""}",overtime_min,{:.1f},docs/report_assets/tables/t16_probability_error.md
N1356,3.5,results/s3_probability_error.csv,"{""policy"": ""P2 p95"", ""risk_shift"": ""-0.05""}",overtime_min_lo,{:.1f},docs/report_assets/tables/t16_probability_error.md
N1357,4.4,results/s3_probability_error.csv,"{""policy"": ""P2 p95"", ""risk_shift"": ""-0.05""}",overtime_min_hi,{:.1f},docs/report_assets/tables/t16_probability_error.md
N1358,70.4,results/s3_probability_error.csv,"{""policy"": ""P2 p95"", ""risk_shift"": ""-0.05""}",idle_min,{:.1f},docs/report_assets/tables/t16_probability_error.md
N1359,68.6,results/s3_probability_error.csv,"{""policy"": ""P2 p95"", ""risk_shift"": ""-0.05""}",idle_min_lo,{:.1f},docs/report_assets/tables/t16_probability_error.md
N1360,72.1,results/s3_probability_error.csv,"{""policy"": ""P2 p95"", ""risk_shift"": ""-0.05""}",idle_min_hi,{:.1f},docs/report_assets/tables/t16_probability_error.md
N1361,6.1%,results/s3_probability_error.csv,"{""policy"": ""P2 p95"", ""risk_shift"": ""-0.05""}",share_sessions_both_attend,{:.1%},docs/report_assets/tables/t16_probability_error.md
N1362,4.6%,results/s3_probability_error.csv,"{""policy"": ""P2 p95"", ""risk_shift"": ""-0.05""}",share_sessions_both_attend_lo,{:.1%},docs/report_assets/tables/t16_probability_error.md
N1363,7.6%,results/s3_probability_error.csv,"{""policy"": ""P2 p95"", ""risk_shift"": ""-0.05""}",share_sessions_both_attend_hi,{:.1%},docs/report_assets/tables/t16_probability_error.md
N1364,4.36,results/s3_probability_error.csv,"{""policy"": ""P2 0.3"", ""risk_shift"": ""0.0""}",double_slots_mean,{:.2f},docs/report_assets/tables/t16_probability_error.md
N1365,16.25,results/s3_probability_error.csv,"{""policy"": ""P2 0.3"", ""risk_shift"": ""0.0""}",patients_served,{:.2f},docs/report_assets/tables/t16_probability_error.md
N1366,16.13,results/s3_probability_error.csv,"{""policy"": ""P2 0.3"", ""risk_shift"": ""0.0""}",patients_served_lo,{:.2f},docs/report_assets/tables/t16_probability_error.md
N1367,16.38,results/s3_probability_error.csv,"{""policy"": ""P2 0.3"", ""risk_shift"": ""0.0""}",patients_served_hi,{:.2f},docs/report_assets/tables/t16_probability_error.md
N1368,11.0,results/s3_probability_error.csv,"{""policy"": ""P2 0.3"", ""risk_shift"": ""0.0""}",mean_wait_min,{:.1f},docs/report_assets/tables/t16_probability_error.md
N1369,10.4,results/s3_probability_error.csv,"{""policy"": ""P2 0.3"", ""risk_shift"": ""0.0""}",mean_wait_min_lo,{:.1f},docs/report_assets/tables/t16_probability_error.md
N1370,11.6,results/s3_probability_error.csv,"{""policy"": ""P2 0.3"", ""risk_shift"": ""0.0""}",mean_wait_min_hi,{:.1f},docs/report_assets/tables/t16_probability_error.md
N1371,16.1,results/s3_probability_error.csv,"{""policy"": ""P2 0.3"", ""risk_shift"": ""0.0""}",overtime_min,{:.1f},docs/report_assets/tables/t16_probability_error.md
N1372,14.9,results/s3_probability_error.csv,"{""policy"": ""P2 0.3"", ""risk_shift"": ""0.0""}",overtime_min_lo,{:.1f},docs/report_assets/tables/t16_probability_error.md
N1373,17.3,results/s3_probability_error.csv,"{""policy"": ""P2 0.3"", ""risk_shift"": ""0.0""}",overtime_min_hi,{:.1f},docs/report_assets/tables/t16_probability_error.md
N1374,37.6,results/s3_probability_error.csv,"{""policy"": ""P2 0.3"", ""risk_shift"": ""0.0""}",idle_min,{:.1f},docs/report_assets/tables/t16_probability_error.md
N1375,36.1,results/s3_probability_error.csv,"{""policy"": ""P2 0.3"", ""risk_shift"": ""0.0""}",idle_min_lo,{:.1f},docs/report_assets/tables/t16_probability_error.md
N1376,39.2,results/s3_probability_error.csv,"{""policy"": ""P2 0.3"", ""risk_shift"": ""0.0""}",idle_min_hi,{:.1f},docs/report_assets/tables/t16_probability_error.md
N1377,91.6%,results/s3_probability_error.csv,"{""policy"": ""P2 0.3"", ""risk_shift"": ""0.0""}",share_sessions_both_attend,{:.1%},docs/report_assets/tables/t16_probability_error.md
N1378,89.9%,results/s3_probability_error.csv,"{""policy"": ""P2 0.3"", ""risk_shift"": ""0.0""}",share_sessions_both_attend_lo,{:.1%},docs/report_assets/tables/t16_probability_error.md
N1379,93.3%,results/s3_probability_error.csv,"{""policy"": ""P2 0.3"", ""risk_shift"": ""0.0""}",share_sessions_both_attend_hi,{:.1%},docs/report_assets/tables/t16_probability_error.md
N1380,0.07,results/s3_probability_error.csv,"{""policy"": ""P2 0.5"", ""risk_shift"": ""0.0""}",double_slots_mean,{:.2f},docs/report_assets/tables/t16_probability_error.md
N1381,12.80,results/s3_probability_error.csv,"{""policy"": ""P2 0.5"", ""risk_shift"": ""0.0""}",patients_served,{:.2f},docs/report_assets/tables/t16_probability_error.md
N1382,12.70,results/s3_probability_error.csv,"{""policy"": ""P2 0.5"", ""risk_shift"": ""0.0""}",patients_served_lo,{:.2f},docs/report_assets/tables/t16_probability_error.md
N1383,12.90,results/s3_probability_error.csv,"{""policy"": ""P2 0.5"", ""risk_shift"": ""0.0""}",patients_served_hi,{:.2f},docs/report_assets/tables/t16_probability_error.md
N1384,3.0,results/s3_probability_error.csv,"{""policy"": ""P2 0.5"", ""risk_shift"": ""0.0""}",mean_wait_min,{:.1f},docs/report_assets/tables/t16_probability_error.md
N1385,2.7,results/s3_probability_error.csv,"{""policy"": ""P2 0.5"", ""risk_shift"": ""0.0""}",mean_wait_min_lo,{:.1f},docs/report_assets/tables/t16_probability_error.md
N1386,3.2,results/s3_probability_error.csv,"{""policy"": ""P2 0.5"", ""risk_shift"": ""0.0""}",mean_wait_min_hi,{:.1f},docs/report_assets/tables/t16_probability_error.md
N1387,3.7,results/s3_probability_error.csv,"{""policy"": ""P2 0.5"", ""risk_shift"": ""0.0""}",overtime_min,{:.1f},docs/report_assets/tables/t16_probability_error.md
N1388,3.3,results/s3_probability_error.csv,"{""policy"": ""P2 0.5"", ""risk_shift"": ""0.0""}",overtime_min_lo,{:.1f},docs/report_assets/tables/t16_probability_error.md
N1389,4.2,results/s3_probability_error.csv,"{""policy"": ""P2 0.5"", ""risk_shift"": ""0.0""}",overtime_min_hi,{:.1f},docs/report_assets/tables/t16_probability_error.md
N1390,71.5,results/s3_probability_error.csv,"{""policy"": ""P2 0.5"", ""risk_shift"": ""0.0""}",idle_min,{:.1f},docs/report_assets/tables/t16_probability_error.md
N1391,69.7,results/s3_probability_error.csv,"{""policy"": ""P2 0.5"", ""risk_shift"": ""0.0""}",idle_min_lo,{:.1f},docs/report_assets/tables/t16_probability_error.md
N1392,73.2,results/s3_probability_error.csv,"{""policy"": ""P2 0.5"", ""risk_shift"": ""0.0""}",idle_min_hi,{:.1f},docs/report_assets/tables/t16_probability_error.md
N1393,1.2%,results/s3_probability_error.csv,"{""policy"": ""P2 0.5"", ""risk_shift"": ""0.0""}",share_sessions_both_attend,{:.1%},docs/report_assets/tables/t16_probability_error.md
N1394,0.5%,results/s3_probability_error.csv,"{""policy"": ""P2 0.5"", ""risk_shift"": ""0.0""}",share_sessions_both_attend_lo,{:.1%},docs/report_assets/tables/t16_probability_error.md
N1395,1.9%,results/s3_probability_error.csv,"{""policy"": ""P2 0.5"", ""risk_shift"": ""0.0""}",share_sessions_both_attend_hi,{:.1%},docs/report_assets/tables/t16_probability_error.md
N1396,8.04,results/s3_probability_error.csv,"{""policy"": ""P2 p50"", ""risk_shift"": ""0.0""}",double_slots_mean,{:.2f},docs/report_assets/tables/t16_probability_error.md
N1397,19.17,results/s3_probability_error.csv,"{""policy"": ""P2 p50"", ""risk_shift"": ""0.0""}",patients_served,{:.2f},docs/report_assets/tables/t16_probability_error.md
N1398,19.03,results/s3_probability_error.csv,"{""policy"": ""P2 p50"", ""risk_shift"": ""0.0""}",patients_served_lo,{:.2f},docs/report_assets/tables/t16_probability_error.md
N1399,19.31,results/s3_probability_error.csv,"{""policy"": ""P2 p50"", ""risk_shift"": ""0.0""}",patients_served_hi,{:.2f},docs/report_assets/tables/t16_probability_error.md
N1400,21.7,results/s3_probability_error.csv,"{""policy"": ""P2 p50"", ""risk_shift"": ""0.0""}",mean_wait_min,{:.1f},docs/report_assets/tables/t16_probability_error.md
N1401,20.8,results/s3_probability_error.csv,"{""policy"": ""P2 p50"", ""risk_shift"": ""0.0""}",mean_wait_min_lo,{:.1f},docs/report_assets/tables/t16_probability_error.md
N1402,22.6,results/s3_probability_error.csv,"{""policy"": ""P2 p50"", ""risk_shift"": ""0.0""}",mean_wait_min_hi,{:.1f},docs/report_assets/tables/t16_probability_error.md
N1403,36.4,results/s3_probability_error.csv,"{""policy"": ""P2 p50"", ""risk_shift"": ""0.0""}",overtime_min,{:.1f},docs/report_assets/tables/t16_probability_error.md
N1404,34.5,results/s3_probability_error.csv,"{""policy"": ""P2 p50"", ""risk_shift"": ""0.0""}",overtime_min_lo,{:.1f},docs/report_assets/tables/t16_probability_error.md
N1405,38.2,results/s3_probability_error.csv,"{""policy"": ""P2 p50"", ""risk_shift"": ""0.0""}",overtime_min_hi,{:.1f},docs/report_assets/tables/t16_probability_error.md
N1406,18.6,results/s3_probability_error.csv,"{""policy"": ""P2 p50"", ""risk_shift"": ""0.0""}",idle_min,{:.1f},docs/report_assets/tables/t16_probability_error.md
N1407,17.4,results/s3_probability_error.csv,"{""policy"": ""P2 p50"", ""risk_shift"": ""0.0""}",idle_min_lo,{:.1f},docs/report_assets/tables/t16_probability_error.md
N1408,19.7,results/s3_probability_error.csv,"{""policy"": ""P2 p50"", ""risk_shift"": ""0.0""}",idle_min_hi,{:.1f},docs/report_assets/tables/t16_probability_error.md
N1409,99.2%,results/s3_probability_error.csv,"{""policy"": ""P2 p50"", ""risk_shift"": ""0.0""}",share_sessions_both_attend,{:.1%},docs/report_assets/tables/t16_probability_error.md
N1410,98.6%,results/s3_probability_error.csv,"{""policy"": ""P2 p50"", ""risk_shift"": ""0.0""}",share_sessions_both_attend_lo,{:.1%},docs/report_assets/tables/t16_probability_error.md
N1411,99.8%,results/s3_probability_error.csv,"{""policy"": ""P2 p50"", ""risk_shift"": ""0.0""}",share_sessions_both_attend_hi,{:.1%},docs/report_assets/tables/t16_probability_error.md
N1412,4.81,results/s3_probability_error.csv,"{""policy"": ""P2 p70"", ""risk_shift"": ""0.0""}",double_slots_mean,{:.2f},docs/report_assets/tables/t16_probability_error.md
N1413,16.61,results/s3_probability_error.csv,"{""policy"": ""P2 p70"", ""risk_shift"": ""0.0""}",patients_served,{:.2f},docs/report_assets/tables/t16_probability_error.md
N1414,16.49,results/s3_probability_error.csv,"{""policy"": ""P2 p70"", ""risk_shift"": ""0.0""}",patients_served_lo,{:.2f},docs/report_assets/tables/t16_probability_error.md
N1415,16.74,results/s3_probability_error.csv,"{""policy"": ""P2 p70"", ""risk_shift"": ""0.0""}",patients_served_hi,{:.2f},docs/report_assets/tables/t16_probability_error.md
N1416,12.1,results/s3_probability_error.csv,"{""policy"": ""P2 p70"", ""risk_shift"": ""0.0""}",mean_wait_min,{:.1f},docs/report_assets/tables/t16_probability_error.md
N1417,11.5,results/s3_probability_error.csv,"{""policy"": ""P2 p70"", ""risk_shift"": ""0.0""}",mean_wait_min_lo,{:.1f},docs/report_assets/tables/t16_probability_error.md
N1418,12.7,results/s3_probability_error.csv,"{""policy"": ""P2 p70"", ""risk_shift"": ""0.0""}",mean_wait_min_hi,{:.1f},docs/report_assets/tables/t16_probability_error.md
N1419,17.9,results/s3_probability_error.csv,"{""policy"": ""P2 p70"", ""risk_shift"": ""0.0""}",overtime_min,{:.1f},docs/report_assets/tables/t16_probability_error.md
N1420,16.7,results/s3_probability_error.csv,"{""policy"": ""P2 p70"", ""risk_shift"": ""0.0""}",overtime_min_lo,{:.1f},docs/report_assets/tables/t16_probability_error.md
N1421,19.2,results/s3_probability_error.csv,"{""policy"": ""P2 p70"", ""risk_shift"": ""0.0""}",overtime_min_hi,{:.1f},docs/report_assets/tables/t16_probability_error.md
N1422,34.5,results/s3_probability_error.csv,"{""policy"": ""P2 p70"", ""risk_shift"": ""0.0""}",idle_min,{:.1f},docs/report_assets/tables/t16_probability_error.md
N1423,32.9,results/s3_probability_error.csv,"{""policy"": ""P2 p70"", ""risk_shift"": ""0.0""}",idle_min_lo,{:.1f},docs/report_assets/tables/t16_probability_error.md
N1424,36.0,results/s3_probability_error.csv,"{""policy"": ""P2 p70"", ""risk_shift"": ""0.0""}",idle_min_hi,{:.1f},docs/report_assets/tables/t16_probability_error.md
N1425,93.8%,results/s3_probability_error.csv,"{""policy"": ""P2 p70"", ""risk_shift"": ""0.0""}",share_sessions_both_attend,{:.1%},docs/report_assets/tables/t16_probability_error.md
N1426,92.3%,results/s3_probability_error.csv,"{""policy"": ""P2 p70"", ""risk_shift"": ""0.0""}",share_sessions_both_attend_lo,{:.1%},docs/report_assets/tables/t16_probability_error.md
N1427,95.3%,results/s3_probability_error.csv,"{""policy"": ""P2 p70"", ""risk_shift"": ""0.0""}",share_sessions_both_attend_hi,{:.1%},docs/report_assets/tables/t16_probability_error.md
N1428,3.18,results/s3_probability_error.csv,"{""policy"": ""P2 p80"", ""risk_shift"": ""0.0""}",double_slots_mean,{:.2f},docs/report_assets/tables/t16_probability_error.md
N1429,15.30,results/s3_probability_error.csv,"{""policy"": ""P2 p80"", ""risk_shift"": ""0.0""}",patients_served,{:.2f},docs/report_assets/tables/t16_probability_error.md
N1430,15.18,results/s3_probability_error.csv,"{""policy"": ""P2 p80"", ""risk_shift"": ""0.0""}",patients_served_lo,{:.2f},docs/report_assets/tables/t16_probability_error.md
N1431,15.42,results/s3_probability_error.csv,"{""policy"": ""P2 p80"", ""risk_shift"": ""0.0""}",patients_served_hi,{:.2f},docs/report_assets/tables/t16_probability_error.md
N1432,8.4,results/s3_probability_error.csv,"{""policy"": ""P2 p80"", ""risk_shift"": ""0.0""}",mean_wait_min,{:.1f},docs/report_assets/tables/t16_probability_error.md
N1433,7.9,results/s3_probability_error.csv,"{""policy"": ""P2 p80"", ""risk_shift"": ""0.0""}",mean_wait_min_lo,{:.1f},docs/report_assets/tables/t16_probability_error.md
N1434,8.9,results/s3_probability_error.csv,"{""policy"": ""P2 p80"", ""risk_shift"": ""0.0""}",mean_wait_min_hi,{:.1f},docs/report_assets/tables/t16_probability_error.md
N1435,11.4,results/s3_probability_error.csv,"{""policy"": ""P2 p80"", ""risk_shift"": ""0.0""}",overtime_min,{:.1f},docs/report_assets/tables/t16_probability_error.md
N1436,10.5,results/s3_probability_error.csv,"{""policy"": ""P2 p80"", ""risk_shift"": ""0.0""}",overtime_min_lo,{:.1f},docs/report_assets/tables/t16_probability_error.md
N1437,12.4,results/s3_probability_error.csv,"{""policy"": ""P2 p80"", ""risk_shift"": ""0.0""}",overtime_min_hi,{:.1f},docs/report_assets/tables/t16_probability_error.md
N1438,45.8,results/s3_probability_error.csv,"{""policy"": ""P2 p80"", ""risk_shift"": ""0.0""}",idle_min,{:.1f},docs/report_assets/tables/t16_probability_error.md
N1439,44.2,results/s3_probability_error.csv,"{""policy"": ""P2 p80"", ""risk_shift"": ""0.0""}",idle_min_lo,{:.1f},docs/report_assets/tables/t16_probability_error.md
N1440,47.5,results/s3_probability_error.csv,"{""policy"": ""P2 p80"", ""risk_shift"": ""0.0""}",idle_min_hi,{:.1f},docs/report_assets/tables/t16_probability_error.md
N1441,80.7%,results/s3_probability_error.csv,"{""policy"": ""P2 p80"", ""risk_shift"": ""0.0""}",share_sessions_both_attend,{:.1%},docs/report_assets/tables/t16_probability_error.md
N1442,78.2%,results/s3_probability_error.csv,"{""policy"": ""P2 p80"", ""risk_shift"": ""0.0""}",share_sessions_both_attend_lo,{:.1%},docs/report_assets/tables/t16_probability_error.md
N1443,83.2%,results/s3_probability_error.csv,"{""policy"": ""P2 p80"", ""risk_shift"": ""0.0""}",share_sessions_both_attend_hi,{:.1%},docs/report_assets/tables/t16_probability_error.md
N1444,1.52,results/s3_probability_error.csv,"{""policy"": ""P2 p90"", ""risk_shift"": ""0.0""}",double_slots_mean,{:.2f},docs/report_assets/tables/t16_probability_error.md
N1445,13.99,results/s3_probability_error.csv,"{""policy"": ""P2 p90"", ""risk_shift"": ""0.0""}",patients_served,{:.2f},docs/report_assets/tables/t16_probability_error.md
N1446,13.88,results/s3_probability_error.csv,"{""policy"": ""P2 p90"", ""risk_shift"": ""0.0""}",patients_served_lo,{:.2f},docs/report_assets/tables/t16_probability_error.md
N1447,14.10,results/s3_probability_error.csv,"{""policy"": ""P2 p90"", ""risk_shift"": ""0.0""}",patients_served_hi,{:.2f},docs/report_assets/tables/t16_probability_error.md
N1448,5.2,results/s3_probability_error.csv,"{""policy"": ""P2 p90"", ""risk_shift"": ""0.0""}",mean_wait_min,{:.1f},docs/report_assets/tables/t16_probability_error.md
N1449,4.8,results/s3_probability_error.csv,"{""policy"": ""P2 p90"", ""risk_shift"": ""0.0""}",mean_wait_min_lo,{:.1f},docs/report_assets/tables/t16_probability_error.md
N1450,5.6,results/s3_probability_error.csv,"{""policy"": ""P2 p90"", ""risk_shift"": ""0.0""}",mean_wait_min_hi,{:.1f},docs/report_assets/tables/t16_probability_error.md
N1451,6.6,results/s3_probability_error.csv,"{""policy"": ""P2 p90"", ""risk_shift"": ""0.0""}",overtime_min,{:.1f},docs/report_assets/tables/t16_probability_error.md
N1452,5.9,results/s3_probability_error.csv,"{""policy"": ""P2 p90"", ""risk_shift"": ""0.0""}",overtime_min_lo,{:.1f},docs/report_assets/tables/t16_probability_error.md
N1453,7.2,results/s3_probability_error.csv,"{""policy"": ""P2 p90"", ""risk_shift"": ""0.0""}",overtime_min_hi,{:.1f},docs/report_assets/tables/t16_probability_error.md
N1454,58.5,results/s3_probability_error.csv,"{""policy"": ""P2 p90"", ""risk_shift"": ""0.0""}",idle_min,{:.1f},docs/report_assets/tables/t16_probability_error.md
N1455,56.7,results/s3_probability_error.csv,"{""policy"": ""P2 p90"", ""risk_shift"": ""0.0""}",idle_min_lo,{:.1f},docs/report_assets/tables/t16_probability_error.md
N1456,60.2,results/s3_probability_error.csv,"{""policy"": ""P2 p90"", ""risk_shift"": ""0.0""}",idle_min_hi,{:.1f},docs/report_assets/tables/t16_probability_error.md
N1457,50.9%,results/s3_probability_error.csv,"{""policy"": ""P2 p90"", ""risk_shift"": ""0.0""}",share_sessions_both_attend,{:.1%},docs/report_assets/tables/t16_probability_error.md
N1458,47.8%,results/s3_probability_error.csv,"{""policy"": ""P2 p90"", ""risk_shift"": ""0.0""}",share_sessions_both_attend_lo,{:.1%},docs/report_assets/tables/t16_probability_error.md
N1459,54.0%,results/s3_probability_error.csv,"{""policy"": ""P2 p90"", ""risk_shift"": ""0.0""}",share_sessions_both_attend_hi,{:.1%},docs/report_assets/tables/t16_probability_error.md
N1460,0.71,results/s3_probability_error.csv,"{""policy"": ""P2 p95"", ""risk_shift"": ""0.0""}",double_slots_mean,{:.2f},docs/report_assets/tables/t16_probability_error.md
N1461,13.33,results/s3_probability_error.csv,"{""policy"": ""P2 p95"", ""risk_shift"": ""0.0""}",patients_served,{:.2f},docs/report_assets/tables/t16_probability_error.md
N1462,13.23,results/s3_probability_error.csv,"{""policy"": ""P2 p95"", ""risk_shift"": ""0.0""}",patients_served_lo,{:.2f},docs/report_assets/tables/t16_probability_error.md
N1463,13.44,results/s3_probability_error.csv,"{""policy"": ""P2 p95"", ""risk_shift"": ""0.0""}",patients_served_hi,{:.2f},docs/report_assets/tables/t16_probability_error.md
N1464,3.9,results/s3_probability_error.csv,"{""policy"": ""P2 p95"", ""risk_shift"": ""0.0""}",mean_wait_min,{:.1f},docs/report_assets/tables/t16_probability_error.md
N1465,3.6,results/s3_probability_error.csv,"{""policy"": ""P2 p95"", ""risk_shift"": ""0.0""}",mean_wait_min_lo,{:.1f},docs/report_assets/tables/t16_probability_error.md
N1466,4.2,results/s3_probability_error.csv,"{""policy"": ""P2 p95"", ""risk_shift"": ""0.0""}",mean_wait_min_hi,{:.1f},docs/report_assets/tables/t16_probability_error.md
N1467,4.9,results/s3_probability_error.csv,"{""policy"": ""P2 p95"", ""risk_shift"": ""0.0""}",overtime_min,{:.1f},docs/report_assets/tables/t16_probability_error.md
N1468,4.4,results/s3_probability_error.csv,"{""policy"": ""P2 p95"", ""risk_shift"": ""0.0""}",overtime_min_lo,{:.1f},docs/report_assets/tables/t16_probability_error.md
N1469,5.4,results/s3_probability_error.csv,"{""policy"": ""P2 p95"", ""risk_shift"": ""0.0""}",overtime_min_hi,{:.1f},docs/report_assets/tables/t16_probability_error.md
N1470,65.6,results/s3_probability_error.csv,"{""policy"": ""P2 p95"", ""risk_shift"": ""0.0""}",idle_min,{:.1f},docs/report_assets/tables/t16_probability_error.md
N1471,63.8,results/s3_probability_error.csv,"{""policy"": ""P2 p95"", ""risk_shift"": ""0.0""}",idle_min_lo,{:.1f},docs/report_assets/tables/t16_probability_error.md
N1472,67.4,results/s3_probability_error.csv,"{""policy"": ""P2 p95"", ""risk_shift"": ""0.0""}",idle_min_hi,{:.1f},docs/report_assets/tables/t16_probability_error.md
N1473,26.2%,results/s3_probability_error.csv,"{""policy"": ""P2 p95"", ""risk_shift"": ""0.0""}",share_sessions_both_attend,{:.1%},docs/report_assets/tables/t16_probability_error.md
N1474,23.5%,results/s3_probability_error.csv,"{""policy"": ""P2 p95"", ""risk_shift"": ""0.0""}",share_sessions_both_attend_lo,{:.1%},docs/report_assets/tables/t16_probability_error.md
N1475,28.9%,results/s3_probability_error.csv,"{""policy"": ""P2 p95"", ""risk_shift"": ""0.0""}",share_sessions_both_attend_hi,{:.1%},docs/report_assets/tables/t16_probability_error.md
N1476,6.48,results/s3_probability_error.csv,"{""policy"": ""P2 0.3"", ""risk_shift"": ""0.05""}",double_slots_mean,{:.2f},docs/report_assets/tables/t16_probability_error.md
N1477,17.92,results/s3_probability_error.csv,"{""policy"": ""P2 0.3"", ""risk_shift"": ""0.05""}",patients_served,{:.2f},docs/report_assets/tables/t16_probability_error.md
N1478,17.79,results/s3_probability_error.csv,"{""policy"": ""P2 0.3"", ""risk_shift"": ""0.05""}",patients_served_lo,{:.2f},docs/report_assets/tables/t16_probability_error.md
N1479,18.05,results/s3_probability_error.csv,"{""policy"": ""P2 0.3"", ""risk_shift"": ""0.05""}",patients_served_hi,{:.2f},docs/report_assets/tables/t16_probability_error.md
N1480,16.7,results/s3_probability_error.csv,"{""policy"": ""P2 0.3"", ""risk_shift"": ""0.05""}",mean_wait_min,{:.1f},docs/report_assets/tables/t16_probability_error.md
N1481,16.0,results/s3_probability_error.csv,"{""policy"": ""P2 0.3"", ""risk_shift"": ""0.05""}",mean_wait_min_lo,{:.1f},docs/report_assets/tables/t16_probability_error.md
N1482,17.5,results/s3_probability_error.csv,"{""policy"": ""P2 0.3"", ""risk_shift"": ""0.05""}",mean_wait_min_hi,{:.1f},docs/report_assets/tables/t16_probability_error.md
N1483,26.7,results/s3_probability_error.csv,"{""policy"": ""P2 0.3"", ""risk_shift"": ""0.05""}",overtime_min,{:.1f},docs/report_assets/tables/t16_probability_error.md
N1484,25.1,results/s3_probability_error.csv,"{""policy"": ""P2 0.3"", ""risk_shift"": ""0.05""}",overtime_min_lo,{:.1f},docs/report_assets/tables/t16_probability_error.md
N1485,28.2,results/s3_probability_error.csv,"{""policy"": ""P2 0.3"", ""risk_shift"": ""0.05""}",overtime_min_hi,{:.1f},docs/report_assets/tables/t16_probability_error.md
N1486,25.5,results/s3_probability_error.csv,"{""policy"": ""P2 0.3"", ""risk_shift"": ""0.05""}",idle_min,{:.1f},docs/report_assets/tables/t16_probability_error.md
N1487,24.2,results/s3_probability_error.csv,"{""policy"": ""P2 0.3"", ""risk_shift"": ""0.05""}",idle_min_lo,{:.1f},docs/report_assets/tables/t16_probability_error.md
N1488,26.8,results/s3_probability_error.csv,"{""policy"": ""P2 0.3"", ""risk_shift"": ""0.05""}",idle_min_hi,{:.1f},docs/report_assets/tables/t16_probability_error.md
N1489,97.9%,results/s3_probability_error.csv,"{""policy"": ""P2 0.3"", ""risk_shift"": ""0.05""}",share_sessions_both_attend,{:.1%},docs/report_assets/tables/t16_probability_error.md
N1490,97.0%,results/s3_probability_error.csv,"{""policy"": ""P2 0.3"", ""risk_shift"": ""0.05""}",share_sessions_both_attend_lo,{:.1%},docs/report_assets/tables/t16_probability_error.md
N1491,98.8%,results/s3_probability_error.csv,"{""policy"": ""P2 0.3"", ""risk_shift"": ""0.05""}",share_sessions_both_attend_hi,{:.1%},docs/report_assets/tables/t16_probability_error.md
N1492,0.25,results/s3_probability_error.csv,"{""policy"": ""P2 0.5"", ""risk_shift"": ""0.05""}",double_slots_mean,{:.2f},docs/report_assets/tables/t16_probability_error.md
N1493,12.94,results/s3_probability_error.csv,"{""policy"": ""P2 0.5"", ""risk_shift"": ""0.05""}",patients_served,{:.2f},docs/report_assets/tables/t16_probability_error.md
N1494,12.84,results/s3_probability_error.csv,"{""policy"": ""P2 0.5"", ""risk_shift"": ""0.05""}",patients_served_lo,{:.2f},docs/report_assets/tables/t16_probability_error.md
N1495,13.04,results/s3_probability_error.csv,"{""policy"": ""P2 0.5"", ""risk_shift"": ""0.05""}",patients_served_hi,{:.2f},docs/report_assets/tables/t16_probability_error.md
N1496,3.2,results/s3_probability_error.csv,"{""policy"": ""P2 0.5"", ""risk_shift"": ""0.05""}",mean_wait_min,{:.1f},docs/report_assets/tables/t16_probability_error.md
N1497,3.0,results/s3_probability_error.csv,"{""policy"": ""P2 0.5"", ""risk_shift"": ""0.05""}",mean_wait_min_lo,{:.1f},docs/report_assets/tables/t16_probability_error.md
N1498,3.5,results/s3_probability_error.csv,"{""policy"": ""P2 0.5"", ""risk_shift"": ""0.05""}",mean_wait_min_hi,{:.1f},docs/report_assets/tables/t16_probability_error.md
N1499,4.0,results/s3_probability_error.csv,"{""policy"": ""P2 0.5"", ""risk_shift"": ""0.05""}",overtime_min,{:.1f},docs/report_assets/tables/t16_probability_error.md
N1500,3.5,results/s3_probability_error.csv,"{""policy"": ""P2 0.5"", ""risk_shift"": ""0.05""}",overtime_min_lo,{:.1f},docs/report_assets/tables/t16_probability_error.md
N1501,4.4,results/s3_probability_error.csv,"{""policy"": ""P2 0.5"", ""risk_shift"": ""0.05""}",overtime_min_hi,{:.1f},docs/report_assets/tables/t16_probability_error.md
N1502,70.0,results/s3_probability_error.csv,"{""policy"": ""P2 0.5"", ""risk_shift"": ""0.05""}",idle_min,{:.1f},docs/report_assets/tables/t16_probability_error.md
N1503,68.2,results/s3_probability_error.csv,"{""policy"": ""P2 0.5"", ""risk_shift"": ""0.05""}",idle_min_lo,{:.1f},docs/report_assets/tables/t16_probability_error.md
N1504,71.8,results/s3_probability_error.csv,"{""policy"": ""P2 0.5"", ""risk_shift"": ""0.05""}",idle_min_hi,{:.1f},docs/report_assets/tables/t16_probability_error.md
N1505,8.0%,results/s3_probability_error.csv,"{""policy"": ""P2 0.5"", ""risk_shift"": ""0.05""}",share_sessions_both_attend,{:.1%},docs/report_assets/tables/t16_probability_error.md
N1506,6.3%,results/s3_probability_error.csv,"{""policy"": ""P2 0.5"", ""risk_shift"": ""0.05""}",share_sessions_both_attend_lo,{:.1%},docs/report_assets/tables/t16_probability_error.md
N1507,9.7%,results/s3_probability_error.csv,"{""policy"": ""P2 0.5"", ""risk_shift"": ""0.05""}",share_sessions_both_attend_hi,{:.1%},docs/report_assets/tables/t16_probability_error.md
N1508,9.98,results/s3_probability_error.csv,"{""policy"": ""P2 p50"", ""risk_shift"": ""0.05""}",double_slots_mean,{:.2f},docs/report_assets/tables/t16_probability_error.md
N1509,20.70,results/s3_probability_error.csv,"{""policy"": ""P2 p50"", ""risk_shift"": ""0.05""}",patients_served,{:.2f},docs/report_assets/tables/t16_probability_error.md
N1510,20.56,results/s3_probability_error.csv,"{""policy"": ""P2 p50"", ""risk_shift"": ""0.05""}",patients_served_lo,{:.2f},docs/report_assets/tables/t16_probability_error.md
N1511,20.84,results/s3_probability_error.csv,"{""policy"": ""P2 p50"", ""risk_shift"": ""0.05""}",patients_served_hi,{:.2f},docs/report_assets/tables/t16_probability_error.md
N1512,28.5,results/s3_probability_error.csv,"{""policy"": ""P2 p50"", ""risk_shift"": ""0.05""}",mean_wait_min,{:.1f},docs/report_assets/tables/t16_probability_error.md
N1513,27.5,results/s3_probability_error.csv,"{""policy"": ""P2 p50"", ""risk_shift"": ""0.05""}",mean_wait_min_lo,{:.1f},docs/report_assets/tables/t16_probability_error.md
N1514,29.6,results/s3_probability_error.csv,"{""policy"": ""P2 p50"", ""risk_shift"": ""0.05""}",mean_wait_min_hi,{:.1f},docs/report_assets/tables/t16_probability_error.md
N1515,50.1,results/s3_probability_error.csv,"{""policy"": ""P2 p50"", ""risk_shift"": ""0.05""}",overtime_min,{:.1f},docs/report_assets/tables/t16_probability_error.md
N1516,48.0,results/s3_probability_error.csv,"{""policy"": ""P2 p50"", ""risk_shift"": ""0.05""}",overtime_min_lo,{:.1f},docs/report_assets/tables/t16_probability_error.md
N1517,52.1,results/s3_probability_error.csv,"{""policy"": ""P2 p50"", ""risk_shift"": ""0.05""}",overtime_min_hi,{:.1f},docs/report_assets/tables/t16_probability_error.md
N1518,11.9,results/s3_probability_error.csv,"{""policy"": ""P2 p50"", ""risk_shift"": ""0.05""}",idle_min,{:.1f},docs/report_assets/tables/t16_probability_error.md
N1519,11.0,results/s3_probability_error.csv,"{""policy"": ""P2 p50"", ""risk_shift"": ""0.05""}",idle_min_lo,{:.1f},docs/report_assets/tables/t16_probability_error.md
N1520,12.8,results/s3_probability_error.csv,"{""policy"": ""P2 p50"", ""risk_shift"": ""0.05""}",idle_min_hi,{:.1f},docs/report_assets/tables/t16_probability_error.md
N1521,99.9%,results/s3_probability_error.csv,"{""policy"": ""P2 p50"", ""risk_shift"": ""0.05""}",share_sessions_both_attend,{:.1%},docs/report_assets/tables/t16_probability_error.md
N1522,99.7%,results/s3_probability_error.csv,"{""policy"": ""P2 p50"", ""risk_shift"": ""0.05""}",share_sessions_both_attend_lo,{:.1%},docs/report_assets/tables/t16_probability_error.md
N1523,100.1%,results/s3_probability_error.csv,"{""policy"": ""P2 p50"", ""risk_shift"": ""0.05""}",share_sessions_both_attend_hi,{:.1%},docs/report_assets/tables/t16_probability_error.md
N1524,7.05,results/s3_probability_error.csv,"{""policy"": ""P2 p70"", ""risk_shift"": ""0.05""}",double_slots_mean,{:.2f},docs/report_assets/tables/t16_probability_error.md
N1525,18.38,results/s3_probability_error.csv,"{""policy"": ""P2 p70"", ""risk_shift"": ""0.05""}",patients_served,{:.2f},docs/report_assets/tables/t16_probability_error.md
N1526,18.24,results/s3_probability_error.csv,"{""policy"": ""P2 p70"", ""risk_shift"": ""0.05""}",patients_served_lo,{:.2f},docs/report_assets/tables/t16_probability_error.md
N1527,18.51,results/s3_probability_error.csv,"{""policy"": ""P2 p70"", ""risk_shift"": ""0.05""}",patients_served_hi,{:.2f},docs/report_assets/tables/t16_probability_error.md
N1528,18.4,results/s3_probability_error.csv,"{""policy"": ""P2 p70"", ""risk_shift"": ""0.05""}",mean_wait_min,{:.1f},docs/report_assets/tables/t16_probability_error.md
N1529,17.6,results/s3_probability_error.csv,"{""policy"": ""P2 p70"", ""risk_shift"": ""0.05""}",mean_wait_min_lo,{:.1f},docs/report_assets/tables/t16_probability_error.md
N1530,19.3,results/s3_probability_error.csv,"{""policy"": ""P2 p70"", ""risk_shift"": ""0.05""}",mean_wait_min_hi,{:.1f},docs/report_assets/tables/t16_probability_error.md
N1531,29.6,results/s3_probability_error.csv,"{""policy"": ""P2 p70"", ""risk_shift"": ""0.05""}",overtime_min,{:.1f},docs/report_assets/tables/t16_probability_error.md
N1532,28.0,results/s3_probability_error.csv,"{""policy"": ""P2 p70"", ""risk_shift"": ""0.05""}",overtime_min_lo,{:.1f},docs/report_assets/tables/t16_probability_error.md
N1533,31.3,results/s3_probability_error.csv,"{""policy"": ""P2 p70"", ""risk_shift"": ""0.05""}",overtime_min_hi,{:.1f},docs/report_assets/tables/t16_probability_error.md
N1534,22.6,results/s3_probability_error.csv,"{""policy"": ""P2 p70"", ""risk_shift"": ""0.05""}",idle_min,{:.1f},docs/report_assets/tables/t16_probability_error.md
N1535,21.4,results/s3_probability_error.csv,"{""policy"": ""P2 p70"", ""risk_shift"": ""0.05""}",idle_min_lo,{:.1f},docs/report_assets/tables/t16_probability_error.md
N1536,23.9,results/s3_probability_error.csv,"{""policy"": ""P2 p70"", ""risk_shift"": ""0.05""}",idle_min_hi,{:.1f},docs/report_assets/tables/t16_probability_error.md
N1537,98.8%,results/s3_probability_error.csv,"{""policy"": ""P2 p70"", ""risk_shift"": ""0.05""}",share_sessions_both_attend,{:.1%},docs/report_assets/tables/t16_probability_error.md
N1538,98.1%,results/s3_probability_error.csv,"{""policy"": ""P2 p70"", ""risk_shift"": ""0.05""}",share_sessions_both_attend_lo,{:.1%},docs/report_assets/tables/t16_probability_error.md
N1539,99.5%,results/s3_probability_error.csv,"{""policy"": ""P2 p70"", ""risk_shift"": ""0.05""}",share_sessions_both_attend_hi,{:.1%},docs/report_assets/tables/t16_probability_error.md
N1540,4.95,results/s3_probability_error.csv,"{""policy"": ""P2 p80"", ""risk_shift"": ""0.05""}",double_slots_mean,{:.2f},docs/report_assets/tables/t16_probability_error.md
N1541,16.73,results/s3_probability_error.csv,"{""policy"": ""P2 p80"", ""risk_shift"": ""0.05""}",patients_served,{:.2f},docs/report_assets/tables/t16_probability_error.md
N1542,16.60,results/s3_probability_error.csv,"{""policy"": ""P2 p80"", ""risk_shift"": ""0.05""}",patients_served_lo,{:.2f},docs/report_assets/tables/t16_probability_error.md
N1543,16.85,results/s3_probability_error.csv,"{""policy"": ""P2 p80"", ""risk_shift"": ""0.05""}",patients_served_hi,{:.2f},docs/report_assets/tables/t16_probability_error.md
N1544,12.4,results/s3_probability_error.csv,"{""policy"": ""P2 p80"", ""risk_shift"": ""0.05""}",mean_wait_min,{:.1f},docs/report_assets/tables/t16_probability_error.md
N1545,11.8,results/s3_probability_error.csv,"{""policy"": ""P2 p80"", ""risk_shift"": ""0.05""}",mean_wait_min_lo,{:.1f},docs/report_assets/tables/t16_probability_error.md
N1546,13.1,results/s3_probability_error.csv,"{""policy"": ""P2 p80"", ""risk_shift"": ""0.05""}",mean_wait_min_hi,{:.1f},docs/report_assets/tables/t16_probability_error.md
N1547,18.6,results/s3_probability_error.csv,"{""policy"": ""P2 p80"", ""risk_shift"": ""0.05""}",overtime_min,{:.1f},docs/report_assets/tables/t16_probability_error.md
N1548,17.4,results/s3_probability_error.csv,"{""policy"": ""P2 p80"", ""risk_shift"": ""0.05""}",overtime_min_lo,{:.1f},docs/report_assets/tables/t16_probability_error.md
N1549,19.9,results/s3_probability_error.csv,"{""policy"": ""P2 p80"", ""risk_shift"": ""0.05""}",overtime_min_hi,{:.1f},docs/report_assets/tables/t16_probability_error.md
N1550,33.7,results/s3_probability_error.csv,"{""policy"": ""P2 p80"", ""risk_shift"": ""0.05""}",idle_min,{:.1f},docs/report_assets/tables/t16_probability_error.md
N1551,32.2,results/s3_probability_error.csv,"{""policy"": ""P2 p80"", ""risk_shift"": ""0.05""}",idle_min_lo,{:.1f},docs/report_assets/tables/t16_probability_error.md
N1552,35.2,results/s3_probability_error.csv,"{""policy"": ""P2 p80"", ""risk_shift"": ""0.05""}",idle_min_hi,{:.1f},docs/report_assets/tables/t16_probability_error.md
N1553,94.1%,results/s3_probability_error.csv,"{""policy"": ""P2 p80"", ""risk_shift"": ""0.05""}",share_sessions_both_attend,{:.1%},docs/report_assets/tables/t16_probability_error.md
N1554,92.6%,results/s3_probability_error.csv,"{""policy"": ""P2 p80"", ""risk_shift"": ""0.05""}",share_sessions_both_attend_lo,{:.1%},docs/report_assets/tables/t16_probability_error.md
N1555,95.6%,results/s3_probability_error.csv,"{""policy"": ""P2 p80"", ""risk_shift"": ""0.05""}",share_sessions_both_attend_hi,{:.1%},docs/report_assets/tables/t16_probability_error.md
N1556,3.32,results/s3_probability_error.csv,"{""policy"": ""P2 p90"", ""risk_shift"": ""0.05""}",double_slots_mean,{:.2f},docs/report_assets/tables/t16_probability_error.md
N1557,15.42,results/s3_probability_error.csv,"{""policy"": ""P2 p90"", ""risk_shift"": ""0.05""}",patients_served,{:.2f},docs/report_assets/tables/t16_probability_error.md
N1558,15.30,results/s3_probability_error.csv,"{""policy"": ""P2 p90"", ""risk_shift"": ""0.05""}",patients_served_lo,{:.2f},docs/report_assets/tables/t16_probability_error.md
N1559,15.54,results/s3_probability_error.csv,"{""policy"": ""P2 p90"", ""risk_shift"": ""0.05""}",patients_served_hi,{:.2f},docs/report_assets/tables/t16_probability_error.md
N1560,8.6,results/s3_probability_error.csv,"{""policy"": ""P2 p90"", ""risk_shift"": ""0.05""}",mean_wait_min,{:.1f},docs/report_assets/tables/t16_probability_error.md
N1561,8.1,results/s3_probability_error.csv,"{""policy"": ""P2 p90"", ""risk_shift"": ""0.05""}",mean_wait_min_lo,{:.1f},docs/report_assets/tables/t16_probability_error.md
N1562,9.2,results/s3_probability_error.csv,"{""policy"": ""P2 p90"", ""risk_shift"": ""0.05""}",mean_wait_min_hi,{:.1f},docs/report_assets/tables/t16_probability_error.md
N1563,11.9,results/s3_probability_error.csv,"{""policy"": ""P2 p90"", ""risk_shift"": ""0.05""}",overtime_min,{:.1f},docs/report_assets/tables/t16_probability_error.md
N1564,10.9,results/s3_probability_error.csv,"{""policy"": ""P2 p90"", ""risk_shift"": ""0.05""}",overtime_min_lo,{:.1f},docs/report_assets/tables/t16_probability_error.md
N1565,12.8,results/s3_probability_error.csv,"{""policy"": ""P2 p90"", ""risk_shift"": ""0.05""}",overtime_min_hi,{:.1f},docs/report_assets/tables/t16_probability_error.md
N1566,44.7,results/s3_probability_error.csv,"{""policy"": ""P2 p90"", ""risk_shift"": ""0.05""}",idle_min,{:.1f},docs/report_assets/tables/t16_probability_error.md
N1567,43.0,results/s3_probability_error.csv,"{""policy"": ""P2 p90"", ""risk_shift"": ""0.05""}",idle_min_lo,{:.1f},docs/report_assets/tables/t16_probability_error.md
N1568,46.3,results/s3_probability_error.csv,"{""policy"": ""P2 p90"", ""risk_shift"": ""0.05""}",idle_min_hi,{:.1f},docs/report_assets/tables/t16_probability_error.md
N1569,82.6%,results/s3_probability_error.csv,"{""policy"": ""P2 p90"", ""risk_shift"": ""0.05""}",share_sessions_both_attend,{:.1%},docs/report_assets/tables/t16_probability_error.md
N1570,80.2%,results/s3_probability_error.csv,"{""policy"": ""P2 p90"", ""risk_shift"": ""0.05""}",share_sessions_both_attend_lo,{:.1%},docs/report_assets/tables/t16_probability_error.md
N1571,85.0%,results/s3_probability_error.csv,"{""policy"": ""P2 p90"", ""risk_shift"": ""0.05""}",share_sessions_both_attend_hi,{:.1%},docs/report_assets/tables/t16_probability_error.md
N1572,2.29,results/s3_probability_error.csv,"{""policy"": ""P2 p95"", ""risk_shift"": ""0.05""}",double_slots_mean,{:.2f},docs/report_assets/tables/t16_probability_error.md
N1573,14.60,results/s3_probability_error.csv,"{""policy"": ""P2 p95"", ""risk_shift"": ""0.05""}",patients_served,{:.2f},docs/report_assets/tables/t16_probability_error.md
N1574,14.49,results/s3_probability_error.csv,"{""policy"": ""P2 p95"", ""risk_shift"": ""0.05""}",patients_served_lo,{:.2f},docs/report_assets/tables/t16_probability_error.md
N1575,14.72,results/s3_probability_error.csv,"{""policy"": ""P2 p95"", ""risk_shift"": ""0.05""}",patients_served_hi,{:.2f},docs/report_assets/tables/t16_probability_error.md
N1576,6.6,results/s3_probability_error.csv,"{""policy"": ""P2 p95"", ""risk_shift"": ""0.05""}",mean_wait_min,{:.1f},docs/report_assets/tables/t16_probability_error.md
N1577,6.2,results/s3_probability_error.csv,"{""policy"": ""P2 p95"", ""risk_shift"": ""0.05""}",mean_wait_min_lo,{:.1f},docs/report_assets/tables/t16_probability_error.md
N1578,7.0,results/s3_probability_error.csv,"{""policy"": ""P2 p95"", ""risk_shift"": ""0.05""}",mean_wait_min_hi,{:.1f},docs/report_assets/tables/t16_probability_error.md
N1579,8.5,results/s3_probability_error.csv,"{""policy"": ""P2 p95"", ""risk_shift"": ""0.05""}",overtime_min,{:.1f},docs/report_assets/tables/t16_probability_error.md
N1580,7.8,results/s3_probability_error.csv,"{""policy"": ""P2 p95"", ""risk_shift"": ""0.05""}",overtime_min_lo,{:.1f},docs/report_assets/tables/t16_probability_error.md
N1581,9.3,results/s3_probability_error.csv,"{""policy"": ""P2 p95"", ""risk_shift"": ""0.05""}",overtime_min_hi,{:.1f},docs/report_assets/tables/t16_probability_error.md
N1582,52.2,results/s3_probability_error.csv,"{""policy"": ""P2 p95"", ""risk_shift"": ""0.05""}",idle_min,{:.1f},docs/report_assets/tables/t16_probability_error.md
N1583,50.4,results/s3_probability_error.csv,"{""policy"": ""P2 p95"", ""risk_shift"": ""0.05""}",idle_min_lo,{:.1f},docs/report_assets/tables/t16_probability_error.md
N1584,53.9,results/s3_probability_error.csv,"{""policy"": ""P2 p95"", ""risk_shift"": ""0.05""}",idle_min_hi,{:.1f},docs/report_assets/tables/t16_probability_error.md
N1585,67.8%,results/s3_probability_error.csv,"{""policy"": ""P2 p95"", ""risk_shift"": ""0.05""}",share_sessions_both_attend,{:.1%},docs/report_assets/tables/t16_probability_error.md
N1586,64.9%,results/s3_probability_error.csv,"{""policy"": ""P2 p95"", ""risk_shift"": ""0.05""}",share_sessions_both_attend_lo,{:.1%},docs/report_assets/tables/t16_probability_error.md
N1587,70.7%,results/s3_probability_error.csv,"{""policy"": ""P2 p95"", ""risk_shift"": ""0.05""}",share_sessions_both_attend_hi,{:.1%},docs/report_assets/tables/t16_probability_error.md
N1588,8.94,results/s3_probability_error.csv,"{""policy"": ""P2 0.3"", ""risk_shift"": ""0.1""}",double_slots_mean,{:.2f},docs/report_assets/tables/t16_probability_error.md
N1589,19.86,results/s3_probability_error.csv,"{""policy"": ""P2 0.3"", ""risk_shift"": ""0.1""}",patients_served,{:.2f},docs/report_assets/tables/t16_probability_error.md
N1590,19.72,results/s3_probability_error.csv,"{""policy"": ""P2 0.3"", ""risk_shift"": ""0.1""}",patients_served_lo,{:.2f},docs/report_assets/tables/t16_probability_error.md
N1591,20.01,results/s3_probability_error.csv,"{""policy"": ""P2 0.3"", ""risk_shift"": ""0.1""}",patients_served_hi,{:.2f},docs/report_assets/tables/t16_probability_error.md
N1592,24.8,results/s3_probability_error.csv,"{""policy"": ""P2 0.3"", ""risk_shift"": ""0.1""}",mean_wait_min,{:.1f},docs/report_assets/tables/t16_probability_error.md
N1593,23.8,results/s3_probability_error.csv,"{""policy"": ""P2 0.3"", ""risk_shift"": ""0.1""}",mean_wait_min_lo,{:.1f},docs/report_assets/tables/t16_probability_error.md
N1594,25.8,results/s3_probability_error.csv,"{""policy"": ""P2 0.3"", ""risk_shift"": ""0.1""}",mean_wait_min_hi,{:.1f},docs/report_assets/tables/t16_probability_error.md
N1595,42.5,results/s3_probability_error.csv,"{""policy"": ""P2 0.3"", ""risk_shift"": ""0.1""}",overtime_min,{:.1f},docs/report_assets/tables/t16_probability_error.md
N1596,40.5,results/s3_probability_error.csv,"{""policy"": ""P2 0.3"", ""risk_shift"": ""0.1""}",overtime_min_lo,{:.1f},docs/report_assets/tables/t16_probability_error.md
N1597,44.4,results/s3_probability_error.csv,"{""policy"": ""P2 0.3"", ""risk_shift"": ""0.1""}",overtime_min_hi,{:.1f},docs/report_assets/tables/t16_probability_error.md
N1598,15.5,results/s3_probability_error.csv,"{""policy"": ""P2 0.3"", ""risk_shift"": ""0.1""}",idle_min,{:.1f},docs/report_assets/tables/t16_probability_error.md
N1599,14.5,results/s3_probability_error.csv,"{""policy"": ""P2 0.3"", ""risk_shift"": ""0.1""}",idle_min_lo,{:.1f},docs/report_assets/tables/t16_probability_error.md
N1600,16.6,results/s3_probability_error.csv,"{""policy"": ""P2 0.3"", ""risk_shift"": ""0.1""}",idle_min_hi,{:.1f},docs/report_assets/tables/t16_probability_error.md
N1601,99.6%,results/s3_probability_error.csv,"{""policy"": ""P2 0.3"", ""risk_shift"": ""0.1""}",share_sessions_both_attend,{:.1%},docs/report_assets/tables/t16_probability_error.md
N1602,99.2%,results/s3_probability_error.csv,"{""policy"": ""P2 0.3"", ""risk_shift"": ""0.1""}",share_sessions_both_attend_lo,{:.1%},docs/report_assets/tables/t16_probability_error.md
N1603,100.0%,results/s3_probability_error.csv,"{""policy"": ""P2 0.3"", ""risk_shift"": ""0.1""}",share_sessions_both_attend_hi,{:.1%},docs/report_assets/tables/t16_probability_error.md
N1604,0.93,results/s3_probability_error.csv,"{""policy"": ""P2 0.5"", ""risk_shift"": ""0.1""}",double_slots_mean,{:.2f},docs/report_assets/tables/t16_probability_error.md
N1605,13.51,results/s3_probability_error.csv,"{""policy"": ""P2 0.5"", ""risk_shift"": ""0.1""}",patients_served,{:.2f},docs/report_assets/tables/t16_probability_error.md
N1606,13.40,results/s3_probability_error.csv,"{""policy"": ""P2 0.5"", ""risk_shift"": ""0.1""}",patients_served_lo,{:.2f},docs/report_assets/tables/t16_probability_error.md
N1607,13.61,results/s3_probability_error.csv,"{""policy"": ""P2 0.5"", ""risk_shift"": ""0.1""}",patients_served_hi,{:.2f},docs/report_assets/tables/t16_probability_error.md
N1608,4.3,results/s3_probability_error.csv,"{""policy"": ""P2 0.5"", ""risk_shift"": ""0.1""}",mean_wait_min,{:.1f},docs/report_assets/tables/t16_probability_error.md
N1609,4.0,results/s3_probability_error.csv,"{""policy"": ""P2 0.5"", ""risk_shift"": ""0.1""}",mean_wait_min_lo,{:.1f},docs/report_assets/tables/t16_probability_error.md
N1610,4.6,results/s3_probability_error.csv,"{""policy"": ""P2 0.5"", ""risk_shift"": ""0.1""}",mean_wait_min_hi,{:.1f},docs/report_assets/tables/t16_probability_error.md
N1611,5.3,results/s3_probability_error.csv,"{""policy"": ""P2 0.5"", ""risk_shift"": ""0.1""}",overtime_min,{:.1f},docs/report_assets/tables/t16_probability_error.md
N1612,4.8,results/s3_probability_error.csv,"{""policy"": ""P2 0.5"", ""risk_shift"": ""0.1""}",overtime_min_lo,{:.1f},docs/report_assets/tables/t16_probability_error.md
N1613,5.9,results/s3_probability_error.csv,"{""policy"": ""P2 0.5"", ""risk_shift"": ""0.1""}",overtime_min_hi,{:.1f},docs/report_assets/tables/t16_probability_error.md
N1614,63.7,results/s3_probability_error.csv,"{""policy"": ""P2 0.5"", ""risk_shift"": ""0.1""}",idle_min,{:.1f},docs/report_assets/tables/t16_probability_error.md
N1615,61.9,results/s3_probability_error.csv,"{""policy"": ""P2 0.5"", ""risk_shift"": ""0.1""}",idle_min_lo,{:.1f},docs/report_assets/tables/t16_probability_error.md
N1616,65.5,results/s3_probability_error.csv,"{""policy"": ""P2 0.5"", ""risk_shift"": ""0.1""}",idle_min_hi,{:.1f},docs/report_assets/tables/t16_probability_error.md
N1617,34.0%,results/s3_probability_error.csv,"{""policy"": ""P2 0.5"", ""risk_shift"": ""0.1""}",share_sessions_both_attend,{:.1%},docs/report_assets/tables/t16_probability_error.md
N1618,31.1%,results/s3_probability_error.csv,"{""policy"": ""P2 0.5"", ""risk_shift"": ""0.1""}",share_sessions_both_attend_lo,{:.1%},docs/report_assets/tables/t16_probability_error.md
N1619,36.9%,results/s3_probability_error.csv,"{""policy"": ""P2 0.5"", ""risk_shift"": ""0.1""}",share_sessions_both_attend_hi,{:.1%},docs/report_assets/tables/t16_probability_error.md
N1620,10.56,results/s3_probability_error.csv,"{""policy"": ""P2 p50"", ""risk_shift"": ""0.1""}",double_slots_mean,{:.2f},docs/report_assets/tables/t16_probability_error.md
N1621,21.18,results/s3_probability_error.csv,"{""policy"": ""P2 p50"", ""risk_shift"": ""0.1""}",patients_served,{:.2f},docs/report_assets/tables/t16_probability_error.md
N1622,21.03,results/s3_probability_error.csv,"{""policy"": ""P2 p50"", ""risk_shift"": ""0.1""}",patients_served_lo,{:.2f},docs/report_assets/tables/t16_probability_error.md
N1623,21.32,results/s3_probability_error.csv,"{""policy"": ""P2 p50"", ""risk_shift"": ""0.1""}",patients_served_hi,{:.2f},docs/report_assets/tables/t16_probability_error.md
N1624,30.8,results/s3_probability_error.csv,"{""policy"": ""P2 p50"", ""risk_shift"": ""0.1""}",mean_wait_min,{:.1f},docs/report_assets/tables/t16_probability_error.md
N1625,29.7,results/s3_probability_error.csv,"{""policy"": ""P2 p50"", ""risk_shift"": ""0.1""}",mean_wait_min_lo,{:.1f},docs/report_assets/tables/t16_probability_error.md
N1626,31.9,results/s3_probability_error.csv,"{""policy"": ""P2 p50"", ""risk_shift"": ""0.1""}",mean_wait_min_hi,{:.1f},docs/report_assets/tables/t16_probability_error.md
N1627,55.0,results/s3_probability_error.csv,"{""policy"": ""P2 p50"", ""risk_shift"": ""0.1""}",overtime_min,{:.1f},docs/report_assets/tables/t16_probability_error.md
N1628,52.9,results/s3_probability_error.csv,"{""policy"": ""P2 p50"", ""risk_shift"": ""0.1""}",overtime_min_lo,{:.1f},docs/report_assets/tables/t16_probability_error.md
N1629,57.1,results/s3_probability_error.csv,"{""policy"": ""P2 p50"", ""risk_shift"": ""0.1""}",overtime_min_hi,{:.1f},docs/report_assets/tables/t16_probability_error.md
N1630,10.5,results/s3_probability_error.csv,"{""policy"": ""P2 p50"", ""risk_shift"": ""0.1""}",idle_min,{:.1f},docs/report_assets/tables/t16_probability_error.md
N1631,9.6,results/s3_probability_error.csv,"{""policy"": ""P2 p50"", ""risk_shift"": ""0.1""}",idle_min_lo,{:.1f},docs/report_assets/tables/t16_probability_error.md
N1632,11.3,results/s3_probability_error.csv,"{""policy"": ""P2 p50"", ""risk_shift"": ""0.1""}",idle_min_hi,{:.1f},docs/report_assets/tables/t16_probability_error.md
N1633,99.9%,results/s3_probability_error.csv,"{""policy"": ""P2 p50"", ""risk_shift"": ""0.1""}",share_sessions_both_attend,{:.1%},docs/report_assets/tables/t16_probability_error.md
N1634,99.7%,results/s3_probability_error.csv,"{""policy"": ""P2 p50"", ""risk_shift"": ""0.1""}",share_sessions_both_attend_lo,{:.1%},docs/report_assets/tables/t16_probability_error.md
N1635,100.1%,results/s3_probability_error.csv,"{""policy"": ""P2 p50"", ""risk_shift"": ""0.1""}",share_sessions_both_attend_hi,{:.1%},docs/report_assets/tables/t16_probability_error.md
N1636,9.40,results/s3_probability_error.csv,"{""policy"": ""P2 p70"", ""risk_shift"": ""0.1""}",double_slots_mean,{:.2f},docs/report_assets/tables/t16_probability_error.md
N1637,20.23,results/s3_probability_error.csv,"{""policy"": ""P2 p70"", ""risk_shift"": ""0.1""}",patients_served,{:.2f},docs/report_assets/tables/t16_probability_error.md
N1638,20.09,results/s3_probability_error.csv,"{""policy"": ""P2 p70"", ""risk_shift"": ""0.1""}",patients_served_lo,{:.2f},docs/report_assets/tables/t16_probability_error.md
N1639,20.37,results/s3_probability_error.csv,"{""policy"": ""P2 p70"", ""risk_shift"": ""0.1""}",patients_served_hi,{:.2f},docs/report_assets/tables/t16_probability_error.md
N1640,26.5,results/s3_probability_error.csv,"{""policy"": ""P2 p70"", ""risk_shift"": ""0.1""}",mean_wait_min,{:.1f},docs/report_assets/tables/t16_probability_error.md
N1641,25.4,results/s3_probability_error.csv,"{""policy"": ""P2 p70"", ""risk_shift"": ""0.1""}",mean_wait_min_lo,{:.1f},docs/report_assets/tables/t16_probability_error.md
N1642,27.5,results/s3_probability_error.csv,"{""policy"": ""P2 p70"", ""risk_shift"": ""0.1""}",mean_wait_min_hi,{:.1f},docs/report_assets/tables/t16_probability_error.md
N1643,45.5,results/s3_probability_error.csv,"{""policy"": ""P2 p70"", ""risk_shift"": ""0.1""}",overtime_min,{:.1f},docs/report_assets/tables/t16_probability_error.md
N1644,43.5,results/s3_probability_error.csv,"{""policy"": ""P2 p70"", ""risk_shift"": ""0.1""}",overtime_min_lo,{:.1f},docs/report_assets/tables/t16_probability_error.md
N1645,47.5,results/s3_probability_error.csv,"{""policy"": ""P2 p70"", ""risk_shift"": ""0.1""}",overtime_min_hi,{:.1f},docs/report_assets/tables/t16_probability_error.md
N1646,13.7,results/s3_probability_error.csv,"{""policy"": ""P2 p70"", ""risk_shift"": ""0.1""}",idle_min,{:.1f},docs/report_assets/tables/t16_probability_error.md
N1647,12.7,results/s3_probability_error.csv,"{""policy"": ""P2 p70"", ""risk_shift"": ""0.1""}",idle_min_lo,{:.1f},docs/report_assets/tables/t16_probability_error.md
N1648,14.7,results/s3_probability_error.csv,"{""policy"": ""P2 p70"", ""risk_shift"": ""0.1""}",idle_min_hi,{:.1f},docs/report_assets/tables/t16_probability_error.md
N1649,99.8%,results/s3_probability_error.csv,"{""policy"": ""P2 p70"", ""risk_shift"": ""0.1""}",share_sessions_both_attend,{:.1%},docs/report_assets/tables/t16_probability_error.md
N1650,99.5%,results/s3_probability_error.csv,"{""policy"": ""P2 p70"", ""risk_shift"": ""0.1""}",share_sessions_both_attend_lo,{:.1%},docs/report_assets/tables/t16_probability_error.md
N1651,100.1%,results/s3_probability_error.csv,"{""policy"": ""P2 p70"", ""risk_shift"": ""0.1""}",share_sessions_both_attend_hi,{:.1%},docs/report_assets/tables/t16_probability_error.md
N1652,7.29,results/s3_probability_error.csv,"{""policy"": ""P2 p80"", ""risk_shift"": ""0.1""}",double_slots_mean,{:.2f},docs/report_assets/tables/t16_probability_error.md
N1653,18.57,results/s3_probability_error.csv,"{""policy"": ""P2 p80"", ""risk_shift"": ""0.1""}",patients_served,{:.2f},docs/report_assets/tables/t16_probability_error.md
N1654,18.43,results/s3_probability_error.csv,"{""policy"": ""P2 p80"", ""risk_shift"": ""0.1""}",patients_served_lo,{:.2f},docs/report_assets/tables/t16_probability_error.md
N1655,18.70,results/s3_probability_error.csv,"{""policy"": ""P2 p80"", ""risk_shift"": ""0.1""}",patients_served_hi,{:.2f},docs/report_assets/tables/t16_probability_error.md
N1656,19.2,results/s3_probability_error.csv,"{""policy"": ""P2 p80"", ""risk_shift"": ""0.1""}",mean_wait_min,{:.1f},docs/report_assets/tables/t16_probability_error.md
N1657,18.4,results/s3_probability_error.csv,"{""policy"": ""P2 p80"", ""risk_shift"": ""0.1""}",mean_wait_min_lo,{:.1f},docs/report_assets/tables/t16_probability_error.md
N1658,20.1,results/s3_probability_error.csv,"{""policy"": ""P2 p80"", ""risk_shift"": ""0.1""}",mean_wait_min_hi,{:.1f},docs/report_assets/tables/t16_probability_error.md
N1659,31.2,results/s3_probability_error.csv,"{""policy"": ""P2 p80"", ""risk_shift"": ""0.1""}",overtime_min,{:.1f},docs/report_assets/tables/t16_probability_error.md
N1660,29.6,results/s3_probability_error.csv,"{""policy"": ""P2 p80"", ""risk_shift"": ""0.1""}",overtime_min_lo,{:.1f},docs/report_assets/tables/t16_probability_error.md
N1661,32.9,results/s3_probability_error.csv,"{""policy"": ""P2 p80"", ""risk_shift"": ""0.1""}",overtime_min_hi,{:.1f},docs/report_assets/tables/t16_probability_error.md
N1662,21.6,results/s3_probability_error.csv,"{""policy"": ""P2 p80"", ""risk_shift"": ""0.1""}",idle_min,{:.1f},docs/report_assets/tables/t16_probability_error.md
N1663,20.4,results/s3_probability_error.csv,"{""policy"": ""P2 p80"", ""risk_shift"": ""0.1""}",idle_min_lo,{:.1f},docs/report_assets/tables/t16_probability_error.md
N1664,22.9,results/s3_probability_error.csv,"{""policy"": ""P2 p80"", ""risk_shift"": ""0.1""}",idle_min_hi,{:.1f},docs/report_assets/tables/t16_probability_error.md
N1665,98.7%,results/s3_probability_error.csv,"{""policy"": ""P2 p80"", ""risk_shift"": ""0.1""}",share_sessions_both_attend,{:.1%},docs/report_assets/tables/t16_probability_error.md
N1666,98.0%,results/s3_probability_error.csv,"{""policy"": ""P2 p80"", ""risk_shift"": ""0.1""}",share_sessions_both_attend_lo,{:.1%},docs/report_assets/tables/t16_probability_error.md
N1667,99.4%,results/s3_probability_error.csv,"{""policy"": ""P2 p80"", ""risk_shift"": ""0.1""}",share_sessions_both_attend_hi,{:.1%},docs/report_assets/tables/t16_probability_error.md
N1668,5.14,results/s3_probability_error.csv,"{""policy"": ""P2 p90"", ""risk_shift"": ""0.1""}",double_slots_mean,{:.2f},docs/report_assets/tables/t16_probability_error.md
N1669,16.87,results/s3_probability_error.csv,"{""policy"": ""P2 p90"", ""risk_shift"": ""0.1""}",patients_served,{:.2f},docs/report_assets/tables/t16_probability_error.md
N1670,16.74,results/s3_probability_error.csv,"{""policy"": ""P2 p90"", ""risk_shift"": ""0.1""}",patients_served_lo,{:.2f},docs/report_assets/tables/t16_probability_error.md
N1671,17.00,results/s3_probability_error.csv,"{""policy"": ""P2 p90"", ""risk_shift"": ""0.1""}",patients_served_hi,{:.2f},docs/report_assets/tables/t16_probability_error.md
N1672,13.0,results/s3_probability_error.csv,"{""policy"": ""P2 p90"", ""risk_shift"": ""0.1""}",mean_wait_min,{:.1f},docs/report_assets/tables/t16_probability_error.md
N1673,12.3,results/s3_probability_error.csv,"{""policy"": ""P2 p90"", ""risk_shift"": ""0.1""}",mean_wait_min_lo,{:.1f},docs/report_assets/tables/t16_probability_error.md
N1674,13.6,results/s3_probability_error.csv,"{""policy"": ""P2 p90"", ""risk_shift"": ""0.1""}",mean_wait_min_hi,{:.1f},docs/report_assets/tables/t16_probability_error.md
N1675,19.6,results/s3_probability_error.csv,"{""policy"": ""P2 p90"", ""risk_shift"": ""0.1""}",overtime_min,{:.1f},docs/report_assets/tables/t16_probability_error.md
N1676,18.3,results/s3_probability_error.csv,"{""policy"": ""P2 p90"", ""risk_shift"": ""0.1""}",overtime_min_lo,{:.1f},docs/report_assets/tables/t16_probability_error.md
N1677,20.9,results/s3_probability_error.csv,"{""policy"": ""P2 p90"", ""risk_shift"": ""0.1""}",overtime_min_hi,{:.1f},docs/report_assets/tables/t16_probability_error.md
N1678,32.6,results/s3_probability_error.csv,"{""policy"": ""P2 p90"", ""risk_shift"": ""0.1""}",idle_min,{:.1f},docs/report_assets/tables/t16_probability_error.md
N1679,31.2,results/s3_probability_error.csv,"{""policy"": ""P2 p90"", ""risk_shift"": ""0.1""}",idle_min_lo,{:.1f},docs/report_assets/tables/t16_probability_error.md
N1680,34.1,results/s3_probability_error.csv,"{""policy"": ""P2 p90"", ""risk_shift"": ""0.1""}",idle_min_hi,{:.1f},docs/report_assets/tables/t16_probability_error.md
N1681,95.1%,results/s3_probability_error.csv,"{""policy"": ""P2 p90"", ""risk_shift"": ""0.1""}",share_sessions_both_attend,{:.1%},docs/report_assets/tables/t16_probability_error.md
N1682,93.8%,results/s3_probability_error.csv,"{""policy"": ""P2 p90"", ""risk_shift"": ""0.1""}",share_sessions_both_attend_lo,{:.1%},docs/report_assets/tables/t16_probability_error.md
N1683,96.4%,results/s3_probability_error.csv,"{""policy"": ""P2 p90"", ""risk_shift"": ""0.1""}",share_sessions_both_attend_hi,{:.1%},docs/report_assets/tables/t16_probability_error.md
N1684,4.02,results/s3_probability_error.csv,"{""policy"": ""P2 p95"", ""risk_shift"": ""0.1""}",double_slots_mean,{:.2f},docs/report_assets/tables/t16_probability_error.md
N1685,15.97,results/s3_probability_error.csv,"{""policy"": ""P2 p95"", ""risk_shift"": ""0.1""}",patients_served,{:.2f},docs/report_assets/tables/t16_probability_error.md
N1686,15.85,results/s3_probability_error.csv,"{""policy"": ""P2 p95"", ""risk_shift"": ""0.1""}",patients_served_lo,{:.2f},docs/report_assets/tables/t16_probability_error.md
N1687,16.10,results/s3_probability_error.csv,"{""policy"": ""P2 p95"", ""risk_shift"": ""0.1""}",patients_served_hi,{:.2f},docs/report_assets/tables/t16_probability_error.md
N1688,10.2,results/s3_probability_error.csv,"{""policy"": ""P2 p95"", ""risk_shift"": ""0.1""}",mean_wait_min,{:.1f},docs/report_assets/tables/t16_probability_error.md
N1689,9.6,results/s3_probability_error.csv,"{""policy"": ""P2 p95"", ""risk_shift"": ""0.1""}",mean_wait_min_lo,{:.1f},docs/report_assets/tables/t16_probability_error.md
N1690,10.7,results/s3_probability_error.csv,"{""policy"": ""P2 p95"", ""risk_shift"": ""0.1""}",mean_wait_min_hi,{:.1f},docs/report_assets/tables/t16_probability_error.md
N1691,14.6,results/s3_probability_error.csv,"{""policy"": ""P2 p95"", ""risk_shift"": ""0.1""}",overtime_min,{:.1f},docs/report_assets/tables/t16_probability_error.md
N1692,13.5,results/s3_probability_error.csv,"{""policy"": ""P2 p95"", ""risk_shift"": ""0.1""}",overtime_min_lo,{:.1f},docs/report_assets/tables/t16_probability_error.md
N1693,15.7,results/s3_probability_error.csv,"{""policy"": ""P2 p95"", ""risk_shift"": ""0.1""}",overtime_min_hi,{:.1f},docs/report_assets/tables/t16_probability_error.md
N1694,39.9,results/s3_probability_error.csv,"{""policy"": ""P2 p95"", ""risk_shift"": ""0.1""}",idle_min,{:.1f},docs/report_assets/tables/t16_probability_error.md
N1695,38.3,results/s3_probability_error.csv,"{""policy"": ""P2 p95"", ""risk_shift"": ""0.1""}",idle_min_lo,{:.1f},docs/report_assets/tables/t16_probability_error.md
N1696,41.5,results/s3_probability_error.csv,"{""policy"": ""P2 p95"", ""risk_shift"": ""0.1""}",idle_min_hi,{:.1f},docs/report_assets/tables/t16_probability_error.md
N1697,89.3%,results/s3_probability_error.csv,"{""policy"": ""P2 p95"", ""risk_shift"": ""0.1""}",share_sessions_both_attend,{:.1%},docs/report_assets/tables/t16_probability_error.md
N1698,87.4%,results/s3_probability_error.csv,"{""policy"": ""P2 p95"", ""risk_shift"": ""0.1""}",share_sessions_both_attend_lo,{:.1%},docs/report_assets/tables/t16_probability_error.md
N1699,91.2%,results/s3_probability_error.csv,"{""policy"": ""P2 p95"", ""risk_shift"": ""0.1""}",share_sessions_both_attend_hi,{:.1%},docs/report_assets/tables/t16_probability_error.md
N1700,10.2%,results/s4_base_rate.csv,"{""base_rate_scale"": ""0.5"", ""policy"": ""P0""}",base_no_show_rate,{:.1%},docs/report_assets/tables/t17_base_rate.md
N1701,0.00,results/s4_base_rate.csv,"{""base_rate_scale"": ""0.5"", ""policy"": ""P0""}",double_slots_mean,{:.2f},docs/report_assets/tables/t17_base_rate.md
N1702,14.38,results/s4_base_rate.csv,"{""base_rate_scale"": ""0.5"", ""policy"": ""P0""}",patients_served,{:.2f},docs/report_assets/tables/t17_base_rate.md
N1703,14.30,results/s4_base_rate.csv,"{""base_rate_scale"": ""0.5"", ""policy"": ""P0""}",patients_served_lo,{:.2f},docs/report_assets/tables/t17_base_rate.md
N1704,14.45,results/s4_base_rate.csv,"{""base_rate_scale"": ""0.5"", ""policy"": ""P0""}",patients_served_hi,{:.2f},docs/report_assets/tables/t17_base_rate.md
N1705,4.0,results/s4_base_rate.csv,"{""base_rate_scale"": ""0.5"", ""policy"": ""P0""}",mean_wait_min,{:.1f},docs/report_assets/tables/t17_base_rate.md
N1706,3.7,results/s4_base_rate.csv,"{""base_rate_scale"": ""0.5"", ""policy"": ""P0""}",mean_wait_min_lo,{:.1f},docs/report_assets/tables/t17_base_rate.md
N1707,4.2,results/s4_base_rate.csv,"{""base_rate_scale"": ""0.5"", ""policy"": ""P0""}",mean_wait_min_hi,{:.1f},docs/report_assets/tables/t17_base_rate.md
N1708,5.4,results/s4_base_rate.csv,"{""base_rate_scale"": ""0.5"", ""policy"": ""P0""}",overtime_min,{:.1f},docs/report_assets/tables/t17_base_rate.md
N1709,4.9,results/s4_base_rate.csv,"{""base_rate_scale"": ""0.5"", ""policy"": ""P0""}",overtime_min_lo,{:.1f},docs/report_assets/tables/t17_base_rate.md
N1710,6.0,results/s4_base_rate.csv,"{""base_rate_scale"": ""0.5"", ""policy"": ""P0""}",overtime_min_hi,{:.1f},docs/report_assets/tables/t17_base_rate.md
N1711,52.1,results/s4_base_rate.csv,"{""base_rate_scale"": ""0.5"", ""policy"": ""P0""}",idle_min,{:.1f},docs/report_assets/tables/t17_base_rate.md
N1712,50.5,results/s4_base_rate.csv,"{""base_rate_scale"": ""0.5"", ""policy"": ""P0""}",idle_min_lo,{:.1f},docs/report_assets/tables/t17_base_rate.md
N1713,53.6,results/s4_base_rate.csv,"{""base_rate_scale"": ""0.5"", ""policy"": ""P0""}",idle_min_hi,{:.1f},docs/report_assets/tables/t17_base_rate.md
N1714,0.0%,results/s4_base_rate.csv,"{""base_rate_scale"": ""0.5"", ""policy"": ""P0""}",share_sessions_both_attend,{:.1%},docs/report_assets/tables/t17_base_rate.md
N1715,0.0%,results/s4_base_rate.csv,"{""base_rate_scale"": ""0.5"", ""policy"": ""P0""}",share_sessions_both_attend_lo,{:.1%},docs/report_assets/tables/t17_base_rate.md
N1716,0.0%,results/s4_base_rate.csv,"{""base_rate_scale"": ""0.5"", ""policy"": ""P0""}",share_sessions_both_attend_hi,{:.1%},docs/report_assets/tables/t17_base_rate.md
N1717,10.2%,results/s4_base_rate.csv,"{""base_rate_scale"": ""0.5"", ""policy"": ""P1 k=2""}",base_no_show_rate,{:.1%},docs/report_assets/tables/t17_base_rate.md
N1718,8.00,results/s4_base_rate.csv,"{""base_rate_scale"": ""0.5"", ""policy"": ""P1 k=2""}",double_slots_mean,{:.2f},docs/report_assets/tables/t17_base_rate.md
N1719,21.61,results/s4_base_rate.csv,"{""base_rate_scale"": ""0.5"", ""policy"": ""P1 k=2""}",patients_served,{:.2f},docs/report_assets/tables/t17_base_rate.md
N1720,21.52,results/s4_base_rate.csv,"{""base_rate_scale"": ""0.5"", ""policy"": ""P1 k=2""}",patients_served_lo,{:.2f},docs/report_assets/tables/t17_base_rate.md
N1721,21.70,results/s4_base_rate.csv,"{""base_rate_scale"": ""0.5"", ""policy"": ""P1 k=2""}",patients_served_hi,{:.2f},docs/report_assets/tables/t17_base_rate.md
N1722,30.9,results/s4_base_rate.csv,"{""base_rate_scale"": ""0.5"", ""policy"": ""P1 k=2""}",mean_wait_min,{:.1f},docs/report_assets/tables/t17_base_rate.md
N1723,29.9,results/s4_base_rate.csv,"{""base_rate_scale"": ""0.5"", ""policy"": ""P1 k=2""}",mean_wait_min_lo,{:.1f},docs/report_assets/tables/t17_base_rate.md
N1724,31.9,results/s4_base_rate.csv,"{""base_rate_scale"": ""0.5"", ""policy"": ""P1 k=2""}",mean_wait_min_hi,{:.1f},docs/report_assets/tables/t17_base_rate.md
N1725,59.3,results/s4_base_rate.csv,"{""base_rate_scale"": ""0.5"", ""policy"": ""P1 k=2""}",overtime_min,{:.1f},docs/report_assets/tables/t17_base_rate.md
N1726,57.5,results/s4_base_rate.csv,"{""base_rate_scale"": ""0.5"", ""policy"": ""P1 k=2""}",overtime_min_lo,{:.1f},docs/report_assets/tables/t17_base_rate.md
N1727,61.2,results/s4_base_rate.csv,"{""base_rate_scale"": ""0.5"", ""policy"": ""P1 k=2""}",overtime_min_hi,{:.1f},docs/report_assets/tables/t17_base_rate.md
N1728,9.1,results/s4_base_rate.csv,"{""base_rate_scale"": ""0.5"", ""policy"": ""P1 k=2""}",idle_min,{:.1f},docs/report_assets/tables/t17_base_rate.md
N1729,8.5,results/s4_base_rate.csv,"{""base_rate_scale"": ""0.5"", ""policy"": ""P1 k=2""}",idle_min_lo,{:.1f},docs/report_assets/tables/t17_base_rate.md
N1730,9.7,results/s4_base_rate.csv,"{""base_rate_scale"": ""0.5"", ""policy"": ""P1 k=2""}",idle_min_hi,{:.1f},docs/report_assets/tables/t17_base_rate.md
N1731,100.0%,results/s4_base_rate.csv,"{""base_rate_scale"": ""0.5"", ""policy"": ""P1 k=2""}",share_sessions_both_attend,{:.1%},docs/report_assets/tables/t17_base_rate.md
N1732,100.0%,results/s4_base_rate.csv,"{""base_rate_scale"": ""0.5"", ""policy"": ""P1 k=2""}",share_sessions_both_attend_lo,{:.1%},docs/report_assets/tables/t17_base_rate.md
N1733,100.0%,results/s4_base_rate.csv,"{""base_rate_scale"": ""0.5"", ""policy"": ""P1 k=2""}",share_sessions_both_attend_hi,{:.1%},docs/report_assets/tables/t17_base_rate.md
N1734,10.2%,results/s4_base_rate.csv,"{""base_rate_scale"": ""0.5"", ""policy"": ""P1 k=3""}",base_no_show_rate,{:.1%},docs/report_assets/tables/t17_base_rate.md
N1735,5.00,results/s4_base_rate.csv,"{""base_rate_scale"": ""0.5"", ""policy"": ""P1 k=3""}",double_slots_mean,{:.2f},docs/report_assets/tables/t17_base_rate.md
N1736,18.90,results/s4_base_rate.csv,"{""base_rate_scale"": ""0.5"", ""policy"": ""P1 k=3""}",patients_served,{:.2f},docs/report_assets/tables/t17_base_rate.md
N1737,18.81,results/s4_base_rate.csv,"{""base_rate_scale"": ""0.5"", ""policy"": ""P1 k=3""}",patients_served_lo,{:.2f},docs/report_assets/tables/t17_base_rate.md
N1738,18.98,results/s4_base_rate.csv,"{""base_rate_scale"": ""0.5"", ""policy"": ""P1 k=3""}",patients_served_hi,{:.2f},docs/report_assets/tables/t17_base_rate.md
N1739,18.9,results/s4_base_rate.csv,"{""base_rate_scale"": ""0.5"", ""policy"": ""P1 k=3""}",mean_wait_min,{:.1f},docs/report_assets/tables/t17_base_rate.md
N1740,18.2,results/s4_base_rate.csv,"{""base_rate_scale"": ""0.5"", ""policy"": ""P1 k=3""}",mean_wait_min_lo,{:.1f},docs/report_assets/tables/t17_base_rate.md
N1741,19.7,results/s4_base_rate.csv,"{""base_rate_scale"": ""0.5"", ""policy"": ""P1 k=3""}",mean_wait_min_hi,{:.1f},docs/report_assets/tables/t17_base_rate.md
N1742,32.1,results/s4_base_rate.csv,"{""base_rate_scale"": ""0.5"", ""policy"": ""P1 k=3""}",overtime_min,{:.1f},docs/report_assets/tables/t17_base_rate.md
N1743,30.6,results/s4_base_rate.csv,"{""base_rate_scale"": ""0.5"", ""policy"": ""P1 k=3""}",overtime_min_lo,{:.1f},docs/report_assets/tables/t17_base_rate.md
N1744,33.5,results/s4_base_rate.csv,"{""base_rate_scale"": ""0.5"", ""policy"": ""P1 k=3""}",overtime_min_hi,{:.1f},docs/report_assets/tables/t17_base_rate.md
N1745,18.3,results/s4_base_rate.csv,"{""base_rate_scale"": ""0.5"", ""policy"": ""P1 k=3""}",idle_min,{:.1f},docs/report_assets/tables/t17_base_rate.md
N1746,17.3,results/s4_base_rate.csv,"{""base_rate_scale"": ""0.5"", ""policy"": ""P1 k=3""}",idle_min_lo,{:.1f},docs/report_assets/tables/t17_base_rate.md
N1747,19.2,results/s4_base_rate.csv,"{""base_rate_scale"": ""0.5"", ""policy"": ""P1 k=3""}",idle_min_hi,{:.1f},docs/report_assets/tables/t17_base_rate.md
N1748,100.0%,results/s4_base_rate.csv,"{""base_rate_scale"": ""0.5"", ""policy"": ""P1 k=3""}",share_sessions_both_attend,{:.1%},docs/report_assets/tables/t17_base_rate.md
N1749,100.0%,results/s4_base_rate.csv,"{""base_rate_scale"": ""0.5"", ""policy"": ""P1 k=3""}",share_sessions_both_attend_lo,{:.1%},docs/report_assets/tables/t17_base_rate.md
N1750,100.0%,results/s4_base_rate.csv,"{""base_rate_scale"": ""0.5"", ""policy"": ""P1 k=3""}",share_sessions_both_attend_hi,{:.1%},docs/report_assets/tables/t17_base_rate.md
N1751,10.2%,results/s4_base_rate.csv,"{""base_rate_scale"": ""0.5"", ""policy"": ""P1 k=4""}",base_no_show_rate,{:.1%},docs/report_assets/tables/t17_base_rate.md
N1752,4.00,results/s4_base_rate.csv,"{""base_rate_scale"": ""0.5"", ""policy"": ""P1 k=4""}",double_slots_mean,{:.2f},docs/report_assets/tables/t17_base_rate.md
N1753,18.00,results/s4_base_rate.csv,"{""base_rate_scale"": ""0.5"", ""policy"": ""P1 k=4""}",patients_served,{:.2f},docs/report_assets/tables/t17_base_rate.md
N1754,17.92,results/s4_base_rate.csv,"{""base_rate_scale"": ""0.5"", ""policy"": ""P1 k=4""}",patients_served_lo,{:.2f},docs/report_assets/tables/t17_base_rate.md
N1755,18.08,results/s4_base_rate.csv,"{""base_rate_scale"": ""0.5"", ""policy"": ""P1 k=4""}",patients_served_hi,{:.2f},docs/report_assets/tables/t17_base_rate.md
N1756,14.0,results/s4_base_rate.csv,"{""base_rate_scale"": ""0.5"", ""policy"": ""P1 k=4""}",mean_wait_min,{:.1f},docs/report_assets/tables/t17_base_rate.md
N1757,13.4,results/s4_base_rate.csv,"{""base_rate_scale"": ""0.5"", ""policy"": ""P1 k=4""}",mean_wait_min_lo,{:.1f},docs/report_assets/tables/t17_base_rate.md
N1758,14.6,results/s4_base_rate.csv,"{""base_rate_scale"": ""0.5"", ""policy"": ""P1 k=4""}",mean_wait_min_hi,{:.1f},docs/report_assets/tables/t17_base_rate.md
N1759,26.9,results/s4_base_rate.csv,"{""base_rate_scale"": ""0.5"", ""policy"": ""P1 k=4""}",overtime_min,{:.1f},docs/report_assets/tables/t17_base_rate.md
N1760,25.7,results/s4_base_rate.csv,"{""base_rate_scale"": ""0.5"", ""policy"": ""P1 k=4""}",overtime_min_lo,{:.1f},docs/report_assets/tables/t17_base_rate.md
N1761,28.2,results/s4_base_rate.csv,"{""base_rate_scale"": ""0.5"", ""policy"": ""P1 k=4""}",overtime_min_hi,{:.1f},docs/report_assets/tables/t17_base_rate.md
N1762,25.2,results/s4_base_rate.csv,"{""base_rate_scale"": ""0.5"", ""policy"": ""P1 k=4""}",idle_min,{:.1f},docs/report_assets/tables/t17_base_rate.md
N1763,24.1,results/s4_base_rate.csv,"{""base_rate_scale"": ""0.5"", ""policy"": ""P1 k=4""}",idle_min_lo,{:.1f},docs/report_assets/tables/t17_base_rate.md
N1764,26.3,results/s4_base_rate.csv,"{""base_rate_scale"": ""0.5"", ""policy"": ""P1 k=4""}",idle_min_hi,{:.1f},docs/report_assets/tables/t17_base_rate.md
N1765,99.8%,results/s4_base_rate.csv,"{""base_rate_scale"": ""0.5"", ""policy"": ""P1 k=4""}",share_sessions_both_attend,{:.1%},docs/report_assets/tables/t17_base_rate.md
N1766,99.5%,results/s4_base_rate.csv,"{""base_rate_scale"": ""0.5"", ""policy"": ""P1 k=4""}",share_sessions_both_attend_lo,{:.1%},docs/report_assets/tables/t17_base_rate.md
N1767,100.1%,results/s4_base_rate.csv,"{""base_rate_scale"": ""0.5"", ""policy"": ""P1 k=4""}",share_sessions_both_attend_hi,{:.1%},docs/report_assets/tables/t17_base_rate.md
N1768,10.2%,results/s4_base_rate.csv,"{""base_rate_scale"": ""0.5"", ""policy"": ""P1 k=6""}",base_no_show_rate,{:.1%},docs/report_assets/tables/t17_base_rate.md
N1769,2.00,results/s4_base_rate.csv,"{""base_rate_scale"": ""0.5"", ""policy"": ""P1 k=6""}",double_slots_mean,{:.2f},docs/report_assets/tables/t17_base_rate.md
N1770,16.19,results/s4_base_rate.csv,"{""base_rate_scale"": ""0.5"", ""policy"": ""P1 k=6""}",patients_served,{:.2f},docs/report_assets/tables/t17_base_rate.md
N1771,16.11,results/s4_base_rate.csv,"{""base_rate_scale"": ""0.5"", ""policy"": ""P1 k=6""}",patients_served_lo,{:.2f},docs/report_assets/tables/t17_base_rate.md
N1772,16.26,results/s4_base_rate.csv,"{""base_rate_scale"": ""0.5"", ""policy"": ""P1 k=6""}",patients_served_hi,{:.2f},docs/report_assets/tables/t17_base_rate.md
N1773,9.7,results/s4_base_rate.csv,"{""base_rate_scale"": ""0.5"", ""policy"": ""P1 k=6""}",mean_wait_min,{:.1f},docs/report_assets/tables/t17_base_rate.md
N1774,9.2,results/s4_base_rate.csv,"{""base_rate_scale"": ""0.5"", ""policy"": ""P1 k=6""}",mean_wait_min_lo,{:.1f},docs/report_assets/tables/t17_base_rate.md
N1775,10.2,results/s4_base_rate.csv,"{""base_rate_scale"": ""0.5"", ""policy"": ""P1 k=6""}",mean_wait_min_hi,{:.1f},docs/report_assets/tables/t17_base_rate.md
N1776,12.3,results/s4_base_rate.csv,"{""base_rate_scale"": ""0.5"", ""policy"": ""P1 k=6""}",overtime_min,{:.1f},docs/report_assets/tables/t17_base_rate.md
N1777,11.4,results/s4_base_rate.csv,"{""base_rate_scale"": ""0.5"", ""policy"": ""P1 k=6""}",overtime_min_lo,{:.1f},docs/report_assets/tables/t17_base_rate.md
N1778,13.3,results/s4_base_rate.csv,"{""base_rate_scale"": ""0.5"", ""policy"": ""P1 k=6""}",overtime_min_hi,{:.1f},docs/report_assets/tables/t17_base_rate.md
N1779,34.7,results/s4_base_rate.csv,"{""base_rate_scale"": ""0.5"", ""policy"": ""P1 k=6""}",idle_min,{:.1f},docs/report_assets/tables/t17_base_rate.md
N1780,33.4,results/s4_base_rate.csv,"{""base_rate_scale"": ""0.5"", ""policy"": ""P1 k=6""}",idle_min_lo,{:.1f},docs/report_assets/tables/t17_base_rate.md
N1781,35.9,results/s4_base_rate.csv,"{""base_rate_scale"": ""0.5"", ""policy"": ""P1 k=6""}",idle_min_hi,{:.1f},docs/report_assets/tables/t17_base_rate.md
N1782,97.3%,results/s4_base_rate.csv,"{""base_rate_scale"": ""0.5"", ""policy"": ""P1 k=6""}",share_sessions_both_attend,{:.1%},docs/report_assets/tables/t17_base_rate.md
N1783,96.3%,results/s4_base_rate.csv,"{""base_rate_scale"": ""0.5"", ""policy"": ""P1 k=6""}",share_sessions_both_attend_lo,{:.1%},docs/report_assets/tables/t17_base_rate.md
N1784,98.3%,results/s4_base_rate.csv,"{""base_rate_scale"": ""0.5"", ""policy"": ""P1 k=6""}",share_sessions_both_attend_hi,{:.1%},docs/report_assets/tables/t17_base_rate.md
N1785,10.2%,results/s4_base_rate.csv,"{""base_rate_scale"": ""0.5"", ""policy"": ""P2 0.3""}",base_no_show_rate,{:.1%},docs/report_assets/tables/t17_base_rate.md
N1786,0.03,results/s4_base_rate.csv,"{""base_rate_scale"": ""0.5"", ""policy"": ""P2 0.3""}",double_slots_mean,{:.2f},docs/report_assets/tables/t17_base_rate.md
N1787,14.40,results/s4_base_rate.csv,"{""base_rate_scale"": ""0.5"", ""policy"": ""P2 0.3""}",patients_served,{:.2f},docs/report_assets/tables/t17_base_rate.md
N1788,14.33,results/s4_base_rate.csv,"{""base_rate_scale"": ""0.5"", ""policy"": ""P2 0.3""}",patients_served_lo,{:.2f},docs/report_assets/tables/t17_base_rate.md
N1789,14.48,results/s4_base_rate.csv,"{""base_rate_scale"": ""0.5"", ""policy"": ""P2 0.3""}",patients_served_hi,{:.2f},docs/report_assets/tables/t17_base_rate.md
N1790,4.0,results/s4_base_rate.csv,"{""base_rate_scale"": ""0.5"", ""policy"": ""P2 0.3""}",mean_wait_min,{:.1f},docs/report_assets/tables/t17_base_rate.md
N1791,3.7,results/s4_base_rate.csv,"{""base_rate_scale"": ""0.5"", ""policy"": ""P2 0.3""}",mean_wait_min_lo,{:.1f},docs/report_assets/tables/t17_base_rate.md
N1792,4.3,results/s4_base_rate.csv,"{""base_rate_scale"": ""0.5"", ""policy"": ""P2 0.3""}",mean_wait_min_hi,{:.1f},docs/report_assets/tables/t17_base_rate.md
N1793,5.5,results/s4_base_rate.csv,"{""base_rate_scale"": ""0.5"", ""policy"": ""P2 0.3""}",overtime_min,{:.1f},docs/report_assets/tables/t17_base_rate.md
N1794,5.0,results/s4_base_rate.csv,"{""base_rate_scale"": ""0.5"", ""policy"": ""P2 0.3""}",overtime_min_lo,{:.1f},docs/report_assets/tables/t17_base_rate.md
N1795,6.1,results/s4_base_rate.csv,"{""base_rate_scale"": ""0.5"", ""policy"": ""P2 0.3""}",overtime_min_hi,{:.1f},docs/report_assets/tables/t17_base_rate.md
N1796,51.8,results/s4_base_rate.csv,"{""base_rate_scale"": ""0.5"", ""policy"": ""P2 0.3""}",idle_min,{:.1f},docs/report_assets/tables/t17_base_rate.md
N1797,50.3,results/s4_base_rate.csv,"{""base_rate_scale"": ""0.5"", ""policy"": ""P2 0.3""}",idle_min_lo,{:.1f},docs/report_assets/tables/t17_base_rate.md
N1798,53.3,results/s4_base_rate.csv,"{""base_rate_scale"": ""0.5"", ""policy"": ""P2 0.3""}",idle_min_hi,{:.1f},docs/report_assets/tables/t17_base_rate.md
N1799,1.3%,results/s4_base_rate.csv,"{""base_rate_scale"": ""0.5"", ""policy"": ""P2 0.3""}",share_sessions_both_attend,{:.1%},docs/report_assets/tables/t17_base_rate.md
N1800,0.6%,results/s4_base_rate.csv,"{""base_rate_scale"": ""0.5"", ""policy"": ""P2 0.3""}",share_sessions_both_attend_lo,{:.1%},docs/report_assets/tables/t17_base_rate.md
N1801,2.0%,results/s4_base_rate.csv,"{""base_rate_scale"": ""0.5"", ""policy"": ""P2 0.3""}",share_sessions_both_attend_hi,{:.1%},docs/report_assets/tables/t17_base_rate.md
N1802,10.2%,results/s4_base_rate.csv,"{""base_rate_scale"": ""0.5"", ""policy"": ""P2 0.5""}",base_no_show_rate,{:.1%},docs/report_assets/tables/t17_base_rate.md
N1803,0.00,results/s4_base_rate.csv,"{""base_rate_scale"": ""0.5"", ""policy"": ""P2 0.5""}",double_slots_mean,{:.2f},docs/report_assets/tables/t17_base_rate.md
N1804,14.38,results/s4_base_rate.csv,"{""base_rate_scale"": ""0.5"", ""policy"": ""P2 0.5""}",patients_served,{:.2f},docs/report_assets/tables/t17_base_rate.md
N1805,14.30,results/s4_base_rate.csv,"{""base_rate_scale"": ""0.5"", ""policy"": ""P2 0.5""}",patients_served_lo,{:.2f},docs/report_assets/tables/t17_base_rate.md
N1806,14.45,results/s4_base_rate.csv,"{""base_rate_scale"": ""0.5"", ""policy"": ""P2 0.5""}",patients_served_hi,{:.2f},docs/report_assets/tables/t17_base_rate.md
N1807,4.0,results/s4_base_rate.csv,"{""base_rate_scale"": ""0.5"", ""policy"": ""P2 0.5""}",mean_wait_min,{:.1f},docs/report_assets/tables/t17_base_rate.md
N1808,3.7,results/s4_base_rate.csv,"{""base_rate_scale"": ""0.5"", ""policy"": ""P2 0.5""}",mean_wait_min_lo,{:.1f},docs/report_assets/tables/t17_base_rate.md
N1809,4.2,results/s4_base_rate.csv,"{""base_rate_scale"": ""0.5"", ""policy"": ""P2 0.5""}",mean_wait_min_hi,{:.1f},docs/report_assets/tables/t17_base_rate.md
N1810,5.4,results/s4_base_rate.csv,"{""base_rate_scale"": ""0.5"", ""policy"": ""P2 0.5""}",overtime_min,{:.1f},docs/report_assets/tables/t17_base_rate.md
N1811,4.9,results/s4_base_rate.csv,"{""base_rate_scale"": ""0.5"", ""policy"": ""P2 0.5""}",overtime_min_lo,{:.1f},docs/report_assets/tables/t17_base_rate.md
N1812,6.0,results/s4_base_rate.csv,"{""base_rate_scale"": ""0.5"", ""policy"": ""P2 0.5""}",overtime_min_hi,{:.1f},docs/report_assets/tables/t17_base_rate.md
N1813,52.1,results/s4_base_rate.csv,"{""base_rate_scale"": ""0.5"", ""policy"": ""P2 0.5""}",idle_min,{:.1f},docs/report_assets/tables/t17_base_rate.md
N1814,50.5,results/s4_base_rate.csv,"{""base_rate_scale"": ""0.5"", ""policy"": ""P2 0.5""}",idle_min_lo,{:.1f},docs/report_assets/tables/t17_base_rate.md
N1815,53.6,results/s4_base_rate.csv,"{""base_rate_scale"": ""0.5"", ""policy"": ""P2 0.5""}",idle_min_hi,{:.1f},docs/report_assets/tables/t17_base_rate.md
N1816,0.0%,results/s4_base_rate.csv,"{""base_rate_scale"": ""0.5"", ""policy"": ""P2 0.5""}",share_sessions_both_attend,{:.1%},docs/report_assets/tables/t17_base_rate.md
N1817,0.0%,results/s4_base_rate.csv,"{""base_rate_scale"": ""0.5"", ""policy"": ""P2 0.5""}",share_sessions_both_attend_lo,{:.1%},docs/report_assets/tables/t17_base_rate.md
N1818,0.0%,results/s4_base_rate.csv,"{""base_rate_scale"": ""0.5"", ""policy"": ""P2 0.5""}",share_sessions_both_attend_hi,{:.1%},docs/report_assets/tables/t17_base_rate.md
N1819,10.2%,results/s4_base_rate.csv,"{""base_rate_scale"": ""0.5"", ""policy"": ""P2 p50""}",base_no_show_rate,{:.1%},docs/report_assets/tables/t17_base_rate.md
N1820,8.04,results/s4_base_rate.csv,"{""base_rate_scale"": ""0.5"", ""policy"": ""P2 p50""}",double_slots_mean,{:.2f},docs/report_assets/tables/t17_base_rate.md
N1821,21.63,results/s4_base_rate.csv,"{""base_rate_scale"": ""0.5"", ""policy"": ""P2 p50""}",patients_served,{:.2f},docs/report_assets/tables/t17_base_rate.md
N1822,21.50,results/s4_base_rate.csv,"{""base_rate_scale"": ""0.5"", ""policy"": ""P2 p50""}",patients_served_lo,{:.2f},docs/report_assets/tables/t17_base_rate.md
N1823,21.76,results/s4_base_rate.csv,"{""base_rate_scale"": ""0.5"", ""policy"": ""P2 p50""}",patients_served_hi,{:.2f},docs/report_assets/tables/t17_base_rate.md
N1824,32.1,results/s4_base_rate.csv,"{""base_rate_scale"": ""0.5"", ""policy"": ""P2 p50""}",mean_wait_min,{:.1f},docs/report_assets/tables/t17_base_rate.md
N1825,31.0,results/s4_base_rate.csv,"{""base_rate_scale"": ""0.5"", ""policy"": ""P2 p50""}",mean_wait_min_lo,{:.1f},docs/report_assets/tables/t17_base_rate.md
N1826,33.2,results/s4_base_rate.csv,"{""base_rate_scale"": ""0.5"", ""policy"": ""P2 p50""}",mean_wait_min_hi,{:.1f},docs/report_assets/tables/t17_base_rate.md
N1827,59.3,results/s4_base_rate.csv,"{""base_rate_scale"": ""0.5"", ""policy"": ""P2 p50""}",overtime_min,{:.1f},docs/report_assets/tables/t17_base_rate.md
N1828,57.2,results/s4_base_rate.csv,"{""base_rate_scale"": ""0.5"", ""policy"": ""P2 p50""}",overtime_min_lo,{:.1f},docs/report_assets/tables/t17_base_rate.md
N1829,61.5,results/s4_base_rate.csv,"{""base_rate_scale"": ""0.5"", ""policy"": ""P2 p50""}",overtime_min_hi,{:.1f},docs/report_assets/tables/t17_base_rate.md
N1830,8.6,results/s4_base_rate.csv,"{""base_rate_scale"": ""0.5"", ""policy"": ""P2 p50""}",idle_min,{:.1f},docs/report_assets/tables/t17_base_rate.md
N1831,7.9,results/s4_base_rate.csv,"{""base_rate_scale"": ""0.5"", ""policy"": ""P2 p50""}",idle_min_lo,{:.1f},docs/report_assets/tables/t17_base_rate.md
N1832,9.3,results/s4_base_rate.csv,"{""base_rate_scale"": ""0.5"", ""policy"": ""P2 p50""}",idle_min_hi,{:.1f},docs/report_assets/tables/t17_base_rate.md
N1833,100.0%,results/s4_base_rate.csv,"{""base_rate_scale"": ""0.5"", ""policy"": ""P2 p50""}",share_sessions_both_attend,{:.1%},docs/report_assets/tables/t17_base_rate.md
N1834,100.0%,results/s4_base_rate.csv,"{""base_rate_scale"": ""0.5"", ""policy"": ""P2 p50""}",share_sessions_both_attend_lo,{:.1%},docs/report_assets/tables/t17_base_rate.md
N1835,100.0%,results/s4_base_rate.csv,"{""base_rate_scale"": ""0.5"", ""policy"": ""P2 p50""}",share_sessions_both_attend_hi,{:.1%},docs/report_assets/tables/t17_base_rate.md
N1836,10.2%,results/s4_base_rate.csv,"{""base_rate_scale"": ""0.5"", ""policy"": ""P2 p70""}",base_no_show_rate,{:.1%},docs/report_assets/tables/t17_base_rate.md
N1837,4.81,results/s4_base_rate.csv,"{""base_rate_scale"": ""0.5"", ""policy"": ""P2 p70""}",double_slots_mean,{:.2f},docs/report_assets/tables/t17_base_rate.md
N1838,18.73,results/s4_base_rate.csv,"{""base_rate_scale"": ""0.5"", ""policy"": ""P2 p70""}",patients_served,{:.2f},docs/report_assets/tables/t17_base_rate.md
N1839,18.61,results/s4_base_rate.csv,"{""base_rate_scale"": ""0.5"", ""policy"": ""P2 p70""}",patients_served_lo,{:.2f},docs/report_assets/tables/t17_base_rate.md
N1840,18.85,results/s4_base_rate.csv,"{""base_rate_scale"": ""0.5"", ""policy"": ""P2 p70""}",patients_served_hi,{:.2f},docs/report_assets/tables/t17_base_rate.md
N1841,18.4,results/s4_base_rate.csv,"{""base_rate_scale"": ""0.5"", ""policy"": ""P2 p70""}",mean_wait_min,{:.1f},docs/report_assets/tables/t17_base_rate.md
N1842,17.6,results/s4_base_rate.csv,"{""base_rate_scale"": ""0.5"", ""policy"": ""P2 p70""}",mean_wait_min_lo,{:.1f},docs/report_assets/tables/t17_base_rate.md
N1843,19.3,results/s4_base_rate.csv,"{""base_rate_scale"": ""0.5"", ""policy"": ""P2 p70""}",mean_wait_min_hi,{:.1f},docs/report_assets/tables/t17_base_rate.md
N1844,31.0,results/s4_base_rate.csv,"{""base_rate_scale"": ""0.5"", ""policy"": ""P2 p70""}",overtime_min,{:.1f},docs/report_assets/tables/t17_base_rate.md
N1845,29.3,results/s4_base_rate.csv,"{""base_rate_scale"": ""0.5"", ""policy"": ""P2 p70""}",overtime_min_lo,{:.1f},docs/report_assets/tables/t17_base_rate.md
N1846,32.6,results/s4_base_rate.csv,"{""base_rate_scale"": ""0.5"", ""policy"": ""P2 p70""}",overtime_min_hi,{:.1f},docs/report_assets/tables/t17_base_rate.md
N1847,19.3,results/s4_base_rate.csv,"{""base_rate_scale"": ""0.5"", ""policy"": ""P2 p70""}",idle_min,{:.1f},docs/report_assets/tables/t17_base_rate.md
N1848,18.2,results/s4_base_rate.csv,"{""base_rate_scale"": ""0.5"", ""policy"": ""P2 p70""}",idle_min_lo,{:.1f},docs/report_assets/tables/t17_base_rate.md
N1849,20.4,results/s4_base_rate.csv,"{""base_rate_scale"": ""0.5"", ""policy"": ""P2 p70""}",idle_min_hi,{:.1f},docs/report_assets/tables/t17_base_rate.md
N1850,97.9%,results/s4_base_rate.csv,"{""base_rate_scale"": ""0.5"", ""policy"": ""P2 p70""}",share_sessions_both_attend,{:.1%},docs/report_assets/tables/t17_base_rate.md
N1851,97.0%,results/s4_base_rate.csv,"{""base_rate_scale"": ""0.5"", ""policy"": ""P2 p70""}",share_sessions_both_attend_lo,{:.1%},docs/report_assets/tables/t17_base_rate.md
N1852,98.8%,results/s4_base_rate.csv,"{""base_rate_scale"": ""0.5"", ""policy"": ""P2 p70""}",share_sessions_both_attend_hi,{:.1%},docs/report_assets/tables/t17_base_rate.md
N1853,10.2%,results/s4_base_rate.csv,"{""base_rate_scale"": ""0.5"", ""policy"": ""P2 p80""}",base_no_show_rate,{:.1%},docs/report_assets/tables/t17_base_rate.md
N1854,3.18,results/s4_base_rate.csv,"{""base_rate_scale"": ""0.5"", ""policy"": ""P2 p80""}",double_slots_mean,{:.2f},docs/report_assets/tables/t17_base_rate.md
N1855,17.25,results/s4_base_rate.csv,"{""base_rate_scale"": ""0.5"", ""policy"": ""P2 p80""}",patients_served,{:.2f},docs/report_assets/tables/t17_base_rate.md
N1856,17.14,results/s4_base_rate.csv,"{""base_rate_scale"": ""0.5"", ""policy"": ""P2 p80""}",patients_served_lo,{:.2f},docs/report_assets/tables/t17_base_rate.md
N1857,17.36,results/s4_base_rate.csv,"{""base_rate_scale"": ""0.5"", ""policy"": ""P2 p80""}",patients_served_hi,{:.2f},docs/report_assets/tables/t17_base_rate.md
N1858,12.7,results/s4_base_rate.csv,"{""base_rate_scale"": ""0.5"", ""policy"": ""P2 p80""}",mean_wait_min,{:.1f},docs/report_assets/tables/t17_base_rate.md
N1859,12.0,results/s4_base_rate.csv,"{""base_rate_scale"": ""0.5"", ""policy"": ""P2 p80""}",mean_wait_min_lo,{:.1f},docs/report_assets/tables/t17_base_rate.md
N1860,13.3,results/s4_base_rate.csv,"{""base_rate_scale"": ""0.5"", ""policy"": ""P2 p80""}",mean_wait_min_hi,{:.1f},docs/report_assets/tables/t17_base_rate.md
N1861,19.6,results/s4_base_rate.csv,"{""base_rate_scale"": ""0.5"", ""policy"": ""P2 p80""}",overtime_min,{:.1f},docs/report_assets/tables/t17_base_rate.md
N1862,18.3,results/s4_base_rate.csv,"{""base_rate_scale"": ""0.5"", ""policy"": ""P2 p80""}",overtime_min_lo,{:.1f},docs/report_assets/tables/t17_base_rate.md
N1863,20.9,results/s4_base_rate.csv,"{""base_rate_scale"": ""0.5"", ""policy"": ""P2 p80""}",overtime_min_hi,{:.1f},docs/report_assets/tables/t17_base_rate.md
N1864,27.9,results/s4_base_rate.csv,"{""base_rate_scale"": ""0.5"", ""policy"": ""P2 p80""}",idle_min,{:.1f},docs/report_assets/tables/t17_base_rate.md
N1865,26.6,results/s4_base_rate.csv,"{""base_rate_scale"": ""0.5"", ""policy"": ""P2 p80""}",idle_min_lo,{:.1f},docs/report_assets/tables/t17_base_rate.md
N1866,29.2,results/s4_base_rate.csv,"{""base_rate_scale"": ""0.5"", ""policy"": ""P2 p80""}",idle_min_hi,{:.1f},docs/report_assets/tables/t17_base_rate.md
N1867,92.0%,results/s4_base_rate.csv,"{""base_rate_scale"": ""0.5"", ""policy"": ""P2 p80""}",share_sessions_both_attend,{:.1%},docs/report_assets/tables/t17_base_rate.md
N1868,90.3%,results/s4_base_rate.csv,"{""base_rate_scale"": ""0.5"", ""policy"": ""P2 p80""}",share_sessions_both_attend_lo,{:.1%},docs/report_assets/tables/t17_base_rate.md
N1869,93.7%,results/s4_base_rate.csv,"{""base_rate_scale"": ""0.5"", ""policy"": ""P2 p80""}",share_sessions_both_attend_hi,{:.1%},docs/report_assets/tables/t17_base_rate.md
N1870,10.2%,results/s4_base_rate.csv,"{""base_rate_scale"": ""0.5"", ""policy"": ""P2 p90""}",base_no_show_rate,{:.1%},docs/report_assets/tables/t17_base_rate.md
N1871,1.52,results/s4_base_rate.csv,"{""base_rate_scale"": ""0.5"", ""policy"": ""P2 p90""}",double_slots_mean,{:.2f},docs/report_assets/tables/t17_base_rate.md
N1872,15.76,results/s4_base_rate.csv,"{""base_rate_scale"": ""0.5"", ""policy"": ""P2 p90""}",patients_served,{:.2f},docs/report_assets/tables/t17_base_rate.md
N1873,15.67,results/s4_base_rate.csv,"{""base_rate_scale"": ""0.5"", ""policy"": ""P2 p90""}",patients_served_lo,{:.2f},docs/report_assets/tables/t17_base_rate.md
N1874,15.86,results/s4_base_rate.csv,"{""base_rate_scale"": ""0.5"", ""policy"": ""P2 p90""}",patients_served_hi,{:.2f},docs/report_assets/tables/t17_base_rate.md
N1875,7.7,results/s4_base_rate.csv,"{""base_rate_scale"": ""0.5"", ""policy"": ""P2 p90""}",mean_wait_min,{:.1f},docs/report_assets/tables/t17_base_rate.md
N1876,7.2,results/s4_base_rate.csv,"{""base_rate_scale"": ""0.5"", ""policy"": ""P2 p90""}",mean_wait_min_lo,{:.1f},docs/report_assets/tables/t17_base_rate.md
N1877,8.2,results/s4_base_rate.csv,"{""base_rate_scale"": ""0.5"", ""policy"": ""P2 p90""}",mean_wait_min_hi,{:.1f},docs/report_assets/tables/t17_base_rate.md
N1878,11.1,results/s4_base_rate.csv,"{""base_rate_scale"": ""0.5"", ""policy"": ""P2 p90""}",overtime_min,{:.1f},docs/report_assets/tables/t17_base_rate.md
N1879,10.2,results/s4_base_rate.csv,"{""base_rate_scale"": ""0.5"", ""policy"": ""P2 p90""}",overtime_min_lo,{:.1f},docs/report_assets/tables/t17_base_rate.md
N1880,12.0,results/s4_base_rate.csv,"{""base_rate_scale"": ""0.5"", ""policy"": ""P2 p90""}",overtime_min_hi,{:.1f},docs/report_assets/tables/t17_base_rate.md
N1881,39.3,results/s4_base_rate.csv,"{""base_rate_scale"": ""0.5"", ""policy"": ""P2 p90""}",idle_min,{:.1f},docs/report_assets/tables/t17_base_rate.md
N1882,37.8,results/s4_base_rate.csv,"{""base_rate_scale"": ""0.5"", ""policy"": ""P2 p90""}",idle_min_lo,{:.1f},docs/report_assets/tables/t17_base_rate.md
N1883,40.7,results/s4_base_rate.csv,"{""base_rate_scale"": ""0.5"", ""policy"": ""P2 p90""}",idle_min_hi,{:.1f},docs/report_assets/tables/t17_base_rate.md
N1884,68.4%,results/s4_base_rate.csv,"{""base_rate_scale"": ""0.5"", ""policy"": ""P2 p90""}",share_sessions_both_attend,{:.1%},docs/report_assets/tables/t17_base_rate.md
N1885,65.5%,results/s4_base_rate.csv,"{""base_rate_scale"": ""0.5"", ""policy"": ""P2 p90""}",share_sessions_both_attend_lo,{:.1%},docs/report_assets/tables/t17_base_rate.md
N1886,71.3%,results/s4_base_rate.csv,"{""base_rate_scale"": ""0.5"", ""policy"": ""P2 p90""}",share_sessions_both_attend_hi,{:.1%},docs/report_assets/tables/t17_base_rate.md
N1887,10.2%,results/s4_base_rate.csv,"{""base_rate_scale"": ""0.5"", ""policy"": ""P2 p95""}",base_no_show_rate,{:.1%},docs/report_assets/tables/t17_base_rate.md
N1888,0.71,results/s4_base_rate.csv,"{""base_rate_scale"": ""0.5"", ""policy"": ""P2 p95""}",double_slots_mean,{:.2f},docs/report_assets/tables/t17_base_rate.md
N1889,15.02,results/s4_base_rate.csv,"{""base_rate_scale"": ""0.5"", ""policy"": ""P2 p95""}",patients_served,{:.2f},docs/report_assets/tables/t17_base_rate.md
N1890,14.93,results/s4_base_rate.csv,"{""base_rate_scale"": ""0.5"", ""policy"": ""P2 p95""}",patients_served_lo,{:.2f},docs/report_assets/tables/t17_base_rate.md
N1891,15.11,results/s4_base_rate.csv,"{""base_rate_scale"": ""0.5"", ""policy"": ""P2 p95""}",patients_served_hi,{:.2f},docs/report_assets/tables/t17_base_rate.md
N1892,5.6,results/s4_base_rate.csv,"{""base_rate_scale"": ""0.5"", ""policy"": ""P2 p95""}",mean_wait_min,{:.1f},docs/report_assets/tables/t17_base_rate.md
N1893,5.2,results/s4_base_rate.csv,"{""base_rate_scale"": ""0.5"", ""policy"": ""P2 p95""}",mean_wait_min_lo,{:.1f},docs/report_assets/tables/t17_base_rate.md
N1894,6.0,results/s4_base_rate.csv,"{""base_rate_scale"": ""0.5"", ""policy"": ""P2 p95""}",mean_wait_min_hi,{:.1f},docs/report_assets/tables/t17_base_rate.md
N1895,7.9,results/s4_base_rate.csv,"{""base_rate_scale"": ""0.5"", ""policy"": ""P2 p95""}",overtime_min,{:.1f},docs/report_assets/tables/t17_base_rate.md
N1896,7.2,results/s4_base_rate.csv,"{""base_rate_scale"": ""0.5"", ""policy"": ""P2 p95""}",overtime_min_lo,{:.1f},docs/report_assets/tables/t17_base_rate.md
N1897,8.6,results/s4_base_rate.csv,"{""base_rate_scale"": ""0.5"", ""policy"": ""P2 p95""}",overtime_min_hi,{:.1f},docs/report_assets/tables/t17_base_rate.md
N1898,46.1,results/s4_base_rate.csv,"{""base_rate_scale"": ""0.5"", ""policy"": ""P2 p95""}",idle_min,{:.1f},docs/report_assets/tables/t17_base_rate.md
N1899,44.6,results/s4_base_rate.csv,"{""base_rate_scale"": ""0.5"", ""policy"": ""P2 p95""}",idle_min_lo,{:.1f},docs/report_assets/tables/t17_base_rate.md
N1900,47.6,results/s4_base_rate.csv,"{""base_rate_scale"": ""0.5"", ""policy"": ""P2 p95""}",idle_min_hi,{:.1f},docs/report_assets/tables/t17_base_rate.md
N1901,39.0%,results/s4_base_rate.csv,"{""base_rate_scale"": ""0.5"", ""policy"": ""P2 p95""}",share_sessions_both_attend,{:.1%},docs/report_assets/tables/t17_base_rate.md
N1902,36.0%,results/s4_base_rate.csv,"{""base_rate_scale"": ""0.5"", ""policy"": ""P2 p95""}",share_sessions_both_attend_lo,{:.1%},docs/report_assets/tables/t17_base_rate.md
N1903,42.0%,results/s4_base_rate.csv,"{""base_rate_scale"": ""0.5"", ""policy"": ""P2 p95""}",share_sessions_both_attend_hi,{:.1%},docs/report_assets/tables/t17_base_rate.md
N1904,20.4%,results/s4_base_rate.csv,"{""base_rate_scale"": ""1.0"", ""policy"": ""P0""}",base_no_show_rate,{:.1%},docs/report_assets/tables/t17_base_rate.md
N1905,0.00,results/s4_base_rate.csv,"{""base_rate_scale"": ""1.0"", ""policy"": ""P0""}",double_slots_mean,{:.2f},docs/report_assets/tables/t17_base_rate.md
N1906,12.75,results/s4_base_rate.csv,"{""base_rate_scale"": ""1.0"", ""policy"": ""P0""}",patients_served,{:.2f},docs/report_assets/tables/t17_base_rate.md
N1907,12.65,results/s4_base_rate.csv,"{""base_rate_scale"": ""1.0"", ""policy"": ""P0""}",patients_served_lo,{:.2f},docs/report_assets/tables/t17_base_rate.md
N1908,12.85,results/s4_base_rate.csv,"{""base_rate_scale"": ""1.0"", ""policy"": ""P0""}",patients_served_hi,{:.2f},docs/report_assets/tables/t17_base_rate.md
N1909,2.9,results/s4_base_rate.csv,"{""base_rate_scale"": ""1.0"", ""policy"": ""P0""}",mean_wait_min,{:.1f},docs/report_assets/tables/t17_base_rate.md
N1910,2.7,results/s4_base_rate.csv,"{""base_rate_scale"": ""1.0"", ""policy"": ""P0""}",mean_wait_min_lo,{:.1f},docs/report_assets/tables/t17_base_rate.md
N1911,3.1,results/s4_base_rate.csv,"{""base_rate_scale"": ""1.0"", ""policy"": ""P0""}",mean_wait_min_hi,{:.1f},docs/report_assets/tables/t17_base_rate.md
N1912,3.7,results/s4_base_rate.csv,"{""base_rate_scale"": ""1.0"", ""policy"": ""P0""}",overtime_min,{:.1f},docs/report_assets/tables/t17_base_rate.md
N1913,3.2,results/s4_base_rate.csv,"{""base_rate_scale"": ""1.0"", ""policy"": ""P0""}",overtime_min_lo,{:.1f},docs/report_assets/tables/t17_base_rate.md
N1914,4.1,results/s4_base_rate.csv,"{""base_rate_scale"": ""1.0"", ""policy"": ""P0""}",overtime_min_hi,{:.1f},docs/report_assets/tables/t17_base_rate.md
N1915,72.1,results/s4_base_rate.csv,"{""base_rate_scale"": ""1.0"", ""policy"": ""P0""}",idle_min,{:.1f},docs/report_assets/tables/t17_base_rate.md
N1916,70.4,results/s4_base_rate.csv,"{""base_rate_scale"": ""1.0"", ""policy"": ""P0""}",idle_min_lo,{:.1f},docs/report_assets/tables/t17_base_rate.md
N1917,73.9,results/s4_base_rate.csv,"{""base_rate_scale"": ""1.0"", ""policy"": ""P0""}",idle_min_hi,{:.1f},docs/report_assets/tables/t17_base_rate.md
N1918,0.0%,results/s4_base_rate.csv,"{""base_rate_scale"": ""1.0"", ""policy"": ""P0""}",share_sessions_both_attend,{:.1%},docs/report_assets/tables/t17_base_rate.md
N1919,0.0%,results/s4_base_rate.csv,"{""base_rate_scale"": ""1.0"", ""policy"": ""P0""}",share_sessions_both_attend_lo,{:.1%},docs/report_assets/tables/t17_base_rate.md
N1920,0.0%,results/s4_base_rate.csv,"{""base_rate_scale"": ""1.0"", ""policy"": ""P0""}",share_sessions_both_attend_hi,{:.1%},docs/report_assets/tables/t17_base_rate.md
N1921,20.4%,results/s4_base_rate.csv,"{""base_rate_scale"": ""1.0"", ""policy"": ""P1 k=2""}",base_no_show_rate,{:.1%},docs/report_assets/tables/t17_base_rate.md
N1922,8.00,results/s4_base_rate.csv,"{""base_rate_scale"": ""1.0"", ""policy"": ""P1 k=2""}",double_slots_mean,{:.2f},docs/report_assets/tables/t17_base_rate.md
N1923,19.16,results/s4_base_rate.csv,"{""base_rate_scale"": ""1.0"", ""policy"": ""P1 k=2""}",patients_served,{:.2f},docs/report_assets/tables/t17_base_rate.md
N1924,19.04,results/s4_base_rate.csv,"{""base_rate_scale"": ""1.0"", ""policy"": ""P1 k=2""}",patients_served_lo,{:.2f},docs/report_assets/tables/t17_base_rate.md
N1925,19.28,results/s4_base_rate.csv,"{""base_rate_scale"": ""1.0"", ""policy"": ""P1 k=2""}",patients_served_hi,{:.2f},docs/report_assets/tables/t17_base_rate.md
N1926,21.4,results/s4_base_rate.csv,"{""base_rate_scale"": ""1.0"", ""policy"": ""P1 k=2""}",mean_wait_min,{:.1f},docs/report_assets/tables/t17_base_rate.md
N1927,20.5,results/s4_base_rate.csv,"{""base_rate_scale"": ""1.0"", ""policy"": ""P1 k=2""}",mean_wait_min_lo,{:.1f},docs/report_assets/tables/t17_base_rate.md
N1928,22.2,results/s4_base_rate.csv,"{""base_rate_scale"": ""1.0"", ""policy"": ""P1 k=2""}",mean_wait_min_hi,{:.1f},docs/report_assets/tables/t17_base_rate.md
N1929,37.3,results/s4_base_rate.csv,"{""base_rate_scale"": ""1.0"", ""policy"": ""P1 k=2""}",overtime_min,{:.1f},docs/report_assets/tables/t17_base_rate.md
N1930,35.6,results/s4_base_rate.csv,"{""base_rate_scale"": ""1.0"", ""policy"": ""P1 k=2""}",overtime_min_lo,{:.1f},docs/report_assets/tables/t17_base_rate.md
N1931,39.0,results/s4_base_rate.csv,"{""base_rate_scale"": ""1.0"", ""policy"": ""P1 k=2""}",overtime_min_hi,{:.1f},docs/report_assets/tables/t17_base_rate.md
N1932,19.7,results/s4_base_rate.csv,"{""base_rate_scale"": ""1.0"", ""policy"": ""P1 k=2""}",idle_min,{:.1f},docs/report_assets/tables/t17_base_rate.md
N1933,18.6,results/s4_base_rate.csv,"{""base_rate_scale"": ""1.0"", ""policy"": ""P1 k=2""}",idle_min_lo,{:.1f},docs/report_assets/tables/t17_base_rate.md
N1934,20.8,results/s4_base_rate.csv,"{""base_rate_scale"": ""1.0"", ""policy"": ""P1 k=2""}",idle_min_hi,{:.1f},docs/report_assets/tables/t17_base_rate.md
N1935,100.0%,results/s4_base_rate.csv,"{""base_rate_scale"": ""1.0"", ""policy"": ""P1 k=2""}",share_sessions_both_attend,{:.1%},docs/report_assets/tables/t17_base_rate.md
N1936,100.0%,results/s4_base_rate.csv,"{""base_rate_scale"": ""1.0"", ""policy"": ""P1 k=2""}",share_sessions_both_attend_lo,{:.1%},docs/report_assets/tables/t17_base_rate.md
N1937,100.0%,results/s4_base_rate.csv,"{""base_rate_scale"": ""1.0"", ""policy"": ""P1 k=2""}",share_sessions_both_attend_hi,{:.1%},docs/report_assets/tables/t17_base_rate.md
N1938,20.4%,results/s4_base_rate.csv,"{""base_rate_scale"": ""1.0"", ""policy"": ""P1 k=3""}",base_no_show_rate,{:.1%},docs/report_assets/tables/t17_base_rate.md
N1939,5.00,results/s4_base_rate.csv,"{""base_rate_scale"": ""1.0"", ""policy"": ""P1 k=3""}",double_slots_mean,{:.2f},docs/report_assets/tables/t17_base_rate.md
N1940,16.76,results/s4_base_rate.csv,"{""base_rate_scale"": ""1.0"", ""policy"": ""P1 k=3""}",patients_served,{:.2f},docs/report_assets/tables/t17_base_rate.md
N1941,16.65,results/s4_base_rate.csv,"{""base_rate_scale"": ""1.0"", ""policy"": ""P1 k=3""}",patients_served_lo,{:.2f},docs/report_assets/tables/t17_base_rate.md
N1942,16.88,results/s4_base_rate.csv,"{""base_rate_scale"": ""1.0"", ""policy"": ""P1 k=3""}",patients_served_hi,{:.2f},docs/report_assets/tables/t17_base_rate.md
N1943,13.1,results/s4_base_rate.csv,"{""base_rate_scale"": ""1.0"", ""policy"": ""P1 k=3""}",mean_wait_min,{:.1f},docs/report_assets/tables/t17_base_rate.md
N1944,12.5,results/s4_base_rate.csv,"{""base_rate_scale"": ""1.0"", ""policy"": ""P1 k=3""}",mean_wait_min_lo,{:.1f},docs/report_assets/tables/t17_base_rate.md
N1945,13.7,results/s4_base_rate.csv,"{""base_rate_scale"": ""1.0"", ""policy"": ""P1 k=3""}",mean_wait_min_hi,{:.1f},docs/report_assets/tables/t17_base_rate.md
N1946,19.0,results/s4_base_rate.csv,"{""base_rate_scale"": ""1.0"", ""policy"": ""P1 k=3""}",overtime_min,{:.1f},docs/report_assets/tables/t17_base_rate.md
N1947,17.8,results/s4_base_rate.csv,"{""base_rate_scale"": ""1.0"", ""policy"": ""P1 k=3""}",overtime_min_lo,{:.1f},docs/report_assets/tables/t17_base_rate.md
N1948,20.2,results/s4_base_rate.csv,"{""base_rate_scale"": ""1.0"", ""policy"": ""P1 k=3""}",overtime_min_hi,{:.1f},docs/report_assets/tables/t17_base_rate.md
N1949,33.6,results/s4_base_rate.csv,"{""base_rate_scale"": ""1.0"", ""policy"": ""P1 k=3""}",idle_min,{:.1f},docs/report_assets/tables/t17_base_rate.md
N1950,32.2,results/s4_base_rate.csv,"{""base_rate_scale"": ""1.0"", ""policy"": ""P1 k=3""}",idle_min_lo,{:.1f},docs/report_assets/tables/t17_base_rate.md
N1951,35.1,results/s4_base_rate.csv,"{""base_rate_scale"": ""1.0"", ""policy"": ""P1 k=3""}",idle_min_hi,{:.1f},docs/report_assets/tables/t17_base_rate.md
N1952,98.9%,results/s4_base_rate.csv,"{""base_rate_scale"": ""1.0"", ""policy"": ""P1 k=3""}",share_sessions_both_attend,{:.1%},docs/report_assets/tables/t17_base_rate.md
N1953,98.3%,results/s4_base_rate.csv,"{""base_rate_scale"": ""1.0"", ""policy"": ""P1 k=3""}",share_sessions_both_attend_lo,{:.1%},docs/report_assets/tables/t17_base_rate.md
N1954,99.5%,results/s4_base_rate.csv,"{""base_rate_scale"": ""1.0"", ""policy"": ""P1 k=3""}",share_sessions_both_attend_hi,{:.1%},docs/report_assets/tables/t17_base_rate.md
N1955,20.4%,results/s4_base_rate.csv,"{""base_rate_scale"": ""1.0"", ""policy"": ""P1 k=4""}",base_no_show_rate,{:.1%},docs/report_assets/tables/t17_base_rate.md
N1956,4.00,results/s4_base_rate.csv,"{""base_rate_scale"": ""1.0"", ""policy"": ""P1 k=4""}",double_slots_mean,{:.2f},docs/report_assets/tables/t17_base_rate.md
N1957,15.96,results/s4_base_rate.csv,"{""base_rate_scale"": ""1.0"", ""policy"": ""P1 k=4""}",patients_served,{:.2f},docs/report_assets/tables/t17_base_rate.md
N1958,15.85,results/s4_base_rate.csv,"{""base_rate_scale"": ""1.0"", ""policy"": ""P1 k=4""}",patients_served_lo,{:.2f},docs/report_assets/tables/t17_base_rate.md
N1959,16.08,results/s4_base_rate.csv,"{""base_rate_scale"": ""1.0"", ""policy"": ""P1 k=4""}",patients_served_hi,{:.2f},docs/report_assets/tables/t17_base_rate.md
N1960,9.9,results/s4_base_rate.csv,"{""base_rate_scale"": ""1.0"", ""policy"": ""P1 k=4""}",mean_wait_min,{:.1f},docs/report_assets/tables/t17_base_rate.md
N1961,9.4,results/s4_base_rate.csv,"{""base_rate_scale"": ""1.0"", ""policy"": ""P1 k=4""}",mean_wait_min_lo,{:.1f},docs/report_assets/tables/t17_base_rate.md
N1962,10.4,results/s4_base_rate.csv,"{""base_rate_scale"": ""1.0"", ""policy"": ""P1 k=4""}",mean_wait_min_hi,{:.1f},docs/report_assets/tables/t17_base_rate.md
N1963,17.3,results/s4_base_rate.csv,"{""base_rate_scale"": ""1.0"", ""policy"": ""P1 k=4""}",overtime_min,{:.1f},docs/report_assets/tables/t17_base_rate.md
N1964,16.2,results/s4_base_rate.csv,"{""base_rate_scale"": ""1.0"", ""policy"": ""P1 k=4""}",overtime_min_lo,{:.1f},docs/report_assets/tables/t17_base_rate.md
N1965,18.3,results/s4_base_rate.csv,"{""base_rate_scale"": ""1.0"", ""policy"": ""P1 k=4""}",overtime_min_hi,{:.1f},docs/report_assets/tables/t17_base_rate.md
N1966,42.7,results/s4_base_rate.csv,"{""base_rate_scale"": ""1.0"", ""policy"": ""P1 k=4""}",idle_min,{:.1f},docs/report_assets/tables/t17_base_rate.md
N1967,41.2,results/s4_base_rate.csv,"{""base_rate_scale"": ""1.0"", ""policy"": ""P1 k=4""}",idle_min_lo,{:.1f},docs/report_assets/tables/t17_base_rate.md
N1968,44.2,results/s4_base_rate.csv,"{""base_rate_scale"": ""1.0"", ""policy"": ""P1 k=4""}",idle_min_hi,{:.1f},docs/report_assets/tables/t17_base_rate.md
N1969,98.6%,results/s4_base_rate.csv,"{""base_rate_scale"": ""1.0"", ""policy"": ""P1 k=4""}",share_sessions_both_attend,{:.1%},docs/report_assets/tables/t17_base_rate.md
N1970,97.9%,results/s4_base_rate.csv,"{""base_rate_scale"": ""1.0"", ""policy"": ""P1 k=4""}",share_sessions_both_attend_lo,{:.1%},docs/report_assets/tables/t17_base_rate.md
N1971,99.3%,results/s4_base_rate.csv,"{""base_rate_scale"": ""1.0"", ""policy"": ""P1 k=4""}",share_sessions_both_attend_hi,{:.1%},docs/report_assets/tables/t17_base_rate.md
N1972,20.4%,results/s4_base_rate.csv,"{""base_rate_scale"": ""1.0"", ""policy"": ""P1 k=6""}",base_no_show_rate,{:.1%},docs/report_assets/tables/t17_base_rate.md
N1973,2.00,results/s4_base_rate.csv,"{""base_rate_scale"": ""1.0"", ""policy"": ""P1 k=6""}",double_slots_mean,{:.2f},docs/report_assets/tables/t17_base_rate.md
N1974,14.36,results/s4_base_rate.csv,"{""base_rate_scale"": ""1.0"", ""policy"": ""P1 k=6""}",patients_served,{:.2f},docs/report_assets/tables/t17_base_rate.md
N1975,14.25,results/s4_base_rate.csv,"{""base_rate_scale"": ""1.0"", ""policy"": ""P1 k=6""}",patients_served_lo,{:.2f},docs/report_assets/tables/t17_base_rate.md
N1976,14.46,results/s4_base_rate.csv,"{""base_rate_scale"": ""1.0"", ""policy"": ""P1 k=6""}",patients_served_hi,{:.2f},docs/report_assets/tables/t17_base_rate.md
N1977,6.9,results/s4_base_rate.csv,"{""base_rate_scale"": ""1.0"", ""policy"": ""P1 k=6""}",mean_wait_min,{:.1f},docs/report_assets/tables/t17_base_rate.md
N1978,6.5,results/s4_base_rate.csv,"{""base_rate_scale"": ""1.0"", ""policy"": ""P1 k=6""}",mean_wait_min_lo,{:.1f},docs/report_assets/tables/t17_base_rate.md
N1979,7.3,results/s4_base_rate.csv,"{""base_rate_scale"": ""1.0"", ""policy"": ""P1 k=6""}",mean_wait_min_hi,{:.1f},docs/report_assets/tables/t17_base_rate.md
N1980,6.9,results/s4_base_rate.csv,"{""base_rate_scale"": ""1.0"", ""policy"": ""P1 k=6""}",overtime_min,{:.1f},docs/report_assets/tables/t17_base_rate.md
N1981,6.2,results/s4_base_rate.csv,"{""base_rate_scale"": ""1.0"", ""policy"": ""P1 k=6""}",overtime_min_lo,{:.1f},docs/report_assets/tables/t17_base_rate.md
N1982,7.6,results/s4_base_rate.csv,"{""base_rate_scale"": ""1.0"", ""policy"": ""P1 k=6""}",overtime_min_hi,{:.1f},docs/report_assets/tables/t17_base_rate.md
N1983,53.6,results/s4_base_rate.csv,"{""base_rate_scale"": ""1.0"", ""policy"": ""P1 k=6""}",idle_min,{:.1f},docs/report_assets/tables/t17_base_rate.md
N1984,52.0,results/s4_base_rate.csv,"{""base_rate_scale"": ""1.0"", ""policy"": ""P1 k=6""}",idle_min_lo,{:.1f},docs/report_assets/tables/t17_base_rate.md
N1985,55.2,results/s4_base_rate.csv,"{""base_rate_scale"": ""1.0"", ""policy"": ""P1 k=6""}",idle_min_hi,{:.1f},docs/report_assets/tables/t17_base_rate.md
N1986,86.9%,results/s4_base_rate.csv,"{""base_rate_scale"": ""1.0"", ""policy"": ""P1 k=6""}",share_sessions_both_attend,{:.1%},docs/report_assets/tables/t17_base_rate.md
N1987,84.8%,results/s4_base_rate.csv,"{""base_rate_scale"": ""1.0"", ""policy"": ""P1 k=6""}",share_sessions_both_attend_lo,{:.1%},docs/report_assets/tables/t17_base_rate.md
N1988,89.0%,results/s4_base_rate.csv,"{""base_rate_scale"": ""1.0"", ""policy"": ""P1 k=6""}",share_sessions_both_attend_hi,{:.1%},docs/report_assets/tables/t17_base_rate.md
N1989,20.4%,results/s4_base_rate.csv,"{""base_rate_scale"": ""1.0"", ""policy"": ""P2 0.3""}",base_no_show_rate,{:.1%},docs/report_assets/tables/t17_base_rate.md
N1990,4.36,results/s4_base_rate.csv,"{""base_rate_scale"": ""1.0"", ""policy"": ""P2 0.3""}",double_slots_mean,{:.2f},docs/report_assets/tables/t17_base_rate.md
N1991,16.25,results/s4_base_rate.csv,"{""base_rate_scale"": ""1.0"", ""policy"": ""P2 0.3""}",patients_served,{:.2f},docs/report_assets/tables/t17_base_rate.md
N1992,16.13,results/s4_base_rate.csv,"{""base_rate_scale"": ""1.0"", ""policy"": ""P2 0.3""}",patients_served_lo,{:.2f},docs/report_assets/tables/t17_base_rate.md
N1993,16.38,results/s4_base_rate.csv,"{""base_rate_scale"": ""1.0"", ""policy"": ""P2 0.3""}",patients_served_hi,{:.2f},docs/report_assets/tables/t17_base_rate.md
N1994,11.0,results/s4_base_rate.csv,"{""base_rate_scale"": ""1.0"", ""policy"": ""P2 0.3""}",mean_wait_min,{:.1f},docs/report_assets/tables/t17_base_rate.md
N1995,10.4,results/s4_base_rate.csv,"{""base_rate_scale"": ""1.0"", ""policy"": ""P2 0.3""}",mean_wait_min_lo,{:.1f},docs/report_assets/tables/t17_base_rate.md
N1996,11.6,results/s4_base_rate.csv,"{""base_rate_scale"": ""1.0"", ""policy"": ""P2 0.3""}",mean_wait_min_hi,{:.1f},docs/report_assets/tables/t17_base_rate.md
N1997,16.1,results/s4_base_rate.csv,"{""base_rate_scale"": ""1.0"", ""policy"": ""P2 0.3""}",overtime_min,{:.1f},docs/report_assets/tables/t17_base_rate.md
N1998,14.9,results/s4_base_rate.csv,"{""base_rate_scale"": ""1.0"", ""policy"": ""P2 0.3""}",overtime_min_lo,{:.1f},docs/report_assets/tables/t17_base_rate.md
N1999,17.3,results/s4_base_rate.csv,"{""base_rate_scale"": ""1.0"", ""policy"": ""P2 0.3""}",overtime_min_hi,{:.1f},docs/report_assets/tables/t17_base_rate.md
N2000,37.6,results/s4_base_rate.csv,"{""base_rate_scale"": ""1.0"", ""policy"": ""P2 0.3""}",idle_min,{:.1f},docs/report_assets/tables/t17_base_rate.md
N2001,36.1,results/s4_base_rate.csv,"{""base_rate_scale"": ""1.0"", ""policy"": ""P2 0.3""}",idle_min_lo,{:.1f},docs/report_assets/tables/t17_base_rate.md
N2002,39.2,results/s4_base_rate.csv,"{""base_rate_scale"": ""1.0"", ""policy"": ""P2 0.3""}",idle_min_hi,{:.1f},docs/report_assets/tables/t17_base_rate.md
N2003,91.6%,results/s4_base_rate.csv,"{""base_rate_scale"": ""1.0"", ""policy"": ""P2 0.3""}",share_sessions_both_attend,{:.1%},docs/report_assets/tables/t17_base_rate.md
N2004,89.9%,results/s4_base_rate.csv,"{""base_rate_scale"": ""1.0"", ""policy"": ""P2 0.3""}",share_sessions_both_attend_lo,{:.1%},docs/report_assets/tables/t17_base_rate.md
N2005,93.3%,results/s4_base_rate.csv,"{""base_rate_scale"": ""1.0"", ""policy"": ""P2 0.3""}",share_sessions_both_attend_hi,{:.1%},docs/report_assets/tables/t17_base_rate.md
N2006,20.4%,results/s4_base_rate.csv,"{""base_rate_scale"": ""1.0"", ""policy"": ""P2 0.5""}",base_no_show_rate,{:.1%},docs/report_assets/tables/t17_base_rate.md
N2007,0.07,results/s4_base_rate.csv,"{""base_rate_scale"": ""1.0"", ""policy"": ""P2 0.5""}",double_slots_mean,{:.2f},docs/report_assets/tables/t17_base_rate.md
N2008,12.80,results/s4_base_rate.csv,"{""base_rate_scale"": ""1.0"", ""policy"": ""P2 0.5""}",patients_served,{:.2f},docs/report_assets/tables/t17_base_rate.md
N2009,12.70,results/s4_base_rate.csv,"{""base_rate_scale"": ""1.0"", ""policy"": ""P2 0.5""}",patients_served_lo,{:.2f},docs/report_assets/tables/t17_base_rate.md
N2010,12.90,results/s4_base_rate.csv,"{""base_rate_scale"": ""1.0"", ""policy"": ""P2 0.5""}",patients_served_hi,{:.2f},docs/report_assets/tables/t17_base_rate.md
N2011,3.0,results/s4_base_rate.csv,"{""base_rate_scale"": ""1.0"", ""policy"": ""P2 0.5""}",mean_wait_min,{:.1f},docs/report_assets/tables/t17_base_rate.md
N2012,2.7,results/s4_base_rate.csv,"{""base_rate_scale"": ""1.0"", ""policy"": ""P2 0.5""}",mean_wait_min_lo,{:.1f},docs/report_assets/tables/t17_base_rate.md
N2013,3.2,results/s4_base_rate.csv,"{""base_rate_scale"": ""1.0"", ""policy"": ""P2 0.5""}",mean_wait_min_hi,{:.1f},docs/report_assets/tables/t17_base_rate.md
N2014,3.7,results/s4_base_rate.csv,"{""base_rate_scale"": ""1.0"", ""policy"": ""P2 0.5""}",overtime_min,{:.1f},docs/report_assets/tables/t17_base_rate.md
N2015,3.3,results/s4_base_rate.csv,"{""base_rate_scale"": ""1.0"", ""policy"": ""P2 0.5""}",overtime_min_lo,{:.1f},docs/report_assets/tables/t17_base_rate.md
N2016,4.2,results/s4_base_rate.csv,"{""base_rate_scale"": ""1.0"", ""policy"": ""P2 0.5""}",overtime_min_hi,{:.1f},docs/report_assets/tables/t17_base_rate.md
N2017,71.5,results/s4_base_rate.csv,"{""base_rate_scale"": ""1.0"", ""policy"": ""P2 0.5""}",idle_min,{:.1f},docs/report_assets/tables/t17_base_rate.md
N2018,69.7,results/s4_base_rate.csv,"{""base_rate_scale"": ""1.0"", ""policy"": ""P2 0.5""}",idle_min_lo,{:.1f},docs/report_assets/tables/t17_base_rate.md
N2019,73.2,results/s4_base_rate.csv,"{""base_rate_scale"": ""1.0"", ""policy"": ""P2 0.5""}",idle_min_hi,{:.1f},docs/report_assets/tables/t17_base_rate.md
N2020,1.2%,results/s4_base_rate.csv,"{""base_rate_scale"": ""1.0"", ""policy"": ""P2 0.5""}",share_sessions_both_attend,{:.1%},docs/report_assets/tables/t17_base_rate.md
N2021,0.5%,results/s4_base_rate.csv,"{""base_rate_scale"": ""1.0"", ""policy"": ""P2 0.5""}",share_sessions_both_attend_lo,{:.1%},docs/report_assets/tables/t17_base_rate.md
N2022,1.9%,results/s4_base_rate.csv,"{""base_rate_scale"": ""1.0"", ""policy"": ""P2 0.5""}",share_sessions_both_attend_hi,{:.1%},docs/report_assets/tables/t17_base_rate.md
N2023,20.4%,results/s4_base_rate.csv,"{""base_rate_scale"": ""1.0"", ""policy"": ""P2 p50""}",base_no_show_rate,{:.1%},docs/report_assets/tables/t17_base_rate.md
N2024,8.04,results/s4_base_rate.csv,"{""base_rate_scale"": ""1.0"", ""policy"": ""P2 p50""}",double_slots_mean,{:.2f},docs/report_assets/tables/t17_base_rate.md
N2025,19.17,results/s4_base_rate.csv,"{""base_rate_scale"": ""1.0"", ""policy"": ""P2 p50""}",patients_served,{:.2f},docs/report_assets/tables/t17_base_rate.md
N2026,19.03,results/s4_base_rate.csv,"{""base_rate_scale"": ""1.0"", ""policy"": ""P2 p50""}",patients_served_lo,{:.2f},docs/report_assets/tables/t17_base_rate.md
N2027,19.31,results/s4_base_rate.csv,"{""base_rate_scale"": ""1.0"", ""policy"": ""P2 p50""}",patients_served_hi,{:.2f},docs/report_assets/tables/t17_base_rate.md
N2028,21.7,results/s4_base_rate.csv,"{""base_rate_scale"": ""1.0"", ""policy"": ""P2 p50""}",mean_wait_min,{:.1f},docs/report_assets/tables/t17_base_rate.md
N2029,20.8,results/s4_base_rate.csv,"{""base_rate_scale"": ""1.0"", ""policy"": ""P2 p50""}",mean_wait_min_lo,{:.1f},docs/report_assets/tables/t17_base_rate.md
N2030,22.6,results/s4_base_rate.csv,"{""base_rate_scale"": ""1.0"", ""policy"": ""P2 p50""}",mean_wait_min_hi,{:.1f},docs/report_assets/tables/t17_base_rate.md
N2031,36.4,results/s4_base_rate.csv,"{""base_rate_scale"": ""1.0"", ""policy"": ""P2 p50""}",overtime_min,{:.1f},docs/report_assets/tables/t17_base_rate.md
N2032,34.5,results/s4_base_rate.csv,"{""base_rate_scale"": ""1.0"", ""policy"": ""P2 p50""}",overtime_min_lo,{:.1f},docs/report_assets/tables/t17_base_rate.md
N2033,38.2,results/s4_base_rate.csv,"{""base_rate_scale"": ""1.0"", ""policy"": ""P2 p50""}",overtime_min_hi,{:.1f},docs/report_assets/tables/t17_base_rate.md
N2034,18.6,results/s4_base_rate.csv,"{""base_rate_scale"": ""1.0"", ""policy"": ""P2 p50""}",idle_min,{:.1f},docs/report_assets/tables/t17_base_rate.md
N2035,17.4,results/s4_base_rate.csv,"{""base_rate_scale"": ""1.0"", ""policy"": ""P2 p50""}",idle_min_lo,{:.1f},docs/report_assets/tables/t17_base_rate.md
N2036,19.7,results/s4_base_rate.csv,"{""base_rate_scale"": ""1.0"", ""policy"": ""P2 p50""}",idle_min_hi,{:.1f},docs/report_assets/tables/t17_base_rate.md
N2037,99.2%,results/s4_base_rate.csv,"{""base_rate_scale"": ""1.0"", ""policy"": ""P2 p50""}",share_sessions_both_attend,{:.1%},docs/report_assets/tables/t17_base_rate.md
N2038,98.6%,results/s4_base_rate.csv,"{""base_rate_scale"": ""1.0"", ""policy"": ""P2 p50""}",share_sessions_both_attend_lo,{:.1%},docs/report_assets/tables/t17_base_rate.md
N2039,99.8%,results/s4_base_rate.csv,"{""base_rate_scale"": ""1.0"", ""policy"": ""P2 p50""}",share_sessions_both_attend_hi,{:.1%},docs/report_assets/tables/t17_base_rate.md
N2040,20.4%,results/s4_base_rate.csv,"{""base_rate_scale"": ""1.0"", ""policy"": ""P2 p70""}",base_no_show_rate,{:.1%},docs/report_assets/tables/t17_base_rate.md
N2041,4.81,results/s4_base_rate.csv,"{""base_rate_scale"": ""1.0"", ""policy"": ""P2 p70""}",double_slots_mean,{:.2f},docs/report_assets/tables/t17_base_rate.md
N2042,16.61,results/s4_base_rate.csv,"{""base_rate_scale"": ""1.0"", ""policy"": ""P2 p70""}",patients_served,{:.2f},docs/report_assets/tables/t17_base_rate.md
N2043,16.49,results/s4_base_rate.csv,"{""base_rate_scale"": ""1.0"", ""policy"": ""P2 p70""}",patients_served_lo,{:.2f},docs/report_assets/tables/t17_base_rate.md
N2044,16.74,results/s4_base_rate.csv,"{""base_rate_scale"": ""1.0"", ""policy"": ""P2 p70""}",patients_served_hi,{:.2f},docs/report_assets/tables/t17_base_rate.md
N2045,12.1,results/s4_base_rate.csv,"{""base_rate_scale"": ""1.0"", ""policy"": ""P2 p70""}",mean_wait_min,{:.1f},docs/report_assets/tables/t17_base_rate.md
N2046,11.5,results/s4_base_rate.csv,"{""base_rate_scale"": ""1.0"", ""policy"": ""P2 p70""}",mean_wait_min_lo,{:.1f},docs/report_assets/tables/t17_base_rate.md
N2047,12.7,results/s4_base_rate.csv,"{""base_rate_scale"": ""1.0"", ""policy"": ""P2 p70""}",mean_wait_min_hi,{:.1f},docs/report_assets/tables/t17_base_rate.md
N2048,17.9,results/s4_base_rate.csv,"{""base_rate_scale"": ""1.0"", ""policy"": ""P2 p70""}",overtime_min,{:.1f},docs/report_assets/tables/t17_base_rate.md
N2049,16.7,results/s4_base_rate.csv,"{""base_rate_scale"": ""1.0"", ""policy"": ""P2 p70""}",overtime_min_lo,{:.1f},docs/report_assets/tables/t17_base_rate.md
N2050,19.2,results/s4_base_rate.csv,"{""base_rate_scale"": ""1.0"", ""policy"": ""P2 p70""}",overtime_min_hi,{:.1f},docs/report_assets/tables/t17_base_rate.md
N2051,34.5,results/s4_base_rate.csv,"{""base_rate_scale"": ""1.0"", ""policy"": ""P2 p70""}",idle_min,{:.1f},docs/report_assets/tables/t17_base_rate.md
N2052,32.9,results/s4_base_rate.csv,"{""base_rate_scale"": ""1.0"", ""policy"": ""P2 p70""}",idle_min_lo,{:.1f},docs/report_assets/tables/t17_base_rate.md
N2053,36.0,results/s4_base_rate.csv,"{""base_rate_scale"": ""1.0"", ""policy"": ""P2 p70""}",idle_min_hi,{:.1f},docs/report_assets/tables/t17_base_rate.md
N2054,93.8%,results/s4_base_rate.csv,"{""base_rate_scale"": ""1.0"", ""policy"": ""P2 p70""}",share_sessions_both_attend,{:.1%},docs/report_assets/tables/t17_base_rate.md
N2055,92.3%,results/s4_base_rate.csv,"{""base_rate_scale"": ""1.0"", ""policy"": ""P2 p70""}",share_sessions_both_attend_lo,{:.1%},docs/report_assets/tables/t17_base_rate.md
N2056,95.3%,results/s4_base_rate.csv,"{""base_rate_scale"": ""1.0"", ""policy"": ""P2 p70""}",share_sessions_both_attend_hi,{:.1%},docs/report_assets/tables/t17_base_rate.md
N2057,20.4%,results/s4_base_rate.csv,"{""base_rate_scale"": ""1.0"", ""policy"": ""P2 p80""}",base_no_show_rate,{:.1%},docs/report_assets/tables/t17_base_rate.md
N2058,3.18,results/s4_base_rate.csv,"{""base_rate_scale"": ""1.0"", ""policy"": ""P2 p80""}",double_slots_mean,{:.2f},docs/report_assets/tables/t17_base_rate.md
N2059,15.30,results/s4_base_rate.csv,"{""base_rate_scale"": ""1.0"", ""policy"": ""P2 p80""}",patients_served,{:.2f},docs/report_assets/tables/t17_base_rate.md
N2060,15.18,results/s4_base_rate.csv,"{""base_rate_scale"": ""1.0"", ""policy"": ""P2 p80""}",patients_served_lo,{:.2f},docs/report_assets/tables/t17_base_rate.md
N2061,15.42,results/s4_base_rate.csv,"{""base_rate_scale"": ""1.0"", ""policy"": ""P2 p80""}",patients_served_hi,{:.2f},docs/report_assets/tables/t17_base_rate.md
N2062,8.4,results/s4_base_rate.csv,"{""base_rate_scale"": ""1.0"", ""policy"": ""P2 p80""}",mean_wait_min,{:.1f},docs/report_assets/tables/t17_base_rate.md
N2063,7.9,results/s4_base_rate.csv,"{""base_rate_scale"": ""1.0"", ""policy"": ""P2 p80""}",mean_wait_min_lo,{:.1f},docs/report_assets/tables/t17_base_rate.md
N2064,8.9,results/s4_base_rate.csv,"{""base_rate_scale"": ""1.0"", ""policy"": ""P2 p80""}",mean_wait_min_hi,{:.1f},docs/report_assets/tables/t17_base_rate.md
N2065,11.4,results/s4_base_rate.csv,"{""base_rate_scale"": ""1.0"", ""policy"": ""P2 p80""}",overtime_min,{:.1f},docs/report_assets/tables/t17_base_rate.md
N2066,10.5,results/s4_base_rate.csv,"{""base_rate_scale"": ""1.0"", ""policy"": ""P2 p80""}",overtime_min_lo,{:.1f},docs/report_assets/tables/t17_base_rate.md
N2067,12.4,results/s4_base_rate.csv,"{""base_rate_scale"": ""1.0"", ""policy"": ""P2 p80""}",overtime_min_hi,{:.1f},docs/report_assets/tables/t17_base_rate.md
N2068,45.8,results/s4_base_rate.csv,"{""base_rate_scale"": ""1.0"", ""policy"": ""P2 p80""}",idle_min,{:.1f},docs/report_assets/tables/t17_base_rate.md
N2069,44.2,results/s4_base_rate.csv,"{""base_rate_scale"": ""1.0"", ""policy"": ""P2 p80""}",idle_min_lo,{:.1f},docs/report_assets/tables/t17_base_rate.md
N2070,47.5,results/s4_base_rate.csv,"{""base_rate_scale"": ""1.0"", ""policy"": ""P2 p80""}",idle_min_hi,{:.1f},docs/report_assets/tables/t17_base_rate.md
N2071,80.7%,results/s4_base_rate.csv,"{""base_rate_scale"": ""1.0"", ""policy"": ""P2 p80""}",share_sessions_both_attend,{:.1%},docs/report_assets/tables/t17_base_rate.md
N2072,78.2%,results/s4_base_rate.csv,"{""base_rate_scale"": ""1.0"", ""policy"": ""P2 p80""}",share_sessions_both_attend_lo,{:.1%},docs/report_assets/tables/t17_base_rate.md
N2073,83.2%,results/s4_base_rate.csv,"{""base_rate_scale"": ""1.0"", ""policy"": ""P2 p80""}",share_sessions_both_attend_hi,{:.1%},docs/report_assets/tables/t17_base_rate.md
N2074,20.4%,results/s4_base_rate.csv,"{""base_rate_scale"": ""1.0"", ""policy"": ""P2 p90""}",base_no_show_rate,{:.1%},docs/report_assets/tables/t17_base_rate.md
N2075,1.52,results/s4_base_rate.csv,"{""base_rate_scale"": ""1.0"", ""policy"": ""P2 p90""}",double_slots_mean,{:.2f},docs/report_assets/tables/t17_base_rate.md
N2076,13.99,results/s4_base_rate.csv,"{""base_rate_scale"": ""1.0"", ""policy"": ""P2 p90""}",patients_served,{:.2f},docs/report_assets/tables/t17_base_rate.md
N2077,13.88,results/s4_base_rate.csv,"{""base_rate_scale"": ""1.0"", ""policy"": ""P2 p90""}",patients_served_lo,{:.2f},docs/report_assets/tables/t17_base_rate.md
N2078,14.10,results/s4_base_rate.csv,"{""base_rate_scale"": ""1.0"", ""policy"": ""P2 p90""}",patients_served_hi,{:.2f},docs/report_assets/tables/t17_base_rate.md
N2079,5.2,results/s4_base_rate.csv,"{""base_rate_scale"": ""1.0"", ""policy"": ""P2 p90""}",mean_wait_min,{:.1f},docs/report_assets/tables/t17_base_rate.md
N2080,4.8,results/s4_base_rate.csv,"{""base_rate_scale"": ""1.0"", ""policy"": ""P2 p90""}",mean_wait_min_lo,{:.1f},docs/report_assets/tables/t17_base_rate.md
N2081,5.6,results/s4_base_rate.csv,"{""base_rate_scale"": ""1.0"", ""policy"": ""P2 p90""}",mean_wait_min_hi,{:.1f},docs/report_assets/tables/t17_base_rate.md
N2082,6.6,results/s4_base_rate.csv,"{""base_rate_scale"": ""1.0"", ""policy"": ""P2 p90""}",overtime_min,{:.1f},docs/report_assets/tables/t17_base_rate.md
N2083,5.9,results/s4_base_rate.csv,"{""base_rate_scale"": ""1.0"", ""policy"": ""P2 p90""}",overtime_min_lo,{:.1f},docs/report_assets/tables/t17_base_rate.md
N2084,7.2,results/s4_base_rate.csv,"{""base_rate_scale"": ""1.0"", ""policy"": ""P2 p90""}",overtime_min_hi,{:.1f},docs/report_assets/tables/t17_base_rate.md
N2085,58.5,results/s4_base_rate.csv,"{""base_rate_scale"": ""1.0"", ""policy"": ""P2 p90""}",idle_min,{:.1f},docs/report_assets/tables/t17_base_rate.md
N2086,56.7,results/s4_base_rate.csv,"{""base_rate_scale"": ""1.0"", ""policy"": ""P2 p90""}",idle_min_lo,{:.1f},docs/report_assets/tables/t17_base_rate.md
N2087,60.2,results/s4_base_rate.csv,"{""base_rate_scale"": ""1.0"", ""policy"": ""P2 p90""}",idle_min_hi,{:.1f},docs/report_assets/tables/t17_base_rate.md
N2088,50.9%,results/s4_base_rate.csv,"{""base_rate_scale"": ""1.0"", ""policy"": ""P2 p90""}",share_sessions_both_attend,{:.1%},docs/report_assets/tables/t17_base_rate.md
N2089,47.8%,results/s4_base_rate.csv,"{""base_rate_scale"": ""1.0"", ""policy"": ""P2 p90""}",share_sessions_both_attend_lo,{:.1%},docs/report_assets/tables/t17_base_rate.md
N2090,54.0%,results/s4_base_rate.csv,"{""base_rate_scale"": ""1.0"", ""policy"": ""P2 p90""}",share_sessions_both_attend_hi,{:.1%},docs/report_assets/tables/t17_base_rate.md
N2091,20.4%,results/s4_base_rate.csv,"{""base_rate_scale"": ""1.0"", ""policy"": ""P2 p95""}",base_no_show_rate,{:.1%},docs/report_assets/tables/t17_base_rate.md
N2092,0.71,results/s4_base_rate.csv,"{""base_rate_scale"": ""1.0"", ""policy"": ""P2 p95""}",double_slots_mean,{:.2f},docs/report_assets/tables/t17_base_rate.md
N2093,13.33,results/s4_base_rate.csv,"{""base_rate_scale"": ""1.0"", ""policy"": ""P2 p95""}",patients_served,{:.2f},docs/report_assets/tables/t17_base_rate.md
N2094,13.23,results/s4_base_rate.csv,"{""base_rate_scale"": ""1.0"", ""policy"": ""P2 p95""}",patients_served_lo,{:.2f},docs/report_assets/tables/t17_base_rate.md
N2095,13.44,results/s4_base_rate.csv,"{""base_rate_scale"": ""1.0"", ""policy"": ""P2 p95""}",patients_served_hi,{:.2f},docs/report_assets/tables/t17_base_rate.md
N2096,3.9,results/s4_base_rate.csv,"{""base_rate_scale"": ""1.0"", ""policy"": ""P2 p95""}",mean_wait_min,{:.1f},docs/report_assets/tables/t17_base_rate.md
N2097,3.6,results/s4_base_rate.csv,"{""base_rate_scale"": ""1.0"", ""policy"": ""P2 p95""}",mean_wait_min_lo,{:.1f},docs/report_assets/tables/t17_base_rate.md
N2098,4.2,results/s4_base_rate.csv,"{""base_rate_scale"": ""1.0"", ""policy"": ""P2 p95""}",mean_wait_min_hi,{:.1f},docs/report_assets/tables/t17_base_rate.md
N2099,4.9,results/s4_base_rate.csv,"{""base_rate_scale"": ""1.0"", ""policy"": ""P2 p95""}",overtime_min,{:.1f},docs/report_assets/tables/t17_base_rate.md
N2100,4.4,results/s4_base_rate.csv,"{""base_rate_scale"": ""1.0"", ""policy"": ""P2 p95""}",overtime_min_lo,{:.1f},docs/report_assets/tables/t17_base_rate.md
N2101,5.4,results/s4_base_rate.csv,"{""base_rate_scale"": ""1.0"", ""policy"": ""P2 p95""}",overtime_min_hi,{:.1f},docs/report_assets/tables/t17_base_rate.md
N2102,65.6,results/s4_base_rate.csv,"{""base_rate_scale"": ""1.0"", ""policy"": ""P2 p95""}",idle_min,{:.1f},docs/report_assets/tables/t17_base_rate.md
N2103,63.8,results/s4_base_rate.csv,"{""base_rate_scale"": ""1.0"", ""policy"": ""P2 p95""}",idle_min_lo,{:.1f},docs/report_assets/tables/t17_base_rate.md
N2104,67.4,results/s4_base_rate.csv,"{""base_rate_scale"": ""1.0"", ""policy"": ""P2 p95""}",idle_min_hi,{:.1f},docs/report_assets/tables/t17_base_rate.md
N2105,26.2%,results/s4_base_rate.csv,"{""base_rate_scale"": ""1.0"", ""policy"": ""P2 p95""}",share_sessions_both_attend,{:.1%},docs/report_assets/tables/t17_base_rate.md
N2106,23.5%,results/s4_base_rate.csv,"{""base_rate_scale"": ""1.0"", ""policy"": ""P2 p95""}",share_sessions_both_attend_lo,{:.1%},docs/report_assets/tables/t17_base_rate.md
N2107,28.9%,results/s4_base_rate.csv,"{""base_rate_scale"": ""1.0"", ""policy"": ""P2 p95""}",share_sessions_both_attend_hi,{:.1%},docs/report_assets/tables/t17_base_rate.md
N2108,30.6%,results/s4_base_rate.csv,"{""base_rate_scale"": ""1.5"", ""policy"": ""P0""}",base_no_show_rate,{:.1%},docs/report_assets/tables/t17_base_rate.md
N2109,0.00,results/s4_base_rate.csv,"{""base_rate_scale"": ""1.5"", ""policy"": ""P0""}",double_slots_mean,{:.2f},docs/report_assets/tables/t17_base_rate.md
N2110,11.18,results/s4_base_rate.csv,"{""base_rate_scale"": ""1.5"", ""policy"": ""P0""}",patients_served,{:.2f},docs/report_assets/tables/t17_base_rate.md
N2111,11.07,results/s4_base_rate.csv,"{""base_rate_scale"": ""1.5"", ""policy"": ""P0""}",patients_served_lo,{:.2f},docs/report_assets/tables/t17_base_rate.md
N2112,11.30,results/s4_base_rate.csv,"{""base_rate_scale"": ""1.5"", ""policy"": ""P0""}",patients_served_hi,{:.2f},docs/report_assets/tables/t17_base_rate.md
N2113,2.2,results/s4_base_rate.csv,"{""base_rate_scale"": ""1.5"", ""policy"": ""P0""}",mean_wait_min,{:.1f},docs/report_assets/tables/t17_base_rate.md
N2114,2.0,results/s4_base_rate.csv,"{""base_rate_scale"": ""1.5"", ""policy"": ""P0""}",mean_wait_min_lo,{:.1f},docs/report_assets/tables/t17_base_rate.md
N2115,2.4,results/s4_base_rate.csv,"{""base_rate_scale"": ""1.5"", ""policy"": ""P0""}",mean_wait_min_hi,{:.1f},docs/report_assets/tables/t17_base_rate.md
N2116,2.8,results/s4_base_rate.csv,"{""base_rate_scale"": ""1.5"", ""policy"": ""P0""}",overtime_min,{:.1f},docs/report_assets/tables/t17_base_rate.md
N2117,2.4,results/s4_base_rate.csv,"{""base_rate_scale"": ""1.5"", ""policy"": ""P0""}",overtime_min_lo,{:.1f},docs/report_assets/tables/t17_base_rate.md
N2118,3.2,results/s4_base_rate.csv,"{""base_rate_scale"": ""1.5"", ""policy"": ""P0""}",overtime_min_hi,{:.1f},docs/report_assets/tables/t17_base_rate.md
N2119,92.3,results/s4_base_rate.csv,"{""base_rate_scale"": ""1.5"", ""policy"": ""P0""}",idle_min,{:.1f},docs/report_assets/tables/t17_base_rate.md
N2120,90.4,results/s4_base_rate.csv,"{""base_rate_scale"": ""1.5"", ""policy"": ""P0""}",idle_min_lo,{:.1f},docs/report_assets/tables/t17_base_rate.md
N2121,94.2,results/s4_base_rate.csv,"{""base_rate_scale"": ""1.5"", ""policy"": ""P0""}",idle_min_hi,{:.1f},docs/report_assets/tables/t17_base_rate.md
N2122,0.0%,results/s4_base_rate.csv,"{""base_rate_scale"": ""1.5"", ""policy"": ""P0""}",share_sessions_both_attend,{:.1%},docs/report_assets/tables/t17_base_rate.md
N2123,0.0%,results/s4_base_rate.csv,"{""base_rate_scale"": ""1.5"", ""policy"": ""P0""}",share_sessions_both_attend_lo,{:.1%},docs/report_assets/tables/t17_base_rate.md
N2124,0.0%,results/s4_base_rate.csv,"{""base_rate_scale"": ""1.5"", ""policy"": ""P0""}",share_sessions_both_attend_hi,{:.1%},docs/report_assets/tables/t17_base_rate.md
N2125,30.6%,results/s4_base_rate.csv,"{""base_rate_scale"": ""1.5"", ""policy"": ""P1 k=2""}",base_no_show_rate,{:.1%},docs/report_assets/tables/t17_base_rate.md
N2126,8.00,results/s4_base_rate.csv,"{""base_rate_scale"": ""1.5"", ""policy"": ""P1 k=2""}",double_slots_mean,{:.2f},docs/report_assets/tables/t17_base_rate.md
N2127,16.78,results/s4_base_rate.csv,"{""base_rate_scale"": ""1.5"", ""policy"": ""P1 k=2""}",patients_served,{:.2f},docs/report_assets/tables/t17_base_rate.md
N2128,16.64,results/s4_base_rate.csv,"{""base_rate_scale"": ""1.5"", ""policy"": ""P1 k=2""}",patients_served_lo,{:.2f},docs/report_assets/tables/t17_base_rate.md
N2129,16.92,results/s4_base_rate.csv,"{""base_rate_scale"": ""1.5"", ""policy"": ""P1 k=2""}",patients_served_hi,{:.2f},docs/report_assets/tables/t17_base_rate.md
N2130,14.4,results/s4_base_rate.csv,"{""base_rate_scale"": ""1.5"", ""policy"": ""P1 k=2""}",mean_wait_min,{:.1f},docs/report_assets/tables/t17_base_rate.md
N2131,13.8,results/s4_base_rate.csv,"{""base_rate_scale"": ""1.5"", ""policy"": ""P1 k=2""}",mean_wait_min_lo,{:.1f},docs/report_assets/tables/t17_base_rate.md
N2132,15.1,results/s4_base_rate.csv,"{""base_rate_scale"": ""1.5"", ""policy"": ""P1 k=2""}",mean_wait_min_hi,{:.1f},docs/report_assets/tables/t17_base_rate.md
N2133,22.3,results/s4_base_rate.csv,"{""base_rate_scale"": ""1.5"", ""policy"": ""P1 k=2""}",overtime_min,{:.1f},docs/report_assets/tables/t17_base_rate.md
N2134,20.9,results/s4_base_rate.csv,"{""base_rate_scale"": ""1.5"", ""policy"": ""P1 k=2""}",overtime_min_lo,{:.1f},docs/report_assets/tables/t17_base_rate.md
N2135,23.7,results/s4_base_rate.csv,"{""base_rate_scale"": ""1.5"", ""policy"": ""P1 k=2""}",overtime_min_hi,{:.1f},docs/report_assets/tables/t17_base_rate.md
N2136,36.7,results/s4_base_rate.csv,"{""base_rate_scale"": ""1.5"", ""policy"": ""P1 k=2""}",idle_min,{:.1f},docs/report_assets/tables/t17_base_rate.md
N2137,35.1,results/s4_base_rate.csv,"{""base_rate_scale"": ""1.5"", ""policy"": ""P1 k=2""}",idle_min_lo,{:.1f},docs/report_assets/tables/t17_base_rate.md
N2138,38.3,results/s4_base_rate.csv,"{""base_rate_scale"": ""1.5"", ""policy"": ""P1 k=2""}",idle_min_hi,{:.1f},docs/report_assets/tables/t17_base_rate.md
N2139,99.3%,results/s4_base_rate.csv,"{""base_rate_scale"": ""1.5"", ""policy"": ""P1 k=2""}",share_sessions_both_attend,{:.1%},docs/report_assets/tables/t17_base_rate.md
N2140,98.8%,results/s4_base_rate.csv,"{""base_rate_scale"": ""1.5"", ""policy"": ""P1 k=2""}",share_sessions_both_attend_lo,{:.1%},docs/report_assets/tables/t17_base_rate.md
N2141,99.8%,results/s4_base_rate.csv,"{""base_rate_scale"": ""1.5"", ""policy"": ""P1 k=2""}",share_sessions_both_attend_hi,{:.1%},docs/report_assets/tables/t17_base_rate.md
N2142,30.6%,results/s4_base_rate.csv,"{""base_rate_scale"": ""1.5"", ""policy"": ""P1 k=3""}",base_no_show_rate,{:.1%},docs/report_assets/tables/t17_base_rate.md
N2143,5.00,results/s4_base_rate.csv,"{""base_rate_scale"": ""1.5"", ""policy"": ""P1 k=3""}",double_slots_mean,{:.2f},docs/report_assets/tables/t17_base_rate.md
N2144,14.71,results/s4_base_rate.csv,"{""base_rate_scale"": ""1.5"", ""policy"": ""P1 k=3""}",patients_served,{:.2f},docs/report_assets/tables/t17_base_rate.md
N2145,14.58,results/s4_base_rate.csv,"{""base_rate_scale"": ""1.5"", ""policy"": ""P1 k=3""}",patients_served_lo,{:.2f},docs/report_assets/tables/t17_base_rate.md
N2146,14.84,results/s4_base_rate.csv,"{""base_rate_scale"": ""1.5"", ""policy"": ""P1 k=3""}",patients_served_hi,{:.2f},docs/report_assets/tables/t17_base_rate.md
N2147,9.2,results/s4_base_rate.csv,"{""base_rate_scale"": ""1.5"", ""policy"": ""P1 k=3""}",mean_wait_min,{:.1f},docs/report_assets/tables/t17_base_rate.md
N2148,8.7,results/s4_base_rate.csv,"{""base_rate_scale"": ""1.5"", ""policy"": ""P1 k=3""}",mean_wait_min_lo,{:.1f},docs/report_assets/tables/t17_base_rate.md
N2149,9.6,results/s4_base_rate.csv,"{""base_rate_scale"": ""1.5"", ""policy"": ""P1 k=3""}",mean_wait_min_hi,{:.1f},docs/report_assets/tables/t17_base_rate.md
N2150,11.3,results/s4_base_rate.csv,"{""base_rate_scale"": ""1.5"", ""policy"": ""P1 k=3""}",overtime_min,{:.1f},docs/report_assets/tables/t17_base_rate.md
N2151,10.4,results/s4_base_rate.csv,"{""base_rate_scale"": ""1.5"", ""policy"": ""P1 k=3""}",overtime_min_lo,{:.1f},docs/report_assets/tables/t17_base_rate.md
N2152,12.3,results/s4_base_rate.csv,"{""base_rate_scale"": ""1.5"", ""policy"": ""P1 k=3""}",overtime_min_hi,{:.1f},docs/report_assets/tables/t17_base_rate.md
N2153,53.5,results/s4_base_rate.csv,"{""base_rate_scale"": ""1.5"", ""policy"": ""P1 k=3""}",idle_min,{:.1f},docs/report_assets/tables/t17_base_rate.md
N2154,51.7,results/s4_base_rate.csv,"{""base_rate_scale"": ""1.5"", ""policy"": ""P1 k=3""}",idle_min_lo,{:.1f},docs/report_assets/tables/t17_base_rate.md
N2155,55.3,results/s4_base_rate.csv,"{""base_rate_scale"": ""1.5"", ""policy"": ""P1 k=3""}",idle_min_hi,{:.1f},docs/report_assets/tables/t17_base_rate.md
N2156,96.4%,results/s4_base_rate.csv,"{""base_rate_scale"": ""1.5"", ""policy"": ""P1 k=3""}",share_sessions_both_attend,{:.1%},docs/report_assets/tables/t17_base_rate.md
N2157,95.2%,results/s4_base_rate.csv,"{""base_rate_scale"": ""1.5"", ""policy"": ""P1 k=3""}",share_sessions_both_attend_lo,{:.1%},docs/report_assets/tables/t17_base_rate.md
N2158,97.6%,results/s4_base_rate.csv,"{""base_rate_scale"": ""1.5"", ""policy"": ""P1 k=3""}",share_sessions_both_attend_hi,{:.1%},docs/report_assets/tables/t17_base_rate.md
N2159,30.6%,results/s4_base_rate.csv,"{""base_rate_scale"": ""1.5"", ""policy"": ""P1 k=4""}",base_no_show_rate,{:.1%},docs/report_assets/tables/t17_base_rate.md
N2160,4.00,results/s4_base_rate.csv,"{""base_rate_scale"": ""1.5"", ""policy"": ""P1 k=4""}",double_slots_mean,{:.2f},docs/report_assets/tables/t17_base_rate.md
N2161,14.00,results/s4_base_rate.csv,"{""base_rate_scale"": ""1.5"", ""policy"": ""P1 k=4""}",patients_served,{:.2f},docs/report_assets/tables/t17_base_rate.md
N2162,13.88,results/s4_base_rate.csv,"{""base_rate_scale"": ""1.5"", ""policy"": ""P1 k=4""}",patients_served_lo,{:.2f},docs/report_assets/tables/t17_base_rate.md
N2163,14.13,results/s4_base_rate.csv,"{""base_rate_scale"": ""1.5"", ""policy"": ""P1 k=4""}",patients_served_hi,{:.2f},docs/report_assets/tables/t17_base_rate.md
N2164,7.1,results/s4_base_rate.csv,"{""base_rate_scale"": ""1.5"", ""policy"": ""P1 k=4""}",mean_wait_min,{:.1f},docs/report_assets/tables/t17_base_rate.md
N2165,6.7,results/s4_base_rate.csv,"{""base_rate_scale"": ""1.5"", ""policy"": ""P1 k=4""}",mean_wait_min_lo,{:.1f},docs/report_assets/tables/t17_base_rate.md
N2166,7.5,results/s4_base_rate.csv,"{""base_rate_scale"": ""1.5"", ""policy"": ""P1 k=4""}",mean_wait_min_hi,{:.1f},docs/report_assets/tables/t17_base_rate.md
N2167,11.5,results/s4_base_rate.csv,"{""base_rate_scale"": ""1.5"", ""policy"": ""P1 k=4""}",overtime_min,{:.1f},docs/report_assets/tables/t17_base_rate.md
N2168,10.7,results/s4_base_rate.csv,"{""base_rate_scale"": ""1.5"", ""policy"": ""P1 k=4""}",overtime_min_lo,{:.1f},docs/report_assets/tables/t17_base_rate.md
N2169,12.4,results/s4_base_rate.csv,"{""base_rate_scale"": ""1.5"", ""policy"": ""P1 k=4""}",overtime_min_hi,{:.1f},docs/report_assets/tables/t17_base_rate.md
N2170,63.4,results/s4_base_rate.csv,"{""base_rate_scale"": ""1.5"", ""policy"": ""P1 k=4""}",idle_min,{:.1f},docs/report_assets/tables/t17_base_rate.md
N2171,61.5,results/s4_base_rate.csv,"{""base_rate_scale"": ""1.5"", ""policy"": ""P1 k=4""}",idle_min_lo,{:.1f},docs/report_assets/tables/t17_base_rate.md
N2172,65.2,results/s4_base_rate.csv,"{""base_rate_scale"": ""1.5"", ""policy"": ""P1 k=4""}",idle_min_hi,{:.1f},docs/report_assets/tables/t17_base_rate.md
N2173,95.0%,results/s4_base_rate.csv,"{""base_rate_scale"": ""1.5"", ""policy"": ""P1 k=4""}",share_sessions_both_attend,{:.1%},docs/report_assets/tables/t17_base_rate.md
N2174,93.6%,results/s4_base_rate.csv,"{""base_rate_scale"": ""1.5"", ""policy"": ""P1 k=4""}",share_sessions_both_attend_lo,{:.1%},docs/report_assets/tables/t17_base_rate.md
N2175,96.4%,results/s4_base_rate.csv,"{""base_rate_scale"": ""1.5"", ""policy"": ""P1 k=4""}",share_sessions_both_attend_hi,{:.1%},docs/report_assets/tables/t17_base_rate.md
N2176,30.6%,results/s4_base_rate.csv,"{""base_rate_scale"": ""1.5"", ""policy"": ""P1 k=6""}",base_no_show_rate,{:.1%},docs/report_assets/tables/t17_base_rate.md
N2177,2.00,results/s4_base_rate.csv,"{""base_rate_scale"": ""1.5"", ""policy"": ""P1 k=6""}",double_slots_mean,{:.2f},docs/report_assets/tables/t17_base_rate.md
N2178,12.58,results/s4_base_rate.csv,"{""base_rate_scale"": ""1.5"", ""policy"": ""P1 k=6""}",patients_served,{:.2f},docs/report_assets/tables/t17_base_rate.md
N2179,12.47,results/s4_base_rate.csv,"{""base_rate_scale"": ""1.5"", ""policy"": ""P1 k=6""}",patients_served_lo,{:.2f},docs/report_assets/tables/t17_base_rate.md
N2180,12.70,results/s4_base_rate.csv,"{""base_rate_scale"": ""1.5"", ""policy"": ""P1 k=6""}",patients_served_hi,{:.2f},docs/report_assets/tables/t17_base_rate.md
N2181,5.0,results/s4_base_rate.csv,"{""base_rate_scale"": ""1.5"", ""policy"": ""P1 k=6""}",mean_wait_min,{:.1f},docs/report_assets/tables/t17_base_rate.md
N2182,4.7,results/s4_base_rate.csv,"{""base_rate_scale"": ""1.5"", ""policy"": ""P1 k=6""}",mean_wait_min_lo,{:.1f},docs/report_assets/tables/t17_base_rate.md
N2183,5.3,results/s4_base_rate.csv,"{""base_rate_scale"": ""1.5"", ""policy"": ""P1 k=6""}",mean_wait_min_hi,{:.1f},docs/report_assets/tables/t17_base_rate.md
N2184,4.2,results/s4_base_rate.csv,"{""base_rate_scale"": ""1.5"", ""policy"": ""P1 k=6""}",overtime_min,{:.1f},docs/report_assets/tables/t17_base_rate.md
N2185,3.7,results/s4_base_rate.csv,"{""base_rate_scale"": ""1.5"", ""policy"": ""P1 k=6""}",overtime_min_lo,{:.1f},docs/report_assets/tables/t17_base_rate.md
N2186,4.8,results/s4_base_rate.csv,"{""base_rate_scale"": ""1.5"", ""policy"": ""P1 k=6""}",overtime_min_hi,{:.1f},docs/report_assets/tables/t17_base_rate.md
N2187,74.7,results/s4_base_rate.csv,"{""base_rate_scale"": ""1.5"", ""policy"": ""P1 k=6""}",idle_min,{:.1f},docs/report_assets/tables/t17_base_rate.md
N2188,72.8,results/s4_base_rate.csv,"{""base_rate_scale"": ""1.5"", ""policy"": ""P1 k=6""}",idle_min_lo,{:.1f},docs/report_assets/tables/t17_base_rate.md
N2189,76.6,results/s4_base_rate.csv,"{""base_rate_scale"": ""1.5"", ""policy"": ""P1 k=6""}",idle_min_hi,{:.1f},docs/report_assets/tables/t17_base_rate.md
N2190,72.9%,results/s4_base_rate.csv,"{""base_rate_scale"": ""1.5"", ""policy"": ""P1 k=6""}",share_sessions_both_attend,{:.1%},docs/report_assets/tables/t17_base_rate.md
N2191,70.1%,results/s4_base_rate.csv,"{""base_rate_scale"": ""1.5"", ""policy"": ""P1 k=6""}",share_sessions_both_attend_lo,{:.1%},docs/report_assets/tables/t17_base_rate.md
N2192,75.7%,results/s4_base_rate.csv,"{""base_rate_scale"": ""1.5"", ""policy"": ""P1 k=6""}",share_sessions_both_attend_hi,{:.1%},docs/report_assets/tables/t17_base_rate.md
N2193,30.6%,results/s4_base_rate.csv,"{""base_rate_scale"": ""1.5"", ""policy"": ""P2 0.3""}",base_no_show_rate,{:.1%},docs/report_assets/tables/t17_base_rate.md
N2194,8.94,results/s4_base_rate.csv,"{""base_rate_scale"": ""1.5"", ""policy"": ""P2 0.3""}",double_slots_mean,{:.2f},docs/report_assets/tables/t17_base_rate.md
N2195,17.40,results/s4_base_rate.csv,"{""base_rate_scale"": ""1.5"", ""policy"": ""P2 0.3""}",patients_served,{:.2f},docs/report_assets/tables/t17_base_rate.md
N2196,17.26,results/s4_base_rate.csv,"{""base_rate_scale"": ""1.5"", ""policy"": ""P2 0.3""}",patients_served_lo,{:.2f},docs/report_assets/tables/t17_base_rate.md
N2197,17.55,results/s4_base_rate.csv,"{""base_rate_scale"": ""1.5"", ""policy"": ""P2 0.3""}",patients_served_hi,{:.2f},docs/report_assets/tables/t17_base_rate.md
N2198,15.8,results/s4_base_rate.csv,"{""base_rate_scale"": ""1.5"", ""policy"": ""P2 0.3""}",mean_wait_min,{:.1f},docs/report_assets/tables/t17_base_rate.md
N2199,15.1,results/s4_base_rate.csv,"{""base_rate_scale"": ""1.5"", ""policy"": ""P2 0.3""}",mean_wait_min_lo,{:.1f},docs/report_assets/tables/t17_base_rate.md
N2200,16.6,results/s4_base_rate.csv,"{""base_rate_scale"": ""1.5"", ""policy"": ""P2 0.3""}",mean_wait_min_hi,{:.1f},docs/report_assets/tables/t17_base_rate.md
N2201,23.8,results/s4_base_rate.csv,"{""base_rate_scale"": ""1.5"", ""policy"": ""P2 0.3""}",overtime_min,{:.1f},docs/report_assets/tables/t17_base_rate.md
N2202,22.3,results/s4_base_rate.csv,"{""base_rate_scale"": ""1.5"", ""policy"": ""P2 0.3""}",overtime_min_lo,{:.1f},docs/report_assets/tables/t17_base_rate.md
N2203,25.3,results/s4_base_rate.csv,"{""base_rate_scale"": ""1.5"", ""policy"": ""P2 0.3""}",overtime_min_hi,{:.1f},docs/report_assets/tables/t17_base_rate.md
N2204,30.0,results/s4_base_rate.csv,"{""base_rate_scale"": ""1.5"", ""policy"": ""P2 0.3""}",idle_min,{:.1f},docs/report_assets/tables/t17_base_rate.md
N2205,28.5,results/s4_base_rate.csv,"{""base_rate_scale"": ""1.5"", ""policy"": ""P2 0.3""}",idle_min_lo,{:.1f},docs/report_assets/tables/t17_base_rate.md
N2206,31.5,results/s4_base_rate.csv,"{""base_rate_scale"": ""1.5"", ""policy"": ""P2 0.3""}",idle_min_hi,{:.1f},docs/report_assets/tables/t17_base_rate.md
N2207,97.7%,results/s4_base_rate.csv,"{""base_rate_scale"": ""1.5"", ""policy"": ""P2 0.3""}",share_sessions_both_attend,{:.1%},docs/report_assets/tables/t17_base_rate.md
N2208,96.8%,results/s4_base_rate.csv,"{""base_rate_scale"": ""1.5"", ""policy"": ""P2 0.3""}",share_sessions_both_attend_lo,{:.1%},docs/report_assets/tables/t17_base_rate.md
N2209,98.6%,results/s4_base_rate.csv,"{""base_rate_scale"": ""1.5"", ""policy"": ""P2 0.3""}",share_sessions_both_attend_hi,{:.1%},docs/report_assets/tables/t17_base_rate.md
N2210,30.6%,results/s4_base_rate.csv,"{""base_rate_scale"": ""1.5"", ""policy"": ""P2 0.5""}",base_no_show_rate,{:.1%},docs/report_assets/tables/t17_base_rate.md
N2211,3.20,results/s4_base_rate.csv,"{""base_rate_scale"": ""1.5"", ""policy"": ""P2 0.5""}",double_slots_mean,{:.2f},docs/report_assets/tables/t17_base_rate.md
N2212,13.44,results/s4_base_rate.csv,"{""base_rate_scale"": ""1.5"", ""policy"": ""P2 0.5""}",patients_served,{:.2f},docs/report_assets/tables/t17_base_rate.md
N2213,13.32,results/s4_base_rate.csv,"{""base_rate_scale"": ""1.5"", ""policy"": ""P2 0.5""}",patients_served_lo,{:.2f},docs/report_assets/tables/t17_base_rate.md
N2214,13.56,results/s4_base_rate.csv,"{""base_rate_scale"": ""1.5"", ""policy"": ""P2 0.5""}",patients_served_hi,{:.2f},docs/report_assets/tables/t17_base_rate.md
N2215,5.3,results/s4_base_rate.csv,"{""base_rate_scale"": ""1.5"", ""policy"": ""P2 0.5""}",mean_wait_min,{:.1f},docs/report_assets/tables/t17_base_rate.md
N2216,5.0,results/s4_base_rate.csv,"{""base_rate_scale"": ""1.5"", ""policy"": ""P2 0.5""}",mean_wait_min_lo,{:.1f},docs/report_assets/tables/t17_base_rate.md
N2217,5.7,results/s4_base_rate.csv,"{""base_rate_scale"": ""1.5"", ""policy"": ""P2 0.5""}",mean_wait_min_hi,{:.1f},docs/report_assets/tables/t17_base_rate.md
N2218,6.6,results/s4_base_rate.csv,"{""base_rate_scale"": ""1.5"", ""policy"": ""P2 0.5""}",overtime_min,{:.1f},docs/report_assets/tables/t17_base_rate.md
N2219,5.9,results/s4_base_rate.csv,"{""base_rate_scale"": ""1.5"", ""policy"": ""P2 0.5""}",overtime_min_lo,{:.1f},docs/report_assets/tables/t17_base_rate.md
N2220,7.3,results/s4_base_rate.csv,"{""base_rate_scale"": ""1.5"", ""policy"": ""P2 0.5""}",overtime_min_hi,{:.1f},docs/report_assets/tables/t17_base_rate.md
N2221,65.8,results/s4_base_rate.csv,"{""base_rate_scale"": ""1.5"", ""policy"": ""P2 0.5""}",idle_min,{:.1f},docs/report_assets/tables/t17_base_rate.md
N2222,64.0,results/s4_base_rate.csv,"{""base_rate_scale"": ""1.5"", ""policy"": ""P2 0.5""}",idle_min_lo,{:.1f},docs/report_assets/tables/t17_base_rate.md
N2223,67.7,results/s4_base_rate.csv,"{""base_rate_scale"": ""1.5"", ""policy"": ""P2 0.5""}",idle_min_hi,{:.1f},docs/report_assets/tables/t17_base_rate.md
N2224,61.2%,results/s4_base_rate.csv,"{""base_rate_scale"": ""1.5"", ""policy"": ""P2 0.5""}",share_sessions_both_attend,{:.1%},docs/report_assets/tables/t17_base_rate.md
N2225,58.2%,results/s4_base_rate.csv,"{""base_rate_scale"": ""1.5"", ""policy"": ""P2 0.5""}",share_sessions_both_attend_lo,{:.1%},docs/report_assets/tables/t17_base_rate.md
N2226,64.2%,results/s4_base_rate.csv,"{""base_rate_scale"": ""1.5"", ""policy"": ""P2 0.5""}",share_sessions_both_attend_hi,{:.1%},docs/report_assets/tables/t17_base_rate.md
N2227,30.6%,results/s4_base_rate.csv,"{""base_rate_scale"": ""1.5"", ""policy"": ""P2 p50""}",base_no_show_rate,{:.1%},docs/report_assets/tables/t17_base_rate.md
N2228,8.04,results/s4_base_rate.csv,"{""base_rate_scale"": ""1.5"", ""policy"": ""P2 p50""}",double_slots_mean,{:.2f},docs/report_assets/tables/t17_base_rate.md
N2229,16.79,results/s4_base_rate.csv,"{""base_rate_scale"": ""1.5"", ""policy"": ""P2 p50""}",patients_served,{:.2f},docs/report_assets/tables/t17_base_rate.md
N2230,16.64,results/s4_base_rate.csv,"{""base_rate_scale"": ""1.5"", ""policy"": ""P2 p50""}",patients_served_lo,{:.2f},docs/report_assets/tables/t17_base_rate.md
N2231,16.93,results/s4_base_rate.csv,"{""base_rate_scale"": ""1.5"", ""policy"": ""P2 p50""}",patients_served_hi,{:.2f},docs/report_assets/tables/t17_base_rate.md
N2232,13.7,results/s4_base_rate.csv,"{""base_rate_scale"": ""1.5"", ""policy"": ""P2 p50""}",mean_wait_min,{:.1f},docs/report_assets/tables/t17_base_rate.md
N2233,13.0,results/s4_base_rate.csv,"{""base_rate_scale"": ""1.5"", ""policy"": ""P2 p50""}",mean_wait_min_lo,{:.1f},docs/report_assets/tables/t17_base_rate.md
N2234,14.4,results/s4_base_rate.csv,"{""base_rate_scale"": ""1.5"", ""policy"": ""P2 p50""}",mean_wait_min_hi,{:.1f},docs/report_assets/tables/t17_base_rate.md
N2235,20.0,results/s4_base_rate.csv,"{""base_rate_scale"": ""1.5"", ""policy"": ""P2 p50""}",overtime_min,{:.1f},docs/report_assets/tables/t17_base_rate.md
N2236,18.7,results/s4_base_rate.csv,"{""base_rate_scale"": ""1.5"", ""policy"": ""P2 p50""}",overtime_min_lo,{:.1f},docs/report_assets/tables/t17_base_rate.md
N2237,21.4,results/s4_base_rate.csv,"{""base_rate_scale"": ""1.5"", ""policy"": ""P2 p50""}",overtime_min_hi,{:.1f},docs/report_assets/tables/t17_base_rate.md
N2238,34.3,results/s4_base_rate.csv,"{""base_rate_scale"": ""1.5"", ""policy"": ""P2 p50""}",idle_min,{:.1f},docs/report_assets/tables/t17_base_rate.md
N2239,32.7,results/s4_base_rate.csv,"{""base_rate_scale"": ""1.5"", ""policy"": ""P2 p50""}",idle_min_lo,{:.1f},docs/report_assets/tables/t17_base_rate.md
N2240,35.9,results/s4_base_rate.csv,"{""base_rate_scale"": ""1.5"", ""policy"": ""P2 p50""}",idle_min_hi,{:.1f},docs/report_assets/tables/t17_base_rate.md
N2241,95.8%,results/s4_base_rate.csv,"{""base_rate_scale"": ""1.5"", ""policy"": ""P2 p50""}",share_sessions_both_attend,{:.1%},docs/report_assets/tables/t17_base_rate.md
N2242,94.6%,results/s4_base_rate.csv,"{""base_rate_scale"": ""1.5"", ""policy"": ""P2 p50""}",share_sessions_both_attend_lo,{:.1%},docs/report_assets/tables/t17_base_rate.md
N2243,97.0%,results/s4_base_rate.csv,"{""base_rate_scale"": ""1.5"", ""policy"": ""P2 p50""}",share_sessions_both_attend_hi,{:.1%},docs/report_assets/tables/t17_base_rate.md
N2244,30.6%,results/s4_base_rate.csv,"{""base_rate_scale"": ""1.5"", ""policy"": ""P2 p70""}",base_no_show_rate,{:.1%},docs/report_assets/tables/t17_base_rate.md
N2245,4.81,results/s4_base_rate.csv,"{""base_rate_scale"": ""1.5"", ""policy"": ""P2 p70""}",double_slots_mean,{:.2f},docs/report_assets/tables/t17_base_rate.md
N2246,14.57,results/s4_base_rate.csv,"{""base_rate_scale"": ""1.5"", ""policy"": ""P2 p70""}",patients_served,{:.2f},docs/report_assets/tables/t17_base_rate.md
N2247,14.45,results/s4_base_rate.csv,"{""base_rate_scale"": ""1.5"", ""policy"": ""P2 p70""}",patients_served_lo,{:.2f},docs/report_assets/tables/t17_base_rate.md
N2248,14.70,results/s4_base_rate.csv,"{""base_rate_scale"": ""1.5"", ""policy"": ""P2 p70""}",patients_served_hi,{:.2f},docs/report_assets/tables/t17_base_rate.md
N2249,7.7,results/s4_base_rate.csv,"{""base_rate_scale"": ""1.5"", ""policy"": ""P2 p70""}",mean_wait_min,{:.1f},docs/report_assets/tables/t17_base_rate.md
N2250,7.3,results/s4_base_rate.csv,"{""base_rate_scale"": ""1.5"", ""policy"": ""P2 p70""}",mean_wait_min_lo,{:.1f},docs/report_assets/tables/t17_base_rate.md
N2251,8.2,results/s4_base_rate.csv,"{""base_rate_scale"": ""1.5"", ""policy"": ""P2 p70""}",mean_wait_min_hi,{:.1f},docs/report_assets/tables/t17_base_rate.md
N2252,10.1,results/s4_base_rate.csv,"{""base_rate_scale"": ""1.5"", ""policy"": ""P2 p70""}",overtime_min,{:.1f},docs/report_assets/tables/t17_base_rate.md
N2253,9.2,results/s4_base_rate.csv,"{""base_rate_scale"": ""1.5"", ""policy"": ""P2 p70""}",overtime_min_lo,{:.1f},docs/report_assets/tables/t17_base_rate.md
N2254,11.0,results/s4_base_rate.csv,"{""base_rate_scale"": ""1.5"", ""policy"": ""P2 p70""}",overtime_min_hi,{:.1f},docs/report_assets/tables/t17_base_rate.md
N2255,54.0,results/s4_base_rate.csv,"{""base_rate_scale"": ""1.5"", ""policy"": ""P2 p70""}",idle_min,{:.1f},docs/report_assets/tables/t17_base_rate.md
N2256,52.2,results/s4_base_rate.csv,"{""base_rate_scale"": ""1.5"", ""policy"": ""P2 p70""}",idle_min_lo,{:.1f},docs/report_assets/tables/t17_base_rate.md
N2257,55.8,results/s4_base_rate.csv,"{""base_rate_scale"": ""1.5"", ""policy"": ""P2 p70""}",idle_min_hi,{:.1f},docs/report_assets/tables/t17_base_rate.md
N2258,81.0%,results/s4_base_rate.csv,"{""base_rate_scale"": ""1.5"", ""policy"": ""P2 p70""}",share_sessions_both_attend,{:.1%},docs/report_assets/tables/t17_base_rate.md
N2259,78.6%,results/s4_base_rate.csv,"{""base_rate_scale"": ""1.5"", ""policy"": ""P2 p70""}",share_sessions_both_attend_lo,{:.1%},docs/report_assets/tables/t17_base_rate.md
N2260,83.4%,results/s4_base_rate.csv,"{""base_rate_scale"": ""1.5"", ""policy"": ""P2 p70""}",share_sessions_both_attend_hi,{:.1%},docs/report_assets/tables/t17_base_rate.md
N2261,30.6%,results/s4_base_rate.csv,"{""base_rate_scale"": ""1.5"", ""policy"": ""P2 p80""}",base_no_show_rate,{:.1%},docs/report_assets/tables/t17_base_rate.md
N2262,3.18,results/s4_base_rate.csv,"{""base_rate_scale"": ""1.5"", ""policy"": ""P2 p80""}",double_slots_mean,{:.2f},docs/report_assets/tables/t17_base_rate.md
N2263,13.42,results/s4_base_rate.csv,"{""base_rate_scale"": ""1.5"", ""policy"": ""P2 p80""}",patients_served,{:.2f},docs/report_assets/tables/t17_base_rate.md
N2264,13.30,results/s4_base_rate.csv,"{""base_rate_scale"": ""1.5"", ""policy"": ""P2 p80""}",patients_served_lo,{:.2f},docs/report_assets/tables/t17_base_rate.md
N2265,13.54,results/s4_base_rate.csv,"{""base_rate_scale"": ""1.5"", ""policy"": ""P2 p80""}",patients_served_hi,{:.2f},docs/report_assets/tables/t17_base_rate.md
N2266,5.3,results/s4_base_rate.csv,"{""base_rate_scale"": ""1.5"", ""policy"": ""P2 p80""}",mean_wait_min,{:.1f},docs/report_assets/tables/t17_base_rate.md
N2267,4.9,results/s4_base_rate.csv,"{""base_rate_scale"": ""1.5"", ""policy"": ""P2 p80""}",mean_wait_min_lo,{:.1f},docs/report_assets/tables/t17_base_rate.md
N2268,5.7,results/s4_base_rate.csv,"{""base_rate_scale"": ""1.5"", ""policy"": ""P2 p80""}",mean_wait_min_hi,{:.1f},docs/report_assets/tables/t17_base_rate.md
N2269,6.5,results/s4_base_rate.csv,"{""base_rate_scale"": ""1.5"", ""policy"": ""P2 p80""}",overtime_min,{:.1f},docs/report_assets/tables/t17_base_rate.md
N2270,5.8,results/s4_base_rate.csv,"{""base_rate_scale"": ""1.5"", ""policy"": ""P2 p80""}",overtime_min_lo,{:.1f},docs/report_assets/tables/t17_base_rate.md
N2271,7.2,results/s4_base_rate.csv,"{""base_rate_scale"": ""1.5"", ""policy"": ""P2 p80""}",overtime_min_hi,{:.1f},docs/report_assets/tables/t17_base_rate.md
N2272,66.0,results/s4_base_rate.csv,"{""base_rate_scale"": ""1.5"", ""policy"": ""P2 p80""}",idle_min,{:.1f},docs/report_assets/tables/t17_base_rate.md
N2273,64.2,results/s4_base_rate.csv,"{""base_rate_scale"": ""1.5"", ""policy"": ""P2 p80""}",idle_min_lo,{:.1f},docs/report_assets/tables/t17_base_rate.md
N2274,67.9,results/s4_base_rate.csv,"{""base_rate_scale"": ""1.5"", ""policy"": ""P2 p80""}",idle_min_hi,{:.1f},docs/report_assets/tables/t17_base_rate.md
N2275,61.0%,results/s4_base_rate.csv,"{""base_rate_scale"": ""1.5"", ""policy"": ""P2 p80""}",share_sessions_both_attend,{:.1%},docs/report_assets/tables/t17_base_rate.md
N2276,58.0%,results/s4_base_rate.csv,"{""base_rate_scale"": ""1.5"", ""policy"": ""P2 p80""}",share_sessions_both_attend_lo,{:.1%},docs/report_assets/tables/t17_base_rate.md
N2277,64.0%,results/s4_base_rate.csv,"{""base_rate_scale"": ""1.5"", ""policy"": ""P2 p80""}",share_sessions_both_attend_hi,{:.1%},docs/report_assets/tables/t17_base_rate.md
N2278,30.6%,results/s4_base_rate.csv,"{""base_rate_scale"": ""1.5"", ""policy"": ""P2 p90""}",base_no_show_rate,{:.1%},docs/report_assets/tables/t17_base_rate.md
N2279,1.52,results/s4_base_rate.csv,"{""base_rate_scale"": ""1.5"", ""policy"": ""P2 p90""}",double_slots_mean,{:.2f},docs/report_assets/tables/t17_base_rate.md
N2280,12.27,results/s4_base_rate.csv,"{""base_rate_scale"": ""1.5"", ""policy"": ""P2 p90""}",patients_served,{:.2f},docs/report_assets/tables/t17_base_rate.md
N2281,12.15,results/s4_base_rate.csv,"{""base_rate_scale"": ""1.5"", ""policy"": ""P2 p90""}",patients_served_lo,{:.2f},docs/report_assets/tables/t17_base_rate.md
N2282,12.38,results/s4_base_rate.csv,"{""base_rate_scale"": ""1.5"", ""policy"": ""P2 p90""}",patients_served_hi,{:.2f},docs/report_assets/tables/t17_base_rate.md
N2283,3.5,results/s4_base_rate.csv,"{""base_rate_scale"": ""1.5"", ""policy"": ""P2 p90""}",mean_wait_min,{:.1f},docs/report_assets/tables/t17_base_rate.md
N2284,3.3,results/s4_base_rate.csv,"{""base_rate_scale"": ""1.5"", ""policy"": ""P2 p90""}",mean_wait_min_lo,{:.1f},docs/report_assets/tables/t17_base_rate.md
N2285,3.8,results/s4_base_rate.csv,"{""base_rate_scale"": ""1.5"", ""policy"": ""P2 p90""}",mean_wait_min_hi,{:.1f},docs/report_assets/tables/t17_base_rate.md
N2286,4.1,results/s4_base_rate.csv,"{""base_rate_scale"": ""1.5"", ""policy"": ""P2 p90""}",overtime_min,{:.1f},docs/report_assets/tables/t17_base_rate.md
N2287,3.6,results/s4_base_rate.csv,"{""base_rate_scale"": ""1.5"", ""policy"": ""P2 p90""}",overtime_min_lo,{:.1f},docs/report_assets/tables/t17_base_rate.md
N2288,4.6,results/s4_base_rate.csv,"{""base_rate_scale"": ""1.5"", ""policy"": ""P2 p90""}",overtime_min_hi,{:.1f},docs/report_assets/tables/t17_base_rate.md
N2289,79.0,results/s4_base_rate.csv,"{""base_rate_scale"": ""1.5"", ""policy"": ""P2 p90""}",idle_min,{:.1f},docs/report_assets/tables/t17_base_rate.md
N2290,77.1,results/s4_base_rate.csv,"{""base_rate_scale"": ""1.5"", ""policy"": ""P2 p90""}",idle_min_lo,{:.1f},docs/report_assets/tables/t17_base_rate.md
N2291,80.9,results/s4_base_rate.csv,"{""base_rate_scale"": ""1.5"", ""policy"": ""P2 p90""}",idle_min_hi,{:.1f},docs/report_assets/tables/t17_base_rate.md
N2292,33.2%,results/s4_base_rate.csv,"{""base_rate_scale"": ""1.5"", ""policy"": ""P2 p90""}",share_sessions_both_attend,{:.1%},docs/report_assets/tables/t17_base_rate.md
N2293,30.3%,results/s4_base_rate.csv,"{""base_rate_scale"": ""1.5"", ""policy"": ""P2 p90""}",share_sessions_both_attend_lo,{:.1%},docs/report_assets/tables/t17_base_rate.md
N2294,36.1%,results/s4_base_rate.csv,"{""base_rate_scale"": ""1.5"", ""policy"": ""P2 p90""}",share_sessions_both_attend_hi,{:.1%},docs/report_assets/tables/t17_base_rate.md
N2295,30.6%,results/s4_base_rate.csv,"{""base_rate_scale"": ""1.5"", ""policy"": ""P2 p95""}",base_no_show_rate,{:.1%},docs/report_assets/tables/t17_base_rate.md
N2296,0.71,results/s4_base_rate.csv,"{""base_rate_scale"": ""1.5"", ""policy"": ""P2 p95""}",double_slots_mean,{:.2f},docs/report_assets/tables/t17_base_rate.md
N2297,11.70,results/s4_base_rate.csv,"{""base_rate_scale"": ""1.5"", ""policy"": ""P2 p95""}",patients_served,{:.2f},docs/report_assets/tables/t17_base_rate.md
N2298,11.59,results/s4_base_rate.csv,"{""base_rate_scale"": ""1.5"", ""policy"": ""P2 p95""}",patients_served_lo,{:.2f},docs/report_assets/tables/t17_base_rate.md
N2299,11.82,results/s4_base_rate.csv,"{""base_rate_scale"": ""1.5"", ""policy"": ""P2 p95""}",patients_served_hi,{:.2f},docs/report_assets/tables/t17_base_rate.md
N2300,2.8,results/s4_base_rate.csv,"{""base_rate_scale"": ""1.5"", ""policy"": ""P2 p95""}",mean_wait_min,{:.1f},docs/report_assets/tables/t17_base_rate.md
N2301,2.6,results/s4_base_rate.csv,"{""base_rate_scale"": ""1.5"", ""policy"": ""P2 p95""}",mean_wait_min_lo,{:.1f},docs/report_assets/tables/t17_base_rate.md
N2302,3.0,results/s4_base_rate.csv,"{""base_rate_scale"": ""1.5"", ""policy"": ""P2 p95""}",mean_wait_min_hi,{:.1f},docs/report_assets/tables/t17_base_rate.md
N2303,3.4,results/s4_base_rate.csv,"{""base_rate_scale"": ""1.5"", ""policy"": ""P2 p95""}",overtime_min,{:.1f},docs/report_assets/tables/t17_base_rate.md
N2304,2.9,results/s4_base_rate.csv,"{""base_rate_scale"": ""1.5"", ""policy"": ""P2 p95""}",overtime_min_lo,{:.1f},docs/report_assets/tables/t17_base_rate.md
N2305,3.8,results/s4_base_rate.csv,"{""base_rate_scale"": ""1.5"", ""policy"": ""P2 p95""}",overtime_min_hi,{:.1f},docs/report_assets/tables/t17_base_rate.md
N2306,85.9,results/s4_base_rate.csv,"{""base_rate_scale"": ""1.5"", ""policy"": ""P2 p95""}",idle_min,{:.1f},docs/report_assets/tables/t17_base_rate.md
N2307,84.0,results/s4_base_rate.csv,"{""base_rate_scale"": ""1.5"", ""policy"": ""P2 p95""}",idle_min_lo,{:.1f},docs/report_assets/tables/t17_base_rate.md
N2308,87.8,results/s4_base_rate.csv,"{""base_rate_scale"": ""1.5"", ""policy"": ""P2 p95""}",idle_min_hi,{:.1f},docs/report_assets/tables/t17_base_rate.md
N2309,15.0%,results/s4_base_rate.csv,"{""base_rate_scale"": ""1.5"", ""policy"": ""P2 p95""}",share_sessions_both_attend,{:.1%},docs/report_assets/tables/t17_base_rate.md
N2310,12.8%,results/s4_base_rate.csv,"{""base_rate_scale"": ""1.5"", ""policy"": ""P2 p95""}",share_sessions_both_attend_lo,{:.1%},docs/report_assets/tables/t17_base_rate.md
N2311,17.2%,results/s4_base_rate.csv,"{""base_rate_scale"": ""1.5"", ""policy"": ""P2 p95""}",share_sessions_both_attend_hi,{:.1%},docs/report_assets/tables/t17_base_rate.md
N2312,3.1,results/s5_service_variability.csv,"{""policy"": ""P0"", ""variability_scale"": ""0.5""}",service_sd_min,{:.1f},docs/report_assets/tables/t18_service_variability.md
N2313,0.00,results/s5_service_variability.csv,"{""policy"": ""P0"", ""variability_scale"": ""0.5""}",double_slots_mean,{:.2f},docs/report_assets/tables/t18_service_variability.md
N2314,12.75,results/s5_service_variability.csv,"{""policy"": ""P0"", ""variability_scale"": ""0.5""}",patients_served,{:.2f},docs/report_assets/tables/t18_service_variability.md
N2315,12.65,results/s5_service_variability.csv,"{""policy"": ""P0"", ""variability_scale"": ""0.5""}",patients_served_lo,{:.2f},docs/report_assets/tables/t18_service_variability.md
N2316,12.85,results/s5_service_variability.csv,"{""policy"": ""P0"", ""variability_scale"": ""0.5""}",patients_served_hi,{:.2f},docs/report_assets/tables/t18_service_variability.md
N2317,0.8,results/s5_service_variability.csv,"{""policy"": ""P0"", ""variability_scale"": ""0.5""}",mean_wait_min,{:.1f},docs/report_assets/tables/t18_service_variability.md
N2318,0.8,results/s5_service_variability.csv,"{""policy"": ""P0"", ""variability_scale"": ""0.5""}",mean_wait_min_lo,{:.1f},docs/report_assets/tables/t18_service_variability.md
N2319,0.9,results/s5_service_variability.csv,"{""policy"": ""P0"", ""variability_scale"": ""0.5""}",mean_wait_min_hi,{:.1f},docs/report_assets/tables/t18_service_variability.md
N2320,1.0,results/s5_service_variability.csv,"{""policy"": ""P0"", ""variability_scale"": ""0.5""}",overtime_min,{:.1f},docs/report_assets/tables/t18_service_variability.md
N2321,0.8,results/s5_service_variability.csv,"{""policy"": ""P0"", ""variability_scale"": ""0.5""}",overtime_min_lo,{:.1f},docs/report_assets/tables/t18_service_variability.md
N2322,1.1,results/s5_service_variability.csv,"{""policy"": ""P0"", ""variability_scale"": ""0.5""}",overtime_min_hi,{:.1f},docs/report_assets/tables/t18_service_variability.md
N2323,70.1,results/s5_service_variability.csv,"{""policy"": ""P0"", ""variability_scale"": ""0.5""}",idle_min,{:.1f},docs/report_assets/tables/t18_service_variability.md
N2324,68.6,results/s5_service_variability.csv,"{""policy"": ""P0"", ""variability_scale"": ""0.5""}",idle_min_lo,{:.1f},docs/report_assets/tables/t18_service_variability.md
N2325,71.6,results/s5_service_variability.csv,"{""policy"": ""P0"", ""variability_scale"": ""0.5""}",idle_min_hi,{:.1f},docs/report_assets/tables/t18_service_variability.md
N2326,0.0%,results/s5_service_variability.csv,"{""policy"": ""P0"", ""variability_scale"": ""0.5""}",share_sessions_both_attend,{:.1%},docs/report_assets/tables/t18_service_variability.md
N2327,0.0%,results/s5_service_variability.csv,"{""policy"": ""P0"", ""variability_scale"": ""0.5""}",share_sessions_both_attend_lo,{:.1%},docs/report_assets/tables/t18_service_variability.md
N2328,0.0%,results/s5_service_variability.csv,"{""policy"": ""P0"", ""variability_scale"": ""0.5""}",share_sessions_both_attend_hi,{:.1%},docs/report_assets/tables/t18_service_variability.md
N2329,3.1,results/s5_service_variability.csv,"{""policy"": ""P1 k=2"", ""variability_scale"": ""0.5""}",service_sd_min,{:.1f},docs/report_assets/tables/t18_service_variability.md
N2330,8.00,results/s5_service_variability.csv,"{""policy"": ""P1 k=2"", ""variability_scale"": ""0.5""}",double_slots_mean,{:.2f},docs/report_assets/tables/t18_service_variability.md
N2331,19.16,results/s5_service_variability.csv,"{""policy"": ""P1 k=2"", ""variability_scale"": ""0.5""}",patients_served,{:.2f},docs/report_assets/tables/t18_service_variability.md
N2332,19.04,results/s5_service_variability.csv,"{""policy"": ""P1 k=2"", ""variability_scale"": ""0.5""}",patients_served_lo,{:.2f},docs/report_assets/tables/t18_service_variability.md
N2333,19.28,results/s5_service_variability.csv,"{""policy"": ""P1 k=2"", ""variability_scale"": ""0.5""}",patients_served_hi,{:.2f},docs/report_assets/tables/t18_service_variability.md
N2334,18.4,results/s5_service_variability.csv,"{""policy"": ""P1 k=2"", ""variability_scale"": ""0.5""}",mean_wait_min,{:.1f},docs/report_assets/tables/t18_service_variability.md
N2335,17.8,results/s5_service_variability.csv,"{""policy"": ""P1 k=2"", ""variability_scale"": ""0.5""}",mean_wait_min_lo,{:.1f},docs/report_assets/tables/t18_service_variability.md
N2336,19.0,results/s5_service_variability.csv,"{""policy"": ""P1 k=2"", ""variability_scale"": ""0.5""}",mean_wait_min_hi,{:.1f},docs/report_assets/tables/t18_service_variability.md
N2337,32.3,results/s5_service_variability.csv,"{""policy"": ""P1 k=2"", ""variability_scale"": ""0.5""}",overtime_min,{:.1f},docs/report_assets/tables/t18_service_variability.md
N2338,31.0,results/s5_service_variability.csv,"{""policy"": ""P1 k=2"", ""variability_scale"": ""0.5""}",overtime_min_lo,{:.1f},docs/report_assets/tables/t18_service_variability.md
N2339,33.6,results/s5_service_variability.csv,"{""policy"": ""P1 k=2"", ""variability_scale"": ""0.5""}",overtime_min_hi,{:.1f},docs/report_assets/tables/t18_service_variability.md
N2340,15.5,results/s5_service_variability.csv,"{""policy"": ""P1 k=2"", ""variability_scale"": ""0.5""}",idle_min,{:.1f},docs/report_assets/tables/t18_service_variability.md
N2341,14.6,results/s5_service_variability.csv,"{""policy"": ""P1 k=2"", ""variability_scale"": ""0.5""}",idle_min_lo,{:.1f},docs/report_assets/tables/t18_service_variability.md
N2342,16.4,results/s5_service_variability.csv,"{""policy"": ""P1 k=2"", ""variability_scale"": ""0.5""}",idle_min_hi,{:.1f},docs/report_assets/tables/t18_service_variability.md
N2343,100.0%,results/s5_service_variability.csv,"{""policy"": ""P1 k=2"", ""variability_scale"": ""0.5""}",share_sessions_both_attend,{:.1%},docs/report_assets/tables/t18_service_variability.md
N2344,100.0%,results/s5_service_variability.csv,"{""policy"": ""P1 k=2"", ""variability_scale"": ""0.5""}",share_sessions_both_attend_lo,{:.1%},docs/report_assets/tables/t18_service_variability.md
N2345,100.0%,results/s5_service_variability.csv,"{""policy"": ""P1 k=2"", ""variability_scale"": ""0.5""}",share_sessions_both_attend_hi,{:.1%},docs/report_assets/tables/t18_service_variability.md
N2346,3.1,results/s5_service_variability.csv,"{""policy"": ""P1 k=3"", ""variability_scale"": ""0.5""}",service_sd_min,{:.1f},docs/report_assets/tables/t18_service_variability.md
N2347,5.00,results/s5_service_variability.csv,"{""policy"": ""P1 k=3"", ""variability_scale"": ""0.5""}",double_slots_mean,{:.2f},docs/report_assets/tables/t18_service_variability.md
N2348,16.76,results/s5_service_variability.csv,"{""policy"": ""P1 k=3"", ""variability_scale"": ""0.5""}",patients_served,{:.2f},docs/report_assets/tables/t18_service_variability.md
N2349,16.65,results/s5_service_variability.csv,"{""policy"": ""P1 k=3"", ""variability_scale"": ""0.5""}",patients_served_lo,{:.2f},docs/report_assets/tables/t18_service_variability.md
N2350,16.88,results/s5_service_variability.csv,"{""policy"": ""P1 k=3"", ""variability_scale"": ""0.5""}",patients_served_hi,{:.2f},docs/report_assets/tables/t18_service_variability.md
N2351,10.1,results/s5_service_variability.csv,"{""policy"": ""P1 k=3"", ""variability_scale"": ""0.5""}",mean_wait_min,{:.1f},docs/report_assets/tables/t18_service_variability.md
N2352,9.7,results/s5_service_variability.csv,"{""policy"": ""P1 k=3"", ""variability_scale"": ""0.5""}",mean_wait_min_lo,{:.1f},docs/report_assets/tables/t18_service_variability.md
N2353,10.5,results/s5_service_variability.csv,"{""policy"": ""P1 k=3"", ""variability_scale"": ""0.5""}",mean_wait_min_hi,{:.1f},docs/report_assets/tables/t18_service_variability.md
N2354,13.8,results/s5_service_variability.csv,"{""policy"": ""P1 k=3"", ""variability_scale"": ""0.5""}",overtime_min,{:.1f},docs/report_assets/tables/t18_service_variability.md
N2355,13.0,results/s5_service_variability.csv,"{""policy"": ""P1 k=3"", ""variability_scale"": ""0.5""}",overtime_min_lo,{:.1f},docs/report_assets/tables/t18_service_variability.md
N2356,14.6,results/s5_service_variability.csv,"{""policy"": ""P1 k=3"", ""variability_scale"": ""0.5""}",overtime_min_hi,{:.1f},docs/report_assets/tables/t18_service_variability.md
N2357,29.1,results/s5_service_variability.csv,"{""policy"": ""P1 k=3"", ""variability_scale"": ""0.5""}",idle_min,{:.1f},docs/report_assets/tables/t18_service_variability.md
N2358,27.9,results/s5_service_variability.csv,"{""policy"": ""P1 k=3"", ""variability_scale"": ""0.5""}",idle_min_lo,{:.1f},docs/report_assets/tables/t18_service_variability.md
N2359,30.4,results/s5_service_variability.csv,"{""policy"": ""P1 k=3"", ""variability_scale"": ""0.5""}",idle_min_hi,{:.1f},docs/report_assets/tables/t18_service_variability.md
N2360,98.9%,results/s5_service_variability.csv,"{""policy"": ""P1 k=3"", ""variability_scale"": ""0.5""}",share_sessions_both_attend,{:.1%},docs/report_assets/tables/t18_service_variability.md
N2361,98.3%,results/s5_service_variability.csv,"{""policy"": ""P1 k=3"", ""variability_scale"": ""0.5""}",share_sessions_both_attend_lo,{:.1%},docs/report_assets/tables/t18_service_variability.md
N2362,99.5%,results/s5_service_variability.csv,"{""policy"": ""P1 k=3"", ""variability_scale"": ""0.5""}",share_sessions_both_attend_hi,{:.1%},docs/report_assets/tables/t18_service_variability.md
N2363,3.1,results/s5_service_variability.csv,"{""policy"": ""P1 k=4"", ""variability_scale"": ""0.5""}",service_sd_min,{:.1f},docs/report_assets/tables/t18_service_variability.md
N2364,4.00,results/s5_service_variability.csv,"{""policy"": ""P1 k=4"", ""variability_scale"": ""0.5""}",double_slots_mean,{:.2f},docs/report_assets/tables/t18_service_variability.md
N2365,15.96,results/s5_service_variability.csv,"{""policy"": ""P1 k=4"", ""variability_scale"": ""0.5""}",patients_served,{:.2f},docs/report_assets/tables/t18_service_variability.md
N2366,15.85,results/s5_service_variability.csv,"{""policy"": ""P1 k=4"", ""variability_scale"": ""0.5""}",patients_served_lo,{:.2f},docs/report_assets/tables/t18_service_variability.md
N2367,16.08,results/s5_service_variability.csv,"{""policy"": ""P1 k=4"", ""variability_scale"": ""0.5""}",patients_served_hi,{:.2f},docs/report_assets/tables/t18_service_variability.md
N2368,7.0,results/s5_service_variability.csv,"{""policy"": ""P1 k=4"", ""variability_scale"": ""0.5""}",mean_wait_min,{:.1f},docs/report_assets/tables/t18_service_variability.md
N2369,6.7,results/s5_service_variability.csv,"{""policy"": ""P1 k=4"", ""variability_scale"": ""0.5""}",mean_wait_min_lo,{:.1f},docs/report_assets/tables/t18_service_variability.md
N2370,7.3,results/s5_service_variability.csv,"{""policy"": ""P1 k=4"", ""variability_scale"": ""0.5""}",mean_wait_min_hi,{:.1f},docs/report_assets/tables/t18_service_variability.md
N2371,12.5,results/s5_service_variability.csv,"{""policy"": ""P1 k=4"", ""variability_scale"": ""0.5""}",overtime_min,{:.1f},docs/report_assets/tables/t18_service_variability.md
N2372,11.8,results/s5_service_variability.csv,"{""policy"": ""P1 k=4"", ""variability_scale"": ""0.5""}",overtime_min_lo,{:.1f},docs/report_assets/tables/t18_service_variability.md
N2373,13.1,results/s5_service_variability.csv,"{""policy"": ""P1 k=4"", ""variability_scale"": ""0.5""}",overtime_min_hi,{:.1f},docs/report_assets/tables/t18_service_variability.md
N2374,38.6,results/s5_service_variability.csv,"{""policy"": ""P1 k=4"", ""variability_scale"": ""0.5""}",idle_min,{:.1f},docs/report_assets/tables/t18_service_variability.md
N2375,37.2,results/s5_service_variability.csv,"{""policy"": ""P1 k=4"", ""variability_scale"": ""0.5""}",idle_min_lo,{:.1f},docs/report_assets/tables/t18_service_variability.md
N2376,39.9,results/s5_service_variability.csv,"{""policy"": ""P1 k=4"", ""variability_scale"": ""0.5""}",idle_min_hi,{:.1f},docs/report_assets/tables/t18_service_variability.md
N2377,98.6%,results/s5_service_variability.csv,"{""policy"": ""P1 k=4"", ""variability_scale"": ""0.5""}",share_sessions_both_attend,{:.1%},docs/report_assets/tables/t18_service_variability.md
N2378,97.9%,results/s5_service_variability.csv,"{""policy"": ""P1 k=4"", ""variability_scale"": ""0.5""}",share_sessions_both_attend_lo,{:.1%},docs/report_assets/tables/t18_service_variability.md
N2379,99.3%,results/s5_service_variability.csv,"{""policy"": ""P1 k=4"", ""variability_scale"": ""0.5""}",share_sessions_both_attend_hi,{:.1%},docs/report_assets/tables/t18_service_variability.md
N2380,3.1,results/s5_service_variability.csv,"{""policy"": ""P1 k=6"", ""variability_scale"": ""0.5""}",service_sd_min,{:.1f},docs/report_assets/tables/t18_service_variability.md
N2381,2.00,results/s5_service_variability.csv,"{""policy"": ""P1 k=6"", ""variability_scale"": ""0.5""}",double_slots_mean,{:.2f},docs/report_assets/tables/t18_service_variability.md
N2382,14.36,results/s5_service_variability.csv,"{""policy"": ""P1 k=6"", ""variability_scale"": ""0.5""}",patients_served,{:.2f},docs/report_assets/tables/t18_service_variability.md
N2383,14.25,results/s5_service_variability.csv,"{""policy"": ""P1 k=6"", ""variability_scale"": ""0.5""}",patients_served_lo,{:.2f},docs/report_assets/tables/t18_service_variability.md
N2384,14.46,results/s5_service_variability.csv,"{""policy"": ""P1 k=6"", ""variability_scale"": ""0.5""}",patients_served_hi,{:.2f},docs/report_assets/tables/t18_service_variability.md
N2385,4.3,results/s5_service_variability.csv,"{""policy"": ""P1 k=6"", ""variability_scale"": ""0.5""}",mean_wait_min,{:.1f},docs/report_assets/tables/t18_service_variability.md
N2386,4.1,results/s5_service_variability.csv,"{""policy"": ""P1 k=6"", ""variability_scale"": ""0.5""}",mean_wait_min_lo,{:.1f},docs/report_assets/tables/t18_service_variability.md
N2387,4.5,results/s5_service_variability.csv,"{""policy"": ""P1 k=6"", ""variability_scale"": ""0.5""}",mean_wait_min_hi,{:.1f},docs/report_assets/tables/t18_service_variability.md
N2388,2.8,results/s5_service_variability.csv,"{""policy"": ""P1 k=6"", ""variability_scale"": ""0.5""}",overtime_min,{:.1f},docs/report_assets/tables/t18_service_variability.md
N2389,2.5,results/s5_service_variability.csv,"{""policy"": ""P1 k=6"", ""variability_scale"": ""0.5""}",overtime_min_lo,{:.1f},docs/report_assets/tables/t18_service_variability.md
N2390,3.2,results/s5_service_variability.csv,"{""policy"": ""P1 k=6"", ""variability_scale"": ""0.5""}",overtime_min_hi,{:.1f},docs/report_assets/tables/t18_service_variability.md
N2391,50.3,results/s5_service_variability.csv,"{""policy"": ""P1 k=6"", ""variability_scale"": ""0.5""}",idle_min,{:.1f},docs/report_assets/tables/t18_service_variability.md
N2392,48.9,results/s5_service_variability.csv,"{""policy"": ""P1 k=6"", ""variability_scale"": ""0.5""}",idle_min_lo,{:.1f},docs/report_assets/tables/t18_service_variability.md
N2393,51.8,results/s5_service_variability.csv,"{""policy"": ""P1 k=6"", ""variability_scale"": ""0.5""}",idle_min_hi,{:.1f},docs/report_assets/tables/t18_service_variability.md
N2394,86.9%,results/s5_service_variability.csv,"{""policy"": ""P1 k=6"", ""variability_scale"": ""0.5""}",share_sessions_both_attend,{:.1%},docs/report_assets/tables/t18_service_variability.md
N2395,84.8%,results/s5_service_variability.csv,"{""policy"": ""P1 k=6"", ""variability_scale"": ""0.5""}",share_sessions_both_attend_lo,{:.1%},docs/report_assets/tables/t18_service_variability.md
N2396,89.0%,results/s5_service_variability.csv,"{""policy"": ""P1 k=6"", ""variability_scale"": ""0.5""}",share_sessions_both_attend_hi,{:.1%},docs/report_assets/tables/t18_service_variability.md
N2397,3.1,results/s5_service_variability.csv,"{""policy"": ""P2 0.3"", ""variability_scale"": ""0.5""}",service_sd_min,{:.1f},docs/report_assets/tables/t18_service_variability.md
N2398,4.36,results/s5_service_variability.csv,"{""policy"": ""P2 0.3"", ""variability_scale"": ""0.5""}",double_slots_mean,{:.2f},docs/report_assets/tables/t18_service_variability.md
N2399,16.25,results/s5_service_variability.csv,"{""policy"": ""P2 0.3"", ""variability_scale"": ""0.5""}",patients_served,{:.2f},docs/report_assets/tables/t18_service_variability.md
N2400,16.13,results/s5_service_variability.csv,"{""policy"": ""P2 0.3"", ""variability_scale"": ""0.5""}",patients_served_lo,{:.2f},docs/report_assets/tables/t18_service_variability.md
N2401,16.38,results/s5_service_variability.csv,"{""policy"": ""P2 0.3"", ""variability_scale"": ""0.5""}",patients_served_hi,{:.2f},docs/report_assets/tables/t18_service_variability.md
N2402,8.1,results/s5_service_variability.csv,"{""policy"": ""P2 0.3"", ""variability_scale"": ""0.5""}",mean_wait_min,{:.1f},docs/report_assets/tables/t18_service_variability.md
N2403,7.7,results/s5_service_variability.csv,"{""policy"": ""P2 0.3"", ""variability_scale"": ""0.5""}",mean_wait_min_lo,{:.1f},docs/report_assets/tables/t18_service_variability.md
N2404,8.5,results/s5_service_variability.csv,"{""policy"": ""P2 0.3"", ""variability_scale"": ""0.5""}",mean_wait_min_hi,{:.1f},docs/report_assets/tables/t18_service_variability.md
N2405,11.0,results/s5_service_variability.csv,"{""policy"": ""P2 0.3"", ""variability_scale"": ""0.5""}",overtime_min,{:.1f},docs/report_assets/tables/t18_service_variability.md
N2406,10.2,results/s5_service_variability.csv,"{""policy"": ""P2 0.3"", ""variability_scale"": ""0.5""}",overtime_min_lo,{:.1f},docs/report_assets/tables/t18_service_variability.md
N2407,11.9,results/s5_service_variability.csv,"{""policy"": ""P2 0.3"", ""variability_scale"": ""0.5""}",overtime_min_hi,{:.1f},docs/report_assets/tables/t18_service_variability.md
N2408,33.3,results/s5_service_variability.csv,"{""policy"": ""P2 0.3"", ""variability_scale"": ""0.5""}",idle_min,{:.1f},docs/report_assets/tables/t18_service_variability.md
N2409,31.9,results/s5_service_variability.csv,"{""policy"": ""P2 0.3"", ""variability_scale"": ""0.5""}",idle_min_lo,{:.1f},docs/report_assets/tables/t18_service_variability.md
N2410,34.6,results/s5_service_variability.csv,"{""policy"": ""P2 0.3"", ""variability_scale"": ""0.5""}",idle_min_hi,{:.1f},docs/report_assets/tables/t18_service_variability.md
N2411,91.6%,results/s5_service_variability.csv,"{""policy"": ""P2 0.3"", ""variability_scale"": ""0.5""}",share_sessions_both_attend,{:.1%},docs/report_assets/tables/t18_service_variability.md
N2412,89.9%,results/s5_service_variability.csv,"{""policy"": ""P2 0.3"", ""variability_scale"": ""0.5""}",share_sessions_both_attend_lo,{:.1%},docs/report_assets/tables/t18_service_variability.md
N2413,93.3%,results/s5_service_variability.csv,"{""policy"": ""P2 0.3"", ""variability_scale"": ""0.5""}",share_sessions_both_attend_hi,{:.1%},docs/report_assets/tables/t18_service_variability.md
N2414,3.1,results/s5_service_variability.csv,"{""policy"": ""P2 0.5"", ""variability_scale"": ""0.5""}",service_sd_min,{:.1f},docs/report_assets/tables/t18_service_variability.md
N2415,0.07,results/s5_service_variability.csv,"{""policy"": ""P2 0.5"", ""variability_scale"": ""0.5""}",double_slots_mean,{:.2f},docs/report_assets/tables/t18_service_variability.md
N2416,12.80,results/s5_service_variability.csv,"{""policy"": ""P2 0.5"", ""variability_scale"": ""0.5""}",patients_served,{:.2f},docs/report_assets/tables/t18_service_variability.md
N2417,12.70,results/s5_service_variability.csv,"{""policy"": ""P2 0.5"", ""variability_scale"": ""0.5""}",patients_served_lo,{:.2f},docs/report_assets/tables/t18_service_variability.md
N2418,12.90,results/s5_service_variability.csv,"{""policy"": ""P2 0.5"", ""variability_scale"": ""0.5""}",patients_served_hi,{:.2f},docs/report_assets/tables/t18_service_variability.md
N2419,0.9,results/s5_service_variability.csv,"{""policy"": ""P2 0.5"", ""variability_scale"": ""0.5""}",mean_wait_min,{:.1f},docs/report_assets/tables/t18_service_variability.md
N2420,0.8,results/s5_service_variability.csv,"{""policy"": ""P2 0.5"", ""variability_scale"": ""0.5""}",mean_wait_min_lo,{:.1f},docs/report_assets/tables/t18_service_variability.md
N2421,0.9,results/s5_service_variability.csv,"{""policy"": ""P2 0.5"", ""variability_scale"": ""0.5""}",mean_wait_min_hi,{:.1f},docs/report_assets/tables/t18_service_variability.md
N2422,1.0,results/s5_service_variability.csv,"{""policy"": ""P2 0.5"", ""variability_scale"": ""0.5""}",overtime_min,{:.1f},docs/report_assets/tables/t18_service_variability.md
N2423,0.9,results/s5_service_variability.csv,"{""policy"": ""P2 0.5"", ""variability_scale"": ""0.5""}",overtime_min_lo,{:.1f},docs/report_assets/tables/t18_service_variability.md
N2424,1.1,results/s5_service_variability.csv,"{""policy"": ""P2 0.5"", ""variability_scale"": ""0.5""}",overtime_min_hi,{:.1f},docs/report_assets/tables/t18_service_variability.md
N2425,69.4,results/s5_service_variability.csv,"{""policy"": ""P2 0.5"", ""variability_scale"": ""0.5""}",idle_min,{:.1f},docs/report_assets/tables/t18_service_variability.md
N2426,67.9,results/s5_service_variability.csv,"{""policy"": ""P2 0.5"", ""variability_scale"": ""0.5""}",idle_min_lo,{:.1f},docs/report_assets/tables/t18_service_variability.md
N2427,70.9,results/s5_service_variability.csv,"{""policy"": ""P2 0.5"", ""variability_scale"": ""0.5""}",idle_min_hi,{:.1f},docs/report_assets/tables/t18_service_variability.md
N2428,1.2%,results/s5_service_variability.csv,"{""policy"": ""P2 0.5"", ""variability_scale"": ""0.5""}",share_sessions_both_attend,{:.1%},docs/report_assets/tables/t18_service_variability.md
N2429,0.5%,results/s5_service_variability.csv,"{""policy"": ""P2 0.5"", ""variability_scale"": ""0.5""}",share_sessions_both_attend_lo,{:.1%},docs/report_assets/tables/t18_service_variability.md
N2430,1.9%,results/s5_service_variability.csv,"{""policy"": ""P2 0.5"", ""variability_scale"": ""0.5""}",share_sessions_both_attend_hi,{:.1%},docs/report_assets/tables/t18_service_variability.md
N2431,3.1,results/s5_service_variability.csv,"{""policy"": ""P2 p50"", ""variability_scale"": ""0.5""}",service_sd_min,{:.1f},docs/report_assets/tables/t18_service_variability.md
N2432,8.04,results/s5_service_variability.csv,"{""policy"": ""P2 p50"", ""variability_scale"": ""0.5""}",double_slots_mean,{:.2f},docs/report_assets/tables/t18_service_variability.md
N2433,19.17,results/s5_service_variability.csv,"{""policy"": ""P2 p50"", ""variability_scale"": ""0.5""}",patients_served,{:.2f},docs/report_assets/tables/t18_service_variability.md
N2434,19.03,results/s5_service_variability.csv,"{""policy"": ""P2 p50"", ""variability_scale"": ""0.5""}",patients_served_lo,{:.2f},docs/report_assets/tables/t18_service_variability.md
N2435,19.31,results/s5_service_variability.csv,"{""policy"": ""P2 p50"", ""variability_scale"": ""0.5""}",patients_served_hi,{:.2f},docs/report_assets/tables/t18_service_variability.md
N2436,18.8,results/s5_service_variability.csv,"{""policy"": ""P2 p50"", ""variability_scale"": ""0.5""}",mean_wait_min,{:.1f},docs/report_assets/tables/t18_service_variability.md
N2437,18.1,results/s5_service_variability.csv,"{""policy"": ""P2 p50"", ""variability_scale"": ""0.5""}",mean_wait_min_lo,{:.1f},docs/report_assets/tables/t18_service_variability.md
N2438,19.5,results/s5_service_variability.csv,"{""policy"": ""P2 p50"", ""variability_scale"": ""0.5""}",mean_wait_min_hi,{:.1f},docs/report_assets/tables/t18_service_variability.md
N2439,31.2,results/s5_service_variability.csv,"{""policy"": ""P2 p50"", ""variability_scale"": ""0.5""}",overtime_min,{:.1f},docs/report_assets/tables/t18_service_variability.md
N2440,29.7,results/s5_service_variability.csv,"{""policy"": ""P2 p50"", ""variability_scale"": ""0.5""}",overtime_min_lo,{:.1f},docs/report_assets/tables/t18_service_variability.md
N2441,32.7,results/s5_service_variability.csv,"{""policy"": ""P2 p50"", ""variability_scale"": ""0.5""}",overtime_min_hi,{:.1f},docs/report_assets/tables/t18_service_variability.md
N2442,14.3,results/s5_service_variability.csv,"{""policy"": ""P2 p50"", ""variability_scale"": ""0.5""}",idle_min,{:.1f},docs/report_assets/tables/t18_service_variability.md
N2443,13.4,results/s5_service_variability.csv,"{""policy"": ""P2 p50"", ""variability_scale"": ""0.5""}",idle_min_lo,{:.1f},docs/report_assets/tables/t18_service_variability.md
N2444,15.2,results/s5_service_variability.csv,"{""policy"": ""P2 p50"", ""variability_scale"": ""0.5""}",idle_min_hi,{:.1f},docs/report_assets/tables/t18_service_variability.md
N2445,99.2%,results/s5_service_variability.csv,"{""policy"": ""P2 p50"", ""variability_scale"": ""0.5""}",share_sessions_both_attend,{:.1%},docs/report_assets/tables/t18_service_variability.md
N2446,98.6%,results/s5_service_variability.csv,"{""policy"": ""P2 p50"", ""variability_scale"": ""0.5""}",share_sessions_both_attend_lo,{:.1%},docs/report_assets/tables/t18_service_variability.md
N2447,99.8%,results/s5_service_variability.csv,"{""policy"": ""P2 p50"", ""variability_scale"": ""0.5""}",share_sessions_both_attend_hi,{:.1%},docs/report_assets/tables/t18_service_variability.md
N2448,3.1,results/s5_service_variability.csv,"{""policy"": ""P2 p70"", ""variability_scale"": ""0.5""}",service_sd_min,{:.1f},docs/report_assets/tables/t18_service_variability.md
N2449,4.81,results/s5_service_variability.csv,"{""policy"": ""P2 p70"", ""variability_scale"": ""0.5""}",double_slots_mean,{:.2f},docs/report_assets/tables/t18_service_variability.md
N2450,16.61,results/s5_service_variability.csv,"{""policy"": ""P2 p70"", ""variability_scale"": ""0.5""}",patients_served,{:.2f},docs/report_assets/tables/t18_service_variability.md
N2451,16.49,results/s5_service_variability.csv,"{""policy"": ""P2 p70"", ""variability_scale"": ""0.5""}",patients_served_lo,{:.2f},docs/report_assets/tables/t18_service_variability.md
N2452,16.74,results/s5_service_variability.csv,"{""policy"": ""P2 p70"", ""variability_scale"": ""0.5""}",patients_served_hi,{:.2f},docs/report_assets/tables/t18_service_variability.md
N2453,9.1,results/s5_service_variability.csv,"{""policy"": ""P2 p70"", ""variability_scale"": ""0.5""}",mean_wait_min,{:.1f},docs/report_assets/tables/t18_service_variability.md
N2454,8.7,results/s5_service_variability.csv,"{""policy"": ""P2 p70"", ""variability_scale"": ""0.5""}",mean_wait_min_lo,{:.1f},docs/report_assets/tables/t18_service_variability.md
N2455,9.6,results/s5_service_variability.csv,"{""policy"": ""P2 p70"", ""variability_scale"": ""0.5""}",mean_wait_min_hi,{:.1f},docs/report_assets/tables/t18_service_variability.md
N2456,12.8,results/s5_service_variability.csv,"{""policy"": ""P2 p70"", ""variability_scale"": ""0.5""}",overtime_min,{:.1f},docs/report_assets/tables/t18_service_variability.md
N2457,11.9,results/s5_service_variability.csv,"{""policy"": ""P2 p70"", ""variability_scale"": ""0.5""}",overtime_min_lo,{:.1f},docs/report_assets/tables/t18_service_variability.md
N2458,13.7,results/s5_service_variability.csv,"{""policy"": ""P2 p70"", ""variability_scale"": ""0.5""}",overtime_min_hi,{:.1f},docs/report_assets/tables/t18_service_variability.md
N2459,30.1,results/s5_service_variability.csv,"{""policy"": ""P2 p70"", ""variability_scale"": ""0.5""}",idle_min,{:.1f},docs/report_assets/tables/t18_service_variability.md
N2460,28.7,results/s5_service_variability.csv,"{""policy"": ""P2 p70"", ""variability_scale"": ""0.5""}",idle_min_lo,{:.1f},docs/report_assets/tables/t18_service_variability.md
N2461,31.4,results/s5_service_variability.csv,"{""policy"": ""P2 p70"", ""variability_scale"": ""0.5""}",idle_min_hi,{:.1f},docs/report_assets/tables/t18_service_variability.md
N2462,93.8%,results/s5_service_variability.csv,"{""policy"": ""P2 p70"", ""variability_scale"": ""0.5""}",share_sessions_both_attend,{:.1%},docs/report_assets/tables/t18_service_variability.md
N2463,92.3%,results/s5_service_variability.csv,"{""policy"": ""P2 p70"", ""variability_scale"": ""0.5""}",share_sessions_both_attend_lo,{:.1%},docs/report_assets/tables/t18_service_variability.md
N2464,95.3%,results/s5_service_variability.csv,"{""policy"": ""P2 p70"", ""variability_scale"": ""0.5""}",share_sessions_both_attend_hi,{:.1%},docs/report_assets/tables/t18_service_variability.md
N2465,3.1,results/s5_service_variability.csv,"{""policy"": ""P2 p80"", ""variability_scale"": ""0.5""}",service_sd_min,{:.1f},docs/report_assets/tables/t18_service_variability.md
N2466,3.18,results/s5_service_variability.csv,"{""policy"": ""P2 p80"", ""variability_scale"": ""0.5""}",double_slots_mean,{:.2f},docs/report_assets/tables/t18_service_variability.md
N2467,15.30,results/s5_service_variability.csv,"{""policy"": ""P2 p80"", ""variability_scale"": ""0.5""}",patients_served,{:.2f},docs/report_assets/tables/t18_service_variability.md
N2468,15.18,results/s5_service_variability.csv,"{""policy"": ""P2 p80"", ""variability_scale"": ""0.5""}",patients_served_lo,{:.2f},docs/report_assets/tables/t18_service_variability.md
N2469,15.42,results/s5_service_variability.csv,"{""policy"": ""P2 p80"", ""variability_scale"": ""0.5""}",patients_served_hi,{:.2f},docs/report_assets/tables/t18_service_variability.md
N2470,5.7,results/s5_service_variability.csv,"{""policy"": ""P2 p80"", ""variability_scale"": ""0.5""}",mean_wait_min,{:.1f},docs/report_assets/tables/t18_service_variability.md
N2471,5.3,results/s5_service_variability.csv,"{""policy"": ""P2 p80"", ""variability_scale"": ""0.5""}",mean_wait_min_lo,{:.1f},docs/report_assets/tables/t18_service_variability.md
N2472,6.0,results/s5_service_variability.csv,"{""policy"": ""P2 p80"", ""variability_scale"": ""0.5""}",mean_wait_min_hi,{:.1f},docs/report_assets/tables/t18_service_variability.md
N2473,6.9,results/s5_service_variability.csv,"{""policy"": ""P2 p80"", ""variability_scale"": ""0.5""}",overtime_min,{:.1f},docs/report_assets/tables/t18_service_variability.md
N2474,6.3,results/s5_service_variability.csv,"{""policy"": ""P2 p80"", ""variability_scale"": ""0.5""}",overtime_min_lo,{:.1f},docs/report_assets/tables/t18_service_variability.md
N2475,7.5,results/s5_service_variability.csv,"{""policy"": ""P2 p80"", ""variability_scale"": ""0.5""}",overtime_min_hi,{:.1f},docs/report_assets/tables/t18_service_variability.md
N2476,42.0,results/s5_service_variability.csv,"{""policy"": ""P2 p80"", ""variability_scale"": ""0.5""}",idle_min,{:.1f},docs/report_assets/tables/t18_service_variability.md
N2477,40.5,results/s5_service_variability.csv,"{""policy"": ""P2 p80"", ""variability_scale"": ""0.5""}",idle_min_lo,{:.1f},docs/report_assets/tables/t18_service_variability.md
N2478,43.4,results/s5_service_variability.csv,"{""policy"": ""P2 p80"", ""variability_scale"": ""0.5""}",idle_min_hi,{:.1f},docs/report_assets/tables/t18_service_variability.md
N2479,80.7%,results/s5_service_variability.csv,"{""policy"": ""P2 p80"", ""variability_scale"": ""0.5""}",share_sessions_both_attend,{:.1%},docs/report_assets/tables/t18_service_variability.md
N2480,78.2%,results/s5_service_variability.csv,"{""policy"": ""P2 p80"", ""variability_scale"": ""0.5""}",share_sessions_both_attend_lo,{:.1%},docs/report_assets/tables/t18_service_variability.md
N2481,83.2%,results/s5_service_variability.csv,"{""policy"": ""P2 p80"", ""variability_scale"": ""0.5""}",share_sessions_both_attend_hi,{:.1%},docs/report_assets/tables/t18_service_variability.md
N2482,3.1,results/s5_service_variability.csv,"{""policy"": ""P2 p90"", ""variability_scale"": ""0.5""}",service_sd_min,{:.1f},docs/report_assets/tables/t18_service_variability.md
N2483,1.52,results/s5_service_variability.csv,"{""policy"": ""P2 p90"", ""variability_scale"": ""0.5""}",double_slots_mean,{:.2f},docs/report_assets/tables/t18_service_variability.md
N2484,13.99,results/s5_service_variability.csv,"{""policy"": ""P2 p90"", ""variability_scale"": ""0.5""}",patients_served,{:.2f},docs/report_assets/tables/t18_service_variability.md
N2485,13.88,results/s5_service_variability.csv,"{""policy"": ""P2 p90"", ""variability_scale"": ""0.5""}",patients_served_lo,{:.2f},docs/report_assets/tables/t18_service_variability.md
N2486,14.10,results/s5_service_variability.csv,"{""policy"": ""P2 p90"", ""variability_scale"": ""0.5""}",patients_served_hi,{:.2f},docs/report_assets/tables/t18_service_variability.md
N2487,2.8,results/s5_service_variability.csv,"{""policy"": ""P2 p90"", ""variability_scale"": ""0.5""}",mean_wait_min,{:.1f},docs/report_assets/tables/t18_service_variability.md
N2488,2.6,results/s5_service_variability.csv,"{""policy"": ""P2 p90"", ""variability_scale"": ""0.5""}",mean_wait_min_lo,{:.1f},docs/report_assets/tables/t18_service_variability.md
N2489,2.9,results/s5_service_variability.csv,"{""policy"": ""P2 p90"", ""variability_scale"": ""0.5""}",mean_wait_min_hi,{:.1f},docs/report_assets/tables/t18_service_variability.md
N2490,2.9,results/s5_service_variability.csv,"{""policy"": ""P2 p90"", ""variability_scale"": ""0.5""}",overtime_min,{:.1f},docs/report_assets/tables/t18_service_variability.md
N2491,2.5,results/s5_service_variability.csv,"{""policy"": ""P2 p90"", ""variability_scale"": ""0.5""}",overtime_min_lo,{:.1f},docs/report_assets/tables/t18_service_variability.md
N2492,3.2,results/s5_service_variability.csv,"{""policy"": ""P2 p90"", ""variability_scale"": ""0.5""}",overtime_min_hi,{:.1f},docs/report_assets/tables/t18_service_variability.md
N2493,55.4,results/s5_service_variability.csv,"{""policy"": ""P2 p90"", ""variability_scale"": ""0.5""}",idle_min,{:.1f},docs/report_assets/tables/t18_service_variability.md
N2494,53.9,results/s5_service_variability.csv,"{""policy"": ""P2 p90"", ""variability_scale"": ""0.5""}",idle_min_lo,{:.1f},docs/report_assets/tables/t18_service_variability.md
N2495,56.9,results/s5_service_variability.csv,"{""policy"": ""P2 p90"", ""variability_scale"": ""0.5""}",idle_min_hi,{:.1f},docs/report_assets/tables/t18_service_variability.md
N2496,50.9%,results/s5_service_variability.csv,"{""policy"": ""P2 p90"", ""variability_scale"": ""0.5""}",share_sessions_both_attend,{:.1%},docs/report_assets/tables/t18_service_variability.md
N2497,47.8%,results/s5_service_variability.csv,"{""policy"": ""P2 p90"", ""variability_scale"": ""0.5""}",share_sessions_both_attend_lo,{:.1%},docs/report_assets/tables/t18_service_variability.md
N2498,54.0%,results/s5_service_variability.csv,"{""policy"": ""P2 p90"", ""variability_scale"": ""0.5""}",share_sessions_both_attend_hi,{:.1%},docs/report_assets/tables/t18_service_variability.md
N2499,3.1,results/s5_service_variability.csv,"{""policy"": ""P2 p95"", ""variability_scale"": ""0.5""}",service_sd_min,{:.1f},docs/report_assets/tables/t18_service_variability.md
N2500,0.71,results/s5_service_variability.csv,"{""policy"": ""P2 p95"", ""variability_scale"": ""0.5""}",double_slots_mean,{:.2f},docs/report_assets/tables/t18_service_variability.md
N2501,13.33,results/s5_service_variability.csv,"{""policy"": ""P2 p95"", ""variability_scale"": ""0.5""}",patients_served,{:.2f},docs/report_assets/tables/t18_service_variability.md
N2502,13.23,results/s5_service_variability.csv,"{""policy"": ""P2 p95"", ""variability_scale"": ""0.5""}",patients_served_lo,{:.2f},docs/report_assets/tables/t18_service_variability.md
N2503,13.44,results/s5_service_variability.csv,"{""policy"": ""P2 p95"", ""variability_scale"": ""0.5""}",patients_served_hi,{:.2f},docs/report_assets/tables/t18_service_variability.md
N2504,1.6,results/s5_service_variability.csv,"{""policy"": ""P2 p95"", ""variability_scale"": ""0.5""}",mean_wait_min,{:.1f},docs/report_assets/tables/t18_service_variability.md
N2505,1.5,results/s5_service_variability.csv,"{""policy"": ""P2 p95"", ""variability_scale"": ""0.5""}",mean_wait_min_lo,{:.1f},docs/report_assets/tables/t18_service_variability.md
N2506,1.7,results/s5_service_variability.csv,"{""policy"": ""P2 p95"", ""variability_scale"": ""0.5""}",mean_wait_min_hi,{:.1f},docs/report_assets/tables/t18_service_variability.md
N2507,1.8,results/s5_service_variability.csv,"{""policy"": ""P2 p95"", ""variability_scale"": ""0.5""}",overtime_min,{:.1f},docs/report_assets/tables/t18_service_variability.md
N2508,1.6,results/s5_service_variability.csv,"{""policy"": ""P2 p95"", ""variability_scale"": ""0.5""}",overtime_min_lo,{:.1f},docs/report_assets/tables/t18_service_variability.md
N2509,2.0,results/s5_service_variability.csv,"{""policy"": ""P2 p95"", ""variability_scale"": ""0.5""}",overtime_min_hi,{:.1f},docs/report_assets/tables/t18_service_variability.md
N2510,63.1,results/s5_service_variability.csv,"{""policy"": ""P2 p95"", ""variability_scale"": ""0.5""}",idle_min,{:.1f},docs/report_assets/tables/t18_service_variability.md
N2511,61.6,results/s5_service_variability.csv,"{""policy"": ""P2 p95"", ""variability_scale"": ""0.5""}",idle_min_lo,{:.1f},docs/report_assets/tables/t18_service_variability.md
N2512,64.6,results/s5_service_variability.csv,"{""policy"": ""P2 p95"", ""variability_scale"": ""0.5""}",idle_min_hi,{:.1f},docs/report_assets/tables/t18_service_variability.md
N2513,26.2%,results/s5_service_variability.csv,"{""policy"": ""P2 p95"", ""variability_scale"": ""0.5""}",share_sessions_both_attend,{:.1%},docs/report_assets/tables/t18_service_variability.md
N2514,23.5%,results/s5_service_variability.csv,"{""policy"": ""P2 p95"", ""variability_scale"": ""0.5""}",share_sessions_both_attend_lo,{:.1%},docs/report_assets/tables/t18_service_variability.md
N2515,28.9%,results/s5_service_variability.csv,"{""policy"": ""P2 p95"", ""variability_scale"": ""0.5""}",share_sessions_both_attend_hi,{:.1%},docs/report_assets/tables/t18_service_variability.md
N2516,6.1,results/s5_service_variability.csv,"{""policy"": ""P0"", ""variability_scale"": ""1.0""}",service_sd_min,{:.1f},docs/report_assets/tables/t18_service_variability.md
N2517,0.00,results/s5_service_variability.csv,"{""policy"": ""P0"", ""variability_scale"": ""1.0""}",double_slots_mean,{:.2f},docs/report_assets/tables/t18_service_variability.md
N2518,12.75,results/s5_service_variability.csv,"{""policy"": ""P0"", ""variability_scale"": ""1.0""}",patients_served,{:.2f},docs/report_assets/tables/t18_service_variability.md
N2519,12.65,results/s5_service_variability.csv,"{""policy"": ""P0"", ""variability_scale"": ""1.0""}",patients_served_lo,{:.2f},docs/report_assets/tables/t18_service_variability.md
N2520,12.85,results/s5_service_variability.csv,"{""policy"": ""P0"", ""variability_scale"": ""1.0""}",patients_served_hi,{:.2f},docs/report_assets/tables/t18_service_variability.md
N2521,2.9,results/s5_service_variability.csv,"{""policy"": ""P0"", ""variability_scale"": ""1.0""}",mean_wait_min,{:.1f},docs/report_assets/tables/t18_service_variability.md
N2522,2.7,results/s5_service_variability.csv,"{""policy"": ""P0"", ""variability_scale"": ""1.0""}",mean_wait_min_lo,{:.1f},docs/report_assets/tables/t18_service_variability.md
N2523,3.1,results/s5_service_variability.csv,"{""policy"": ""P0"", ""variability_scale"": ""1.0""}",mean_wait_min_hi,{:.1f},docs/report_assets/tables/t18_service_variability.md
N2524,3.7,results/s5_service_variability.csv,"{""policy"": ""P0"", ""variability_scale"": ""1.0""}",overtime_min,{:.1f},docs/report_assets/tables/t18_service_variability.md
N2525,3.2,results/s5_service_variability.csv,"{""policy"": ""P0"", ""variability_scale"": ""1.0""}",overtime_min_lo,{:.1f},docs/report_assets/tables/t18_service_variability.md
N2526,4.1,results/s5_service_variability.csv,"{""policy"": ""P0"", ""variability_scale"": ""1.0""}",overtime_min_hi,{:.1f},docs/report_assets/tables/t18_service_variability.md
N2527,72.1,results/s5_service_variability.csv,"{""policy"": ""P0"", ""variability_scale"": ""1.0""}",idle_min,{:.1f},docs/report_assets/tables/t18_service_variability.md
N2528,70.4,results/s5_service_variability.csv,"{""policy"": ""P0"", ""variability_scale"": ""1.0""}",idle_min_lo,{:.1f},docs/report_assets/tables/t18_service_variability.md
N2529,73.9,results/s5_service_variability.csv,"{""policy"": ""P0"", ""variability_scale"": ""1.0""}",idle_min_hi,{:.1f},docs/report_assets/tables/t18_service_variability.md
N2530,0.0%,results/s5_service_variability.csv,"{""policy"": ""P0"", ""variability_scale"": ""1.0""}",share_sessions_both_attend,{:.1%},docs/report_assets/tables/t18_service_variability.md
N2531,0.0%,results/s5_service_variability.csv,"{""policy"": ""P0"", ""variability_scale"": ""1.0""}",share_sessions_both_attend_lo,{:.1%},docs/report_assets/tables/t18_service_variability.md
N2532,0.0%,results/s5_service_variability.csv,"{""policy"": ""P0"", ""variability_scale"": ""1.0""}",share_sessions_both_attend_hi,{:.1%},docs/report_assets/tables/t18_service_variability.md
N2533,6.1,results/s5_service_variability.csv,"{""policy"": ""P1 k=2"", ""variability_scale"": ""1.0""}",service_sd_min,{:.1f},docs/report_assets/tables/t18_service_variability.md
N2534,8.00,results/s5_service_variability.csv,"{""policy"": ""P1 k=2"", ""variability_scale"": ""1.0""}",double_slots_mean,{:.2f},docs/report_assets/tables/t18_service_variability.md
N2535,19.16,results/s5_service_variability.csv,"{""policy"": ""P1 k=2"", ""variability_scale"": ""1.0""}",patients_served,{:.2f},docs/report_assets/tables/t18_service_variability.md
N2536,19.04,results/s5_service_variability.csv,"{""policy"": ""P1 k=2"", ""variability_scale"": ""1.0""}",patients_served_lo,{:.2f},docs/report_assets/tables/t18_service_variability.md
N2537,19.28,results/s5_service_variability.csv,"{""policy"": ""P1 k=2"", ""variability_scale"": ""1.0""}",patients_served_hi,{:.2f},docs/report_assets/tables/t18_service_variability.md
N2538,21.4,results/s5_service_variability.csv,"{""policy"": ""P1 k=2"", ""variability_scale"": ""1.0""}",mean_wait_min,{:.1f},docs/report_assets/tables/t18_service_variability.md
N2539,20.5,results/s5_service_variability.csv,"{""policy"": ""P1 k=2"", ""variability_scale"": ""1.0""}",mean_wait_min_lo,{:.1f},docs/report_assets/tables/t18_service_variability.md
N2540,22.2,results/s5_service_variability.csv,"{""policy"": ""P1 k=2"", ""variability_scale"": ""1.0""}",mean_wait_min_hi,{:.1f},docs/report_assets/tables/t18_service_variability.md
N2541,37.3,results/s5_service_variability.csv,"{""policy"": ""P1 k=2"", ""variability_scale"": ""1.0""}",overtime_min,{:.1f},docs/report_assets/tables/t18_service_variability.md
N2542,35.6,results/s5_service_variability.csv,"{""policy"": ""P1 k=2"", ""variability_scale"": ""1.0""}",overtime_min_lo,{:.1f},docs/report_assets/tables/t18_service_variability.md
N2543,39.0,results/s5_service_variability.csv,"{""policy"": ""P1 k=2"", ""variability_scale"": ""1.0""}",overtime_min_hi,{:.1f},docs/report_assets/tables/t18_service_variability.md
N2544,19.7,results/s5_service_variability.csv,"{""policy"": ""P1 k=2"", ""variability_scale"": ""1.0""}",idle_min,{:.1f},docs/report_assets/tables/t18_service_variability.md
N2545,18.6,results/s5_service_variability.csv,"{""policy"": ""P1 k=2"", ""variability_scale"": ""1.0""}",idle_min_lo,{:.1f},docs/report_assets/tables/t18_service_variability.md
N2546,20.8,results/s5_service_variability.csv,"{""policy"": ""P1 k=2"", ""variability_scale"": ""1.0""}",idle_min_hi,{:.1f},docs/report_assets/tables/t18_service_variability.md
N2547,100.0%,results/s5_service_variability.csv,"{""policy"": ""P1 k=2"", ""variability_scale"": ""1.0""}",share_sessions_both_attend,{:.1%},docs/report_assets/tables/t18_service_variability.md
N2548,100.0%,results/s5_service_variability.csv,"{""policy"": ""P1 k=2"", ""variability_scale"": ""1.0""}",share_sessions_both_attend_lo,{:.1%},docs/report_assets/tables/t18_service_variability.md
N2549,100.0%,results/s5_service_variability.csv,"{""policy"": ""P1 k=2"", ""variability_scale"": ""1.0""}",share_sessions_both_attend_hi,{:.1%},docs/report_assets/tables/t18_service_variability.md
N2550,6.1,results/s5_service_variability.csv,"{""policy"": ""P1 k=3"", ""variability_scale"": ""1.0""}",service_sd_min,{:.1f},docs/report_assets/tables/t18_service_variability.md
N2551,5.00,results/s5_service_variability.csv,"{""policy"": ""P1 k=3"", ""variability_scale"": ""1.0""}",double_slots_mean,{:.2f},docs/report_assets/tables/t18_service_variability.md
N2552,16.76,results/s5_service_variability.csv,"{""policy"": ""P1 k=3"", ""variability_scale"": ""1.0""}",patients_served,{:.2f},docs/report_assets/tables/t18_service_variability.md
N2553,16.65,results/s5_service_variability.csv,"{""policy"": ""P1 k=3"", ""variability_scale"": ""1.0""}",patients_served_lo,{:.2f},docs/report_assets/tables/t18_service_variability.md
N2554,16.88,results/s5_service_variability.csv,"{""policy"": ""P1 k=3"", ""variability_scale"": ""1.0""}",patients_served_hi,{:.2f},docs/report_assets/tables/t18_service_variability.md
N2555,13.1,results/s5_service_variability.csv,"{""policy"": ""P1 k=3"", ""variability_scale"": ""1.0""}",mean_wait_min,{:.1f},docs/report_assets/tables/t18_service_variability.md
N2556,12.5,results/s5_service_variability.csv,"{""policy"": ""P1 k=3"", ""variability_scale"": ""1.0""}",mean_wait_min_lo,{:.1f},docs/report_assets/tables/t18_service_variability.md
N2557,13.7,results/s5_service_variability.csv,"{""policy"": ""P1 k=3"", ""variability_scale"": ""1.0""}",mean_wait_min_hi,{:.1f},docs/report_assets/tables/t18_service_variability.md
N2558,19.0,results/s5_service_variability.csv,"{""policy"": ""P1 k=3"", ""variability_scale"": ""1.0""}",overtime_min,{:.1f},docs/report_assets/tables/t18_service_variability.md
N2559,17.8,results/s5_service_variability.csv,"{""policy"": ""P1 k=3"", ""variability_scale"": ""1.0""}",overtime_min_lo,{:.1f},docs/report_assets/tables/t18_service_variability.md
N2560,20.2,results/s5_service_variability.csv,"{""policy"": ""P1 k=3"", ""variability_scale"": ""1.0""}",overtime_min_hi,{:.1f},docs/report_assets/tables/t18_service_variability.md
N2561,33.6,results/s5_service_variability.csv,"{""policy"": ""P1 k=3"", ""variability_scale"": ""1.0""}",idle_min,{:.1f},docs/report_assets/tables/t18_service_variability.md
N2562,32.2,results/s5_service_variability.csv,"{""policy"": ""P1 k=3"", ""variability_scale"": ""1.0""}",idle_min_lo,{:.1f},docs/report_assets/tables/t18_service_variability.md
N2563,35.1,results/s5_service_variability.csv,"{""policy"": ""P1 k=3"", ""variability_scale"": ""1.0""}",idle_min_hi,{:.1f},docs/report_assets/tables/t18_service_variability.md
N2564,98.9%,results/s5_service_variability.csv,"{""policy"": ""P1 k=3"", ""variability_scale"": ""1.0""}",share_sessions_both_attend,{:.1%},docs/report_assets/tables/t18_service_variability.md
N2565,98.3%,results/s5_service_variability.csv,"{""policy"": ""P1 k=3"", ""variability_scale"": ""1.0""}",share_sessions_both_attend_lo,{:.1%},docs/report_assets/tables/t18_service_variability.md
N2566,99.5%,results/s5_service_variability.csv,"{""policy"": ""P1 k=3"", ""variability_scale"": ""1.0""}",share_sessions_both_attend_hi,{:.1%},docs/report_assets/tables/t18_service_variability.md
N2567,6.1,results/s5_service_variability.csv,"{""policy"": ""P1 k=4"", ""variability_scale"": ""1.0""}",service_sd_min,{:.1f},docs/report_assets/tables/t18_service_variability.md
N2568,4.00,results/s5_service_variability.csv,"{""policy"": ""P1 k=4"", ""variability_scale"": ""1.0""}",double_slots_mean,{:.2f},docs/report_assets/tables/t18_service_variability.md
N2569,15.96,results/s5_service_variability.csv,"{""policy"": ""P1 k=4"", ""variability_scale"": ""1.0""}",patients_served,{:.2f},docs/report_assets/tables/t18_service_variability.md
N2570,15.85,results/s5_service_variability.csv,"{""policy"": ""P1 k=4"", ""variability_scale"": ""1.0""}",patients_served_lo,{:.2f},docs/report_assets/tables/t18_service_variability.md
N2571,16.08,results/s5_service_variability.csv,"{""policy"": ""P1 k=4"", ""variability_scale"": ""1.0""}",patients_served_hi,{:.2f},docs/report_assets/tables/t18_service_variability.md
N2572,9.9,results/s5_service_variability.csv,"{""policy"": ""P1 k=4"", ""variability_scale"": ""1.0""}",mean_wait_min,{:.1f},docs/report_assets/tables/t18_service_variability.md
N2573,9.4,results/s5_service_variability.csv,"{""policy"": ""P1 k=4"", ""variability_scale"": ""1.0""}",mean_wait_min_lo,{:.1f},docs/report_assets/tables/t18_service_variability.md
N2574,10.4,results/s5_service_variability.csv,"{""policy"": ""P1 k=4"", ""variability_scale"": ""1.0""}",mean_wait_min_hi,{:.1f},docs/report_assets/tables/t18_service_variability.md
N2575,17.3,results/s5_service_variability.csv,"{""policy"": ""P1 k=4"", ""variability_scale"": ""1.0""}",overtime_min,{:.1f},docs/report_assets/tables/t18_service_variability.md
N2576,16.2,results/s5_service_variability.csv,"{""policy"": ""P1 k=4"", ""variability_scale"": ""1.0""}",overtime_min_lo,{:.1f},docs/report_assets/tables/t18_service_variability.md
N2577,18.3,results/s5_service_variability.csv,"{""policy"": ""P1 k=4"", ""variability_scale"": ""1.0""}",overtime_min_hi,{:.1f},docs/report_assets/tables/t18_service_variability.md
N2578,42.7,results/s5_service_variability.csv,"{""policy"": ""P1 k=4"", ""variability_scale"": ""1.0""}",idle_min,{:.1f},docs/report_assets/tables/t18_service_variability.md
N2579,41.2,results/s5_service_variability.csv,"{""policy"": ""P1 k=4"", ""variability_scale"": ""1.0""}",idle_min_lo,{:.1f},docs/report_assets/tables/t18_service_variability.md
N2580,44.2,results/s5_service_variability.csv,"{""policy"": ""P1 k=4"", ""variability_scale"": ""1.0""}",idle_min_hi,{:.1f},docs/report_assets/tables/t18_service_variability.md
N2581,98.6%,results/s5_service_variability.csv,"{""policy"": ""P1 k=4"", ""variability_scale"": ""1.0""}",share_sessions_both_attend,{:.1%},docs/report_assets/tables/t18_service_variability.md
N2582,97.9%,results/s5_service_variability.csv,"{""policy"": ""P1 k=4"", ""variability_scale"": ""1.0""}",share_sessions_both_attend_lo,{:.1%},docs/report_assets/tables/t18_service_variability.md
N2583,99.3%,results/s5_service_variability.csv,"{""policy"": ""P1 k=4"", ""variability_scale"": ""1.0""}",share_sessions_both_attend_hi,{:.1%},docs/report_assets/tables/t18_service_variability.md
N2584,6.1,results/s5_service_variability.csv,"{""policy"": ""P1 k=6"", ""variability_scale"": ""1.0""}",service_sd_min,{:.1f},docs/report_assets/tables/t18_service_variability.md
N2585,2.00,results/s5_service_variability.csv,"{""policy"": ""P1 k=6"", ""variability_scale"": ""1.0""}",double_slots_mean,{:.2f},docs/report_assets/tables/t18_service_variability.md
N2586,14.36,results/s5_service_variability.csv,"{""policy"": ""P1 k=6"", ""variability_scale"": ""1.0""}",patients_served,{:.2f},docs/report_assets/tables/t18_service_variability.md
N2587,14.25,results/s5_service_variability.csv,"{""policy"": ""P1 k=6"", ""variability_scale"": ""1.0""}",patients_served_lo,{:.2f},docs/report_assets/tables/t18_service_variability.md
N2588,14.46,results/s5_service_variability.csv,"{""policy"": ""P1 k=6"", ""variability_scale"": ""1.0""}",patients_served_hi,{:.2f},docs/report_assets/tables/t18_service_variability.md
N2589,6.9,results/s5_service_variability.csv,"{""policy"": ""P1 k=6"", ""variability_scale"": ""1.0""}",mean_wait_min,{:.1f},docs/report_assets/tables/t18_service_variability.md
N2590,6.5,results/s5_service_variability.csv,"{""policy"": ""P1 k=6"", ""variability_scale"": ""1.0""}",mean_wait_min_lo,{:.1f},docs/report_assets/tables/t18_service_variability.md
N2591,7.3,results/s5_service_variability.csv,"{""policy"": ""P1 k=6"", ""variability_scale"": ""1.0""}",mean_wait_min_hi,{:.1f},docs/report_assets/tables/t18_service_variability.md
N2592,6.9,results/s5_service_variability.csv,"{""policy"": ""P1 k=6"", ""variability_scale"": ""1.0""}",overtime_min,{:.1f},docs/report_assets/tables/t18_service_variability.md
N2593,6.2,results/s5_service_variability.csv,"{""policy"": ""P1 k=6"", ""variability_scale"": ""1.0""}",overtime_min_lo,{:.1f},docs/report_assets/tables/t18_service_variability.md
N2594,7.6,results/s5_service_variability.csv,"{""policy"": ""P1 k=6"", ""variability_scale"": ""1.0""}",overtime_min_hi,{:.1f},docs/report_assets/tables/t18_service_variability.md
N2595,53.6,results/s5_service_variability.csv,"{""policy"": ""P1 k=6"", ""variability_scale"": ""1.0""}",idle_min,{:.1f},docs/report_assets/tables/t18_service_variability.md
N2596,52.0,results/s5_service_variability.csv,"{""policy"": ""P1 k=6"", ""variability_scale"": ""1.0""}",idle_min_lo,{:.1f},docs/report_assets/tables/t18_service_variability.md
N2597,55.2,results/s5_service_variability.csv,"{""policy"": ""P1 k=6"", ""variability_scale"": ""1.0""}",idle_min_hi,{:.1f},docs/report_assets/tables/t18_service_variability.md
N2598,86.9%,results/s5_service_variability.csv,"{""policy"": ""P1 k=6"", ""variability_scale"": ""1.0""}",share_sessions_both_attend,{:.1%},docs/report_assets/tables/t18_service_variability.md
N2599,84.8%,results/s5_service_variability.csv,"{""policy"": ""P1 k=6"", ""variability_scale"": ""1.0""}",share_sessions_both_attend_lo,{:.1%},docs/report_assets/tables/t18_service_variability.md
N2600,89.0%,results/s5_service_variability.csv,"{""policy"": ""P1 k=6"", ""variability_scale"": ""1.0""}",share_sessions_both_attend_hi,{:.1%},docs/report_assets/tables/t18_service_variability.md
N2601,6.1,results/s5_service_variability.csv,"{""policy"": ""P2 0.3"", ""variability_scale"": ""1.0""}",service_sd_min,{:.1f},docs/report_assets/tables/t18_service_variability.md
N2602,4.36,results/s5_service_variability.csv,"{""policy"": ""P2 0.3"", ""variability_scale"": ""1.0""}",double_slots_mean,{:.2f},docs/report_assets/tables/t18_service_variability.md
N2603,16.25,results/s5_service_variability.csv,"{""policy"": ""P2 0.3"", ""variability_scale"": ""1.0""}",patients_served,{:.2f},docs/report_assets/tables/t18_service_variability.md
N2604,16.13,results/s5_service_variability.csv,"{""policy"": ""P2 0.3"", ""variability_scale"": ""1.0""}",patients_served_lo,{:.2f},docs/report_assets/tables/t18_service_variability.md
N2605,16.38,results/s5_service_variability.csv,"{""policy"": ""P2 0.3"", ""variability_scale"": ""1.0""}",patients_served_hi,{:.2f},docs/report_assets/tables/t18_service_variability.md
N2606,11.0,results/s5_service_variability.csv,"{""policy"": ""P2 0.3"", ""variability_scale"": ""1.0""}",mean_wait_min,{:.1f},docs/report_assets/tables/t18_service_variability.md
N2607,10.4,results/s5_service_variability.csv,"{""policy"": ""P2 0.3"", ""variability_scale"": ""1.0""}",mean_wait_min_lo,{:.1f},docs/report_assets/tables/t18_service_variability.md
N2608,11.6,results/s5_service_variability.csv,"{""policy"": ""P2 0.3"", ""variability_scale"": ""1.0""}",mean_wait_min_hi,{:.1f},docs/report_assets/tables/t18_service_variability.md
N2609,16.1,results/s5_service_variability.csv,"{""policy"": ""P2 0.3"", ""variability_scale"": ""1.0""}",overtime_min,{:.1f},docs/report_assets/tables/t18_service_variability.md
N2610,14.9,results/s5_service_variability.csv,"{""policy"": ""P2 0.3"", ""variability_scale"": ""1.0""}",overtime_min_lo,{:.1f},docs/report_assets/tables/t18_service_variability.md
N2611,17.3,results/s5_service_variability.csv,"{""policy"": ""P2 0.3"", ""variability_scale"": ""1.0""}",overtime_min_hi,{:.1f},docs/report_assets/tables/t18_service_variability.md
N2612,37.6,results/s5_service_variability.csv,"{""policy"": ""P2 0.3"", ""variability_scale"": ""1.0""}",idle_min,{:.1f},docs/report_assets/tables/t18_service_variability.md
N2613,36.1,results/s5_service_variability.csv,"{""policy"": ""P2 0.3"", ""variability_scale"": ""1.0""}",idle_min_lo,{:.1f},docs/report_assets/tables/t18_service_variability.md
N2614,39.2,results/s5_service_variability.csv,"{""policy"": ""P2 0.3"", ""variability_scale"": ""1.0""}",idle_min_hi,{:.1f},docs/report_assets/tables/t18_service_variability.md
N2615,91.6%,results/s5_service_variability.csv,"{""policy"": ""P2 0.3"", ""variability_scale"": ""1.0""}",share_sessions_both_attend,{:.1%},docs/report_assets/tables/t18_service_variability.md
N2616,89.9%,results/s5_service_variability.csv,"{""policy"": ""P2 0.3"", ""variability_scale"": ""1.0""}",share_sessions_both_attend_lo,{:.1%},docs/report_assets/tables/t18_service_variability.md
N2617,93.3%,results/s5_service_variability.csv,"{""policy"": ""P2 0.3"", ""variability_scale"": ""1.0""}",share_sessions_both_attend_hi,{:.1%},docs/report_assets/tables/t18_service_variability.md
N2618,6.1,results/s5_service_variability.csv,"{""policy"": ""P2 0.5"", ""variability_scale"": ""1.0""}",service_sd_min,{:.1f},docs/report_assets/tables/t18_service_variability.md
N2619,0.07,results/s5_service_variability.csv,"{""policy"": ""P2 0.5"", ""variability_scale"": ""1.0""}",double_slots_mean,{:.2f},docs/report_assets/tables/t18_service_variability.md
N2620,12.80,results/s5_service_variability.csv,"{""policy"": ""P2 0.5"", ""variability_scale"": ""1.0""}",patients_served,{:.2f},docs/report_assets/tables/t18_service_variability.md
N2621,12.70,results/s5_service_variability.csv,"{""policy"": ""P2 0.5"", ""variability_scale"": ""1.0""}",patients_served_lo,{:.2f},docs/report_assets/tables/t18_service_variability.md
N2622,12.90,results/s5_service_variability.csv,"{""policy"": ""P2 0.5"", ""variability_scale"": ""1.0""}",patients_served_hi,{:.2f},docs/report_assets/tables/t18_service_variability.md
N2623,3.0,results/s5_service_variability.csv,"{""policy"": ""P2 0.5"", ""variability_scale"": ""1.0""}",mean_wait_min,{:.1f},docs/report_assets/tables/t18_service_variability.md
N2624,2.7,results/s5_service_variability.csv,"{""policy"": ""P2 0.5"", ""variability_scale"": ""1.0""}",mean_wait_min_lo,{:.1f},docs/report_assets/tables/t18_service_variability.md
N2625,3.2,results/s5_service_variability.csv,"{""policy"": ""P2 0.5"", ""variability_scale"": ""1.0""}",mean_wait_min_hi,{:.1f},docs/report_assets/tables/t18_service_variability.md
N2626,3.7,results/s5_service_variability.csv,"{""policy"": ""P2 0.5"", ""variability_scale"": ""1.0""}",overtime_min,{:.1f},docs/report_assets/tables/t18_service_variability.md
N2627,3.3,results/s5_service_variability.csv,"{""policy"": ""P2 0.5"", ""variability_scale"": ""1.0""}",overtime_min_lo,{:.1f},docs/report_assets/tables/t18_service_variability.md
N2628,4.2,results/s5_service_variability.csv,"{""policy"": ""P2 0.5"", ""variability_scale"": ""1.0""}",overtime_min_hi,{:.1f},docs/report_assets/tables/t18_service_variability.md
N2629,71.5,results/s5_service_variability.csv,"{""policy"": ""P2 0.5"", ""variability_scale"": ""1.0""}",idle_min,{:.1f},docs/report_assets/tables/t18_service_variability.md
N2630,69.7,results/s5_service_variability.csv,"{""policy"": ""P2 0.5"", ""variability_scale"": ""1.0""}",idle_min_lo,{:.1f},docs/report_assets/tables/t18_service_variability.md
N2631,73.2,results/s5_service_variability.csv,"{""policy"": ""P2 0.5"", ""variability_scale"": ""1.0""}",idle_min_hi,{:.1f},docs/report_assets/tables/t18_service_variability.md
N2632,1.2%,results/s5_service_variability.csv,"{""policy"": ""P2 0.5"", ""variability_scale"": ""1.0""}",share_sessions_both_attend,{:.1%},docs/report_assets/tables/t18_service_variability.md
N2633,0.5%,results/s5_service_variability.csv,"{""policy"": ""P2 0.5"", ""variability_scale"": ""1.0""}",share_sessions_both_attend_lo,{:.1%},docs/report_assets/tables/t18_service_variability.md
N2634,1.9%,results/s5_service_variability.csv,"{""policy"": ""P2 0.5"", ""variability_scale"": ""1.0""}",share_sessions_both_attend_hi,{:.1%},docs/report_assets/tables/t18_service_variability.md
N2635,6.1,results/s5_service_variability.csv,"{""policy"": ""P2 p50"", ""variability_scale"": ""1.0""}",service_sd_min,{:.1f},docs/report_assets/tables/t18_service_variability.md
N2636,8.04,results/s5_service_variability.csv,"{""policy"": ""P2 p50"", ""variability_scale"": ""1.0""}",double_slots_mean,{:.2f},docs/report_assets/tables/t18_service_variability.md
N2637,19.17,results/s5_service_variability.csv,"{""policy"": ""P2 p50"", ""variability_scale"": ""1.0""}",patients_served,{:.2f},docs/report_assets/tables/t18_service_variability.md
N2638,19.03,results/s5_service_variability.csv,"{""policy"": ""P2 p50"", ""variability_scale"": ""1.0""}",patients_served_lo,{:.2f},docs/report_assets/tables/t18_service_variability.md
N2639,19.31,results/s5_service_variability.csv,"{""policy"": ""P2 p50"", ""variability_scale"": ""1.0""}",patients_served_hi,{:.2f},docs/report_assets/tables/t18_service_variability.md
N2640,21.7,results/s5_service_variability.csv,"{""policy"": ""P2 p50"", ""variability_scale"": ""1.0""}",mean_wait_min,{:.1f},docs/report_assets/tables/t18_service_variability.md
N2641,20.8,results/s5_service_variability.csv,"{""policy"": ""P2 p50"", ""variability_scale"": ""1.0""}",mean_wait_min_lo,{:.1f},docs/report_assets/tables/t18_service_variability.md
N2642,22.6,results/s5_service_variability.csv,"{""policy"": ""P2 p50"", ""variability_scale"": ""1.0""}",mean_wait_min_hi,{:.1f},docs/report_assets/tables/t18_service_variability.md
N2643,36.4,results/s5_service_variability.csv,"{""policy"": ""P2 p50"", ""variability_scale"": ""1.0""}",overtime_min,{:.1f},docs/report_assets/tables/t18_service_variability.md
N2644,34.5,results/s5_service_variability.csv,"{""policy"": ""P2 p50"", ""variability_scale"": ""1.0""}",overtime_min_lo,{:.1f},docs/report_assets/tables/t18_service_variability.md
N2645,38.2,results/s5_service_variability.csv,"{""policy"": ""P2 p50"", ""variability_scale"": ""1.0""}",overtime_min_hi,{:.1f},docs/report_assets/tables/t18_service_variability.md
N2646,18.6,results/s5_service_variability.csv,"{""policy"": ""P2 p50"", ""variability_scale"": ""1.0""}",idle_min,{:.1f},docs/report_assets/tables/t18_service_variability.md
N2647,17.4,results/s5_service_variability.csv,"{""policy"": ""P2 p50"", ""variability_scale"": ""1.0""}",idle_min_lo,{:.1f},docs/report_assets/tables/t18_service_variability.md
N2648,19.7,results/s5_service_variability.csv,"{""policy"": ""P2 p50"", ""variability_scale"": ""1.0""}",idle_min_hi,{:.1f},docs/report_assets/tables/t18_service_variability.md
N2649,99.2%,results/s5_service_variability.csv,"{""policy"": ""P2 p50"", ""variability_scale"": ""1.0""}",share_sessions_both_attend,{:.1%},docs/report_assets/tables/t18_service_variability.md
N2650,98.6%,results/s5_service_variability.csv,"{""policy"": ""P2 p50"", ""variability_scale"": ""1.0""}",share_sessions_both_attend_lo,{:.1%},docs/report_assets/tables/t18_service_variability.md
N2651,99.8%,results/s5_service_variability.csv,"{""policy"": ""P2 p50"", ""variability_scale"": ""1.0""}",share_sessions_both_attend_hi,{:.1%},docs/report_assets/tables/t18_service_variability.md
N2652,6.1,results/s5_service_variability.csv,"{""policy"": ""P2 p70"", ""variability_scale"": ""1.0""}",service_sd_min,{:.1f},docs/report_assets/tables/t18_service_variability.md
N2653,4.81,results/s5_service_variability.csv,"{""policy"": ""P2 p70"", ""variability_scale"": ""1.0""}",double_slots_mean,{:.2f},docs/report_assets/tables/t18_service_variability.md
N2654,16.61,results/s5_service_variability.csv,"{""policy"": ""P2 p70"", ""variability_scale"": ""1.0""}",patients_served,{:.2f},docs/report_assets/tables/t18_service_variability.md
N2655,16.49,results/s5_service_variability.csv,"{""policy"": ""P2 p70"", ""variability_scale"": ""1.0""}",patients_served_lo,{:.2f},docs/report_assets/tables/t18_service_variability.md
N2656,16.74,results/s5_service_variability.csv,"{""policy"": ""P2 p70"", ""variability_scale"": ""1.0""}",patients_served_hi,{:.2f},docs/report_assets/tables/t18_service_variability.md
N2657,12.1,results/s5_service_variability.csv,"{""policy"": ""P2 p70"", ""variability_scale"": ""1.0""}",mean_wait_min,{:.1f},docs/report_assets/tables/t18_service_variability.md
N2658,11.5,results/s5_service_variability.csv,"{""policy"": ""P2 p70"", ""variability_scale"": ""1.0""}",mean_wait_min_lo,{:.1f},docs/report_assets/tables/t18_service_variability.md
N2659,12.7,results/s5_service_variability.csv,"{""policy"": ""P2 p70"", ""variability_scale"": ""1.0""}",mean_wait_min_hi,{:.1f},docs/report_assets/tables/t18_service_variability.md
N2660,17.9,results/s5_service_variability.csv,"{""policy"": ""P2 p70"", ""variability_scale"": ""1.0""}",overtime_min,{:.1f},docs/report_assets/tables/t18_service_variability.md
N2661,16.7,results/s5_service_variability.csv,"{""policy"": ""P2 p70"", ""variability_scale"": ""1.0""}",overtime_min_lo,{:.1f},docs/report_assets/tables/t18_service_variability.md
N2662,19.2,results/s5_service_variability.csv,"{""policy"": ""P2 p70"", ""variability_scale"": ""1.0""}",overtime_min_hi,{:.1f},docs/report_assets/tables/t18_service_variability.md
N2663,34.5,results/s5_service_variability.csv,"{""policy"": ""P2 p70"", ""variability_scale"": ""1.0""}",idle_min,{:.1f},docs/report_assets/tables/t18_service_variability.md
N2664,32.9,results/s5_service_variability.csv,"{""policy"": ""P2 p70"", ""variability_scale"": ""1.0""}",idle_min_lo,{:.1f},docs/report_assets/tables/t18_service_variability.md
N2665,36.0,results/s5_service_variability.csv,"{""policy"": ""P2 p70"", ""variability_scale"": ""1.0""}",idle_min_hi,{:.1f},docs/report_assets/tables/t18_service_variability.md
N2666,93.8%,results/s5_service_variability.csv,"{""policy"": ""P2 p70"", ""variability_scale"": ""1.0""}",share_sessions_both_attend,{:.1%},docs/report_assets/tables/t18_service_variability.md
N2667,92.3%,results/s5_service_variability.csv,"{""policy"": ""P2 p70"", ""variability_scale"": ""1.0""}",share_sessions_both_attend_lo,{:.1%},docs/report_assets/tables/t18_service_variability.md
N2668,95.3%,results/s5_service_variability.csv,"{""policy"": ""P2 p70"", ""variability_scale"": ""1.0""}",share_sessions_both_attend_hi,{:.1%},docs/report_assets/tables/t18_service_variability.md
N2669,6.1,results/s5_service_variability.csv,"{""policy"": ""P2 p80"", ""variability_scale"": ""1.0""}",service_sd_min,{:.1f},docs/report_assets/tables/t18_service_variability.md
N2670,3.18,results/s5_service_variability.csv,"{""policy"": ""P2 p80"", ""variability_scale"": ""1.0""}",double_slots_mean,{:.2f},docs/report_assets/tables/t18_service_variability.md
N2671,15.30,results/s5_service_variability.csv,"{""policy"": ""P2 p80"", ""variability_scale"": ""1.0""}",patients_served,{:.2f},docs/report_assets/tables/t18_service_variability.md
N2672,15.18,results/s5_service_variability.csv,"{""policy"": ""P2 p80"", ""variability_scale"": ""1.0""}",patients_served_lo,{:.2f},docs/report_assets/tables/t18_service_variability.md
N2673,15.42,results/s5_service_variability.csv,"{""policy"": ""P2 p80"", ""variability_scale"": ""1.0""}",patients_served_hi,{:.2f},docs/report_assets/tables/t18_service_variability.md
N2674,8.4,results/s5_service_variability.csv,"{""policy"": ""P2 p80"", ""variability_scale"": ""1.0""}",mean_wait_min,{:.1f},docs/report_assets/tables/t18_service_variability.md
N2675,7.9,results/s5_service_variability.csv,"{""policy"": ""P2 p80"", ""variability_scale"": ""1.0""}",mean_wait_min_lo,{:.1f},docs/report_assets/tables/t18_service_variability.md
N2676,8.9,results/s5_service_variability.csv,"{""policy"": ""P2 p80"", ""variability_scale"": ""1.0""}",mean_wait_min_hi,{:.1f},docs/report_assets/tables/t18_service_variability.md
N2677,11.4,results/s5_service_variability.csv,"{""policy"": ""P2 p80"", ""variability_scale"": ""1.0""}",overtime_min,{:.1f},docs/report_assets/tables/t18_service_variability.md
N2678,10.5,results/s5_service_variability.csv,"{""policy"": ""P2 p80"", ""variability_scale"": ""1.0""}",overtime_min_lo,{:.1f},docs/report_assets/tables/t18_service_variability.md
N2679,12.4,results/s5_service_variability.csv,"{""policy"": ""P2 p80"", ""variability_scale"": ""1.0""}",overtime_min_hi,{:.1f},docs/report_assets/tables/t18_service_variability.md
N2680,45.8,results/s5_service_variability.csv,"{""policy"": ""P2 p80"", ""variability_scale"": ""1.0""}",idle_min,{:.1f},docs/report_assets/tables/t18_service_variability.md
N2681,44.2,results/s5_service_variability.csv,"{""policy"": ""P2 p80"", ""variability_scale"": ""1.0""}",idle_min_lo,{:.1f},docs/report_assets/tables/t18_service_variability.md
N2682,47.5,results/s5_service_variability.csv,"{""policy"": ""P2 p80"", ""variability_scale"": ""1.0""}",idle_min_hi,{:.1f},docs/report_assets/tables/t18_service_variability.md
N2683,80.7%,results/s5_service_variability.csv,"{""policy"": ""P2 p80"", ""variability_scale"": ""1.0""}",share_sessions_both_attend,{:.1%},docs/report_assets/tables/t18_service_variability.md
N2684,78.2%,results/s5_service_variability.csv,"{""policy"": ""P2 p80"", ""variability_scale"": ""1.0""}",share_sessions_both_attend_lo,{:.1%},docs/report_assets/tables/t18_service_variability.md
N2685,83.2%,results/s5_service_variability.csv,"{""policy"": ""P2 p80"", ""variability_scale"": ""1.0""}",share_sessions_both_attend_hi,{:.1%},docs/report_assets/tables/t18_service_variability.md
N2686,6.1,results/s5_service_variability.csv,"{""policy"": ""P2 p90"", ""variability_scale"": ""1.0""}",service_sd_min,{:.1f},docs/report_assets/tables/t18_service_variability.md
N2687,1.52,results/s5_service_variability.csv,"{""policy"": ""P2 p90"", ""variability_scale"": ""1.0""}",double_slots_mean,{:.2f},docs/report_assets/tables/t18_service_variability.md
N2688,13.99,results/s5_service_variability.csv,"{""policy"": ""P2 p90"", ""variability_scale"": ""1.0""}",patients_served,{:.2f},docs/report_assets/tables/t18_service_variability.md
N2689,13.88,results/s5_service_variability.csv,"{""policy"": ""P2 p90"", ""variability_scale"": ""1.0""}",patients_served_lo,{:.2f},docs/report_assets/tables/t18_service_variability.md
N2690,14.10,results/s5_service_variability.csv,"{""policy"": ""P2 p90"", ""variability_scale"": ""1.0""}",patients_served_hi,{:.2f},docs/report_assets/tables/t18_service_variability.md
N2691,5.2,results/s5_service_variability.csv,"{""policy"": ""P2 p90"", ""variability_scale"": ""1.0""}",mean_wait_min,{:.1f},docs/report_assets/tables/t18_service_variability.md
N2692,4.8,results/s5_service_variability.csv,"{""policy"": ""P2 p90"", ""variability_scale"": ""1.0""}",mean_wait_min_lo,{:.1f},docs/report_assets/tables/t18_service_variability.md
N2693,5.6,results/s5_service_variability.csv,"{""policy"": ""P2 p90"", ""variability_scale"": ""1.0""}",mean_wait_min_hi,{:.1f},docs/report_assets/tables/t18_service_variability.md
N2694,6.6,results/s5_service_variability.csv,"{""policy"": ""P2 p90"", ""variability_scale"": ""1.0""}",overtime_min,{:.1f},docs/report_assets/tables/t18_service_variability.md
N2695,5.9,results/s5_service_variability.csv,"{""policy"": ""P2 p90"", ""variability_scale"": ""1.0""}",overtime_min_lo,{:.1f},docs/report_assets/tables/t18_service_variability.md
N2696,7.2,results/s5_service_variability.csv,"{""policy"": ""P2 p90"", ""variability_scale"": ""1.0""}",overtime_min_hi,{:.1f},docs/report_assets/tables/t18_service_variability.md
N2697,58.5,results/s5_service_variability.csv,"{""policy"": ""P2 p90"", ""variability_scale"": ""1.0""}",idle_min,{:.1f},docs/report_assets/tables/t18_service_variability.md
N2698,56.7,results/s5_service_variability.csv,"{""policy"": ""P2 p90"", ""variability_scale"": ""1.0""}",idle_min_lo,{:.1f},docs/report_assets/tables/t18_service_variability.md
N2699,60.2,results/s5_service_variability.csv,"{""policy"": ""P2 p90"", ""variability_scale"": ""1.0""}",idle_min_hi,{:.1f},docs/report_assets/tables/t18_service_variability.md
N2700,50.9%,results/s5_service_variability.csv,"{""policy"": ""P2 p90"", ""variability_scale"": ""1.0""}",share_sessions_both_attend,{:.1%},docs/report_assets/tables/t18_service_variability.md
N2701,47.8%,results/s5_service_variability.csv,"{""policy"": ""P2 p90"", ""variability_scale"": ""1.0""}",share_sessions_both_attend_lo,{:.1%},docs/report_assets/tables/t18_service_variability.md
N2702,54.0%,results/s5_service_variability.csv,"{""policy"": ""P2 p90"", ""variability_scale"": ""1.0""}",share_sessions_both_attend_hi,{:.1%},docs/report_assets/tables/t18_service_variability.md
N2703,6.1,results/s5_service_variability.csv,"{""policy"": ""P2 p95"", ""variability_scale"": ""1.0""}",service_sd_min,{:.1f},docs/report_assets/tables/t18_service_variability.md
N2704,0.71,results/s5_service_variability.csv,"{""policy"": ""P2 p95"", ""variability_scale"": ""1.0""}",double_slots_mean,{:.2f},docs/report_assets/tables/t18_service_variability.md
N2705,13.33,results/s5_service_variability.csv,"{""policy"": ""P2 p95"", ""variability_scale"": ""1.0""}",patients_served,{:.2f},docs/report_assets/tables/t18_service_variability.md
N2706,13.23,results/s5_service_variability.csv,"{""policy"": ""P2 p95"", ""variability_scale"": ""1.0""}",patients_served_lo,{:.2f},docs/report_assets/tables/t18_service_variability.md
N2707,13.44,results/s5_service_variability.csv,"{""policy"": ""P2 p95"", ""variability_scale"": ""1.0""}",patients_served_hi,{:.2f},docs/report_assets/tables/t18_service_variability.md
N2708,3.9,results/s5_service_variability.csv,"{""policy"": ""P2 p95"", ""variability_scale"": ""1.0""}",mean_wait_min,{:.1f},docs/report_assets/tables/t18_service_variability.md
N2709,3.6,results/s5_service_variability.csv,"{""policy"": ""P2 p95"", ""variability_scale"": ""1.0""}",mean_wait_min_lo,{:.1f},docs/report_assets/tables/t18_service_variability.md
N2710,4.2,results/s5_service_variability.csv,"{""policy"": ""P2 p95"", ""variability_scale"": ""1.0""}",mean_wait_min_hi,{:.1f},docs/report_assets/tables/t18_service_variability.md
N2711,4.9,results/s5_service_variability.csv,"{""policy"": ""P2 p95"", ""variability_scale"": ""1.0""}",overtime_min,{:.1f},docs/report_assets/tables/t18_service_variability.md
N2712,4.4,results/s5_service_variability.csv,"{""policy"": ""P2 p95"", ""variability_scale"": ""1.0""}",overtime_min_lo,{:.1f},docs/report_assets/tables/t18_service_variability.md
N2713,5.4,results/s5_service_variability.csv,"{""policy"": ""P2 p95"", ""variability_scale"": ""1.0""}",overtime_min_hi,{:.1f},docs/report_assets/tables/t18_service_variability.md
N2714,65.6,results/s5_service_variability.csv,"{""policy"": ""P2 p95"", ""variability_scale"": ""1.0""}",idle_min,{:.1f},docs/report_assets/tables/t18_service_variability.md
N2715,63.8,results/s5_service_variability.csv,"{""policy"": ""P2 p95"", ""variability_scale"": ""1.0""}",idle_min_lo,{:.1f},docs/report_assets/tables/t18_service_variability.md
N2716,67.4,results/s5_service_variability.csv,"{""policy"": ""P2 p95"", ""variability_scale"": ""1.0""}",idle_min_hi,{:.1f},docs/report_assets/tables/t18_service_variability.md
N2717,26.2%,results/s5_service_variability.csv,"{""policy"": ""P2 p95"", ""variability_scale"": ""1.0""}",share_sessions_both_attend,{:.1%},docs/report_assets/tables/t18_service_variability.md
N2718,23.5%,results/s5_service_variability.csv,"{""policy"": ""P2 p95"", ""variability_scale"": ""1.0""}",share_sessions_both_attend_lo,{:.1%},docs/report_assets/tables/t18_service_variability.md
N2719,28.9%,results/s5_service_variability.csv,"{""policy"": ""P2 p95"", ""variability_scale"": ""1.0""}",share_sessions_both_attend_hi,{:.1%},docs/report_assets/tables/t18_service_variability.md
N2720,9.2,results/s5_service_variability.csv,"{""policy"": ""P0"", ""variability_scale"": ""1.5""}",service_sd_min,{:.1f},docs/report_assets/tables/t18_service_variability.md
N2721,0.00,results/s5_service_variability.csv,"{""policy"": ""P0"", ""variability_scale"": ""1.5""}",double_slots_mean,{:.2f},docs/report_assets/tables/t18_service_variability.md
N2722,12.75,results/s5_service_variability.csv,"{""policy"": ""P0"", ""variability_scale"": ""1.5""}",patients_served,{:.2f},docs/report_assets/tables/t18_service_variability.md
N2723,12.65,results/s5_service_variability.csv,"{""policy"": ""P0"", ""variability_scale"": ""1.5""}",patients_served_lo,{:.2f},docs/report_assets/tables/t18_service_variability.md
N2724,12.85,results/s5_service_variability.csv,"{""policy"": ""P0"", ""variability_scale"": ""1.5""}",patients_served_hi,{:.2f},docs/report_assets/tables/t18_service_variability.md
N2725,5.6,results/s5_service_variability.csv,"{""policy"": ""P0"", ""variability_scale"": ""1.5""}",mean_wait_min,{:.1f},docs/report_assets/tables/t18_service_variability.md
N2726,5.1,results/s5_service_variability.csv,"{""policy"": ""P0"", ""variability_scale"": ""1.5""}",mean_wait_min_lo,{:.1f},docs/report_assets/tables/t18_service_variability.md
N2727,6.0,results/s5_service_variability.csv,"{""policy"": ""P0"", ""variability_scale"": ""1.5""}",mean_wait_min_hi,{:.1f},docs/report_assets/tables/t18_service_variability.md
N2728,7.7,results/s5_service_variability.csv,"{""policy"": ""P0"", ""variability_scale"": ""1.5""}",overtime_min,{:.1f},docs/report_assets/tables/t18_service_variability.md
N2729,6.8,results/s5_service_variability.csv,"{""policy"": ""P0"", ""variability_scale"": ""1.5""}",overtime_min_lo,{:.1f},docs/report_assets/tables/t18_service_variability.md
N2730,8.5,results/s5_service_variability.csv,"{""policy"": ""P0"", ""variability_scale"": ""1.5""}",overtime_min_hi,{:.1f},docs/report_assets/tables/t18_service_variability.md
N2731,75.5,results/s5_service_variability.csv,"{""policy"": ""P0"", ""variability_scale"": ""1.5""}",idle_min,{:.1f},docs/report_assets/tables/t18_service_variability.md
N2732,73.4,results/s5_service_variability.csv,"{""policy"": ""P0"", ""variability_scale"": ""1.5""}",idle_min_lo,{:.1f},docs/report_assets/tables/t18_service_variability.md
N2733,77.6,results/s5_service_variability.csv,"{""policy"": ""P0"", ""variability_scale"": ""1.5""}",idle_min_hi,{:.1f},docs/report_assets/tables/t18_service_variability.md
N2734,0.0%,results/s5_service_variability.csv,"{""policy"": ""P0"", ""variability_scale"": ""1.5""}",share_sessions_both_attend,{:.1%},docs/report_assets/tables/t18_service_variability.md
N2735,0.0%,results/s5_service_variability.csv,"{""policy"": ""P0"", ""variability_scale"": ""1.5""}",share_sessions_both_attend_lo,{:.1%},docs/report_assets/tables/t18_service_variability.md
N2736,0.0%,results/s5_service_variability.csv,"{""policy"": ""P0"", ""variability_scale"": ""1.5""}",share_sessions_both_attend_hi,{:.1%},docs/report_assets/tables/t18_service_variability.md
N2737,9.2,results/s5_service_variability.csv,"{""policy"": ""P1 k=2"", ""variability_scale"": ""1.5""}",service_sd_min,{:.1f},docs/report_assets/tables/t18_service_variability.md
N2738,8.00,results/s5_service_variability.csv,"{""policy"": ""P1 k=2"", ""variability_scale"": ""1.5""}",double_slots_mean,{:.2f},docs/report_assets/tables/t18_service_variability.md
N2739,19.16,results/s5_service_variability.csv,"{""policy"": ""P1 k=2"", ""variability_scale"": ""1.5""}",patients_served,{:.2f},docs/report_assets/tables/t18_service_variability.md
N2740,19.04,results/s5_service_variability.csv,"{""policy"": ""P1 k=2"", ""variability_scale"": ""1.5""}",patients_served_lo,{:.2f},docs/report_assets/tables/t18_service_variability.md
N2741,19.28,results/s5_service_variability.csv,"{""policy"": ""P1 k=2"", ""variability_scale"": ""1.5""}",patients_served_hi,{:.2f},docs/report_assets/tables/t18_service_variability.md
N2742,25.0,results/s5_service_variability.csv,"{""policy"": ""P1 k=2"", ""variability_scale"": ""1.5""}",mean_wait_min,{:.1f},docs/report_assets/tables/t18_service_variability.md
N2743,23.8,results/s5_service_variability.csv,"{""policy"": ""P1 k=2"", ""variability_scale"": ""1.5""}",mean_wait_min_lo,{:.1f},docs/report_assets/tables/t18_service_variability.md
N2744,26.1,results/s5_service_variability.csv,"{""policy"": ""P1 k=2"", ""variability_scale"": ""1.5""}",mean_wait_min_hi,{:.1f},docs/report_assets/tables/t18_service_variability.md
N2745,43.5,results/s5_service_variability.csv,"{""policy"": ""P1 k=2"", ""variability_scale"": ""1.5""}",overtime_min,{:.1f},docs/report_assets/tables/t18_service_variability.md
N2746,41.3,results/s5_service_variability.csv,"{""policy"": ""P1 k=2"", ""variability_scale"": ""1.5""}",overtime_min_lo,{:.1f},docs/report_assets/tables/t18_service_variability.md
N2747,45.7,results/s5_service_variability.csv,"{""policy"": ""P1 k=2"", ""variability_scale"": ""1.5""}",overtime_min_hi,{:.1f},docs/report_assets/tables/t18_service_variability.md
N2748,25.0,results/s5_service_variability.csv,"{""policy"": ""P1 k=2"", ""variability_scale"": ""1.5""}",idle_min,{:.1f},docs/report_assets/tables/t18_service_variability.md
N2749,23.7,results/s5_service_variability.csv,"{""policy"": ""P1 k=2"", ""variability_scale"": ""1.5""}",idle_min_lo,{:.1f},docs/report_assets/tables/t18_service_variability.md
N2750,26.3,results/s5_service_variability.csv,"{""policy"": ""P1 k=2"", ""variability_scale"": ""1.5""}",idle_min_hi,{:.1f},docs/report_assets/tables/t18_service_variability.md
N2751,100.0%,results/s5_service_variability.csv,"{""policy"": ""P1 k=2"", ""variability_scale"": ""1.5""}",share_sessions_both_attend,{:.1%},docs/report_assets/tables/t18_service_variability.md
N2752,100.0%,results/s5_service_variability.csv,"{""policy"": ""P1 k=2"", ""variability_scale"": ""1.5""}",share_sessions_both_attend_lo,{:.1%},docs/report_assets/tables/t18_service_variability.md
N2753,100.0%,results/s5_service_variability.csv,"{""policy"": ""P1 k=2"", ""variability_scale"": ""1.5""}",share_sessions_both_attend_hi,{:.1%},docs/report_assets/tables/t18_service_variability.md
N2754,9.2,results/s5_service_variability.csv,"{""policy"": ""P1 k=3"", ""variability_scale"": ""1.5""}",service_sd_min,{:.1f},docs/report_assets/tables/t18_service_variability.md
N2755,5.00,results/s5_service_variability.csv,"{""policy"": ""P1 k=3"", ""variability_scale"": ""1.5""}",double_slots_mean,{:.2f},docs/report_assets/tables/t18_service_variability.md
N2756,16.76,results/s5_service_variability.csv,"{""policy"": ""P1 k=3"", ""variability_scale"": ""1.5""}",patients_served,{:.2f},docs/report_assets/tables/t18_service_variability.md
N2757,16.65,results/s5_service_variability.csv,"{""policy"": ""P1 k=3"", ""variability_scale"": ""1.5""}",patients_served_lo,{:.2f},docs/report_assets/tables/t18_service_variability.md
N2758,16.88,results/s5_service_variability.csv,"{""policy"": ""P1 k=3"", ""variability_scale"": ""1.5""}",patients_served_hi,{:.2f},docs/report_assets/tables/t18_service_variability.md
N2759,16.8,results/s5_service_variability.csv,"{""policy"": ""P1 k=3"", ""variability_scale"": ""1.5""}",mean_wait_min,{:.1f},docs/report_assets/tables/t18_service_variability.md
N2760,15.9,results/s5_service_variability.csv,"{""policy"": ""P1 k=3"", ""variability_scale"": ""1.5""}",mean_wait_min_lo,{:.1f},docs/report_assets/tables/t18_service_variability.md
N2761,17.6,results/s5_service_variability.csv,"{""policy"": ""P1 k=3"", ""variability_scale"": ""1.5""}",mean_wait_min_hi,{:.1f},docs/report_assets/tables/t18_service_variability.md
N2762,25.3,results/s5_service_variability.csv,"{""policy"": ""P1 k=3"", ""variability_scale"": ""1.5""}",overtime_min,{:.1f},docs/report_assets/tables/t18_service_variability.md
N2763,23.6,results/s5_service_variability.csv,"{""policy"": ""P1 k=3"", ""variability_scale"": ""1.5""}",overtime_min_lo,{:.1f},docs/report_assets/tables/t18_service_variability.md
N2764,27.0,results/s5_service_variability.csv,"{""policy"": ""P1 k=3"", ""variability_scale"": ""1.5""}",overtime_min_hi,{:.1f},docs/report_assets/tables/t18_service_variability.md
N2765,39.3,results/s5_service_variability.csv,"{""policy"": ""P1 k=3"", ""variability_scale"": ""1.5""}",idle_min,{:.1f},docs/report_assets/tables/t18_service_variability.md
N2766,37.6,results/s5_service_variability.csv,"{""policy"": ""P1 k=3"", ""variability_scale"": ""1.5""}",idle_min_lo,{:.1f},docs/report_assets/tables/t18_service_variability.md
N2767,40.9,results/s5_service_variability.csv,"{""policy"": ""P1 k=3"", ""variability_scale"": ""1.5""}",idle_min_hi,{:.1f},docs/report_assets/tables/t18_service_variability.md
N2768,98.9%,results/s5_service_variability.csv,"{""policy"": ""P1 k=3"", ""variability_scale"": ""1.5""}",share_sessions_both_attend,{:.1%},docs/report_assets/tables/t18_service_variability.md
N2769,98.3%,results/s5_service_variability.csv,"{""policy"": ""P1 k=3"", ""variability_scale"": ""1.5""}",share_sessions_both_attend_lo,{:.1%},docs/report_assets/tables/t18_service_variability.md
N2770,99.5%,results/s5_service_variability.csv,"{""policy"": ""P1 k=3"", ""variability_scale"": ""1.5""}",share_sessions_both_attend_hi,{:.1%},docs/report_assets/tables/t18_service_variability.md
N2771,9.2,results/s5_service_variability.csv,"{""policy"": ""P1 k=4"", ""variability_scale"": ""1.5""}",service_sd_min,{:.1f},docs/report_assets/tables/t18_service_variability.md
N2772,4.00,results/s5_service_variability.csv,"{""policy"": ""P1 k=4"", ""variability_scale"": ""1.5""}",double_slots_mean,{:.2f},docs/report_assets/tables/t18_service_variability.md
N2773,15.96,results/s5_service_variability.csv,"{""policy"": ""P1 k=4"", ""variability_scale"": ""1.5""}",patients_served,{:.2f},docs/report_assets/tables/t18_service_variability.md
N2774,15.85,results/s5_service_variability.csv,"{""policy"": ""P1 k=4"", ""variability_scale"": ""1.5""}",patients_served_lo,{:.2f},docs/report_assets/tables/t18_service_variability.md
N2775,16.08,results/s5_service_variability.csv,"{""policy"": ""P1 k=4"", ""variability_scale"": ""1.5""}",patients_served_hi,{:.2f},docs/report_assets/tables/t18_service_variability.md
N2776,13.4,results/s5_service_variability.csv,"{""policy"": ""P1 k=4"", ""variability_scale"": ""1.5""}",mean_wait_min,{:.1f},docs/report_assets/tables/t18_service_variability.md
N2777,12.6,results/s5_service_variability.csv,"{""policy"": ""P1 k=4"", ""variability_scale"": ""1.5""}",mean_wait_min_lo,{:.1f},docs/report_assets/tables/t18_service_variability.md
N2778,14.2,results/s5_service_variability.csv,"{""policy"": ""P1 k=4"", ""variability_scale"": ""1.5""}",mean_wait_min_hi,{:.1f},docs/report_assets/tables/t18_service_variability.md
N2779,23.1,results/s5_service_variability.csv,"{""policy"": ""P1 k=4"", ""variability_scale"": ""1.5""}",overtime_min,{:.1f},docs/report_assets/tables/t18_service_variability.md
N2780,21.6,results/s5_service_variability.csv,"{""policy"": ""P1 k=4"", ""variability_scale"": ""1.5""}",overtime_min_lo,{:.1f},docs/report_assets/tables/t18_service_variability.md
N2781,24.6,results/s5_service_variability.csv,"{""policy"": ""P1 k=4"", ""variability_scale"": ""1.5""}",overtime_min_hi,{:.1f},docs/report_assets/tables/t18_service_variability.md
N2782,47.9,results/s5_service_variability.csv,"{""policy"": ""P1 k=4"", ""variability_scale"": ""1.5""}",idle_min,{:.1f},docs/report_assets/tables/t18_service_variability.md
N2783,46.1,results/s5_service_variability.csv,"{""policy"": ""P1 k=4"", ""variability_scale"": ""1.5""}",idle_min_lo,{:.1f},docs/report_assets/tables/t18_service_variability.md
N2784,49.7,results/s5_service_variability.csv,"{""policy"": ""P1 k=4"", ""variability_scale"": ""1.5""}",idle_min_hi,{:.1f},docs/report_assets/tables/t18_service_variability.md
N2785,98.6%,results/s5_service_variability.csv,"{""policy"": ""P1 k=4"", ""variability_scale"": ""1.5""}",share_sessions_both_attend,{:.1%},docs/report_assets/tables/t18_service_variability.md
N2786,97.9%,results/s5_service_variability.csv,"{""policy"": ""P1 k=4"", ""variability_scale"": ""1.5""}",share_sessions_both_attend_lo,{:.1%},docs/report_assets/tables/t18_service_variability.md
N2787,99.3%,results/s5_service_variability.csv,"{""policy"": ""P1 k=4"", ""variability_scale"": ""1.5""}",share_sessions_both_attend_hi,{:.1%},docs/report_assets/tables/t18_service_variability.md
N2788,9.2,results/s5_service_variability.csv,"{""policy"": ""P1 k=6"", ""variability_scale"": ""1.5""}",service_sd_min,{:.1f},docs/report_assets/tables/t18_service_variability.md
N2789,2.00,results/s5_service_variability.csv,"{""policy"": ""P1 k=6"", ""variability_scale"": ""1.5""}",double_slots_mean,{:.2f},docs/report_assets/tables/t18_service_variability.md
N2790,14.36,results/s5_service_variability.csv,"{""policy"": ""P1 k=6"", ""variability_scale"": ""1.5""}",patients_served,{:.2f},docs/report_assets/tables/t18_service_variability.md
N2791,14.25,results/s5_service_variability.csv,"{""policy"": ""P1 k=6"", ""variability_scale"": ""1.5""}",patients_served_lo,{:.2f},docs/report_assets/tables/t18_service_variability.md
N2792,14.46,results/s5_service_variability.csv,"{""policy"": ""P1 k=6"", ""variability_scale"": ""1.5""}",patients_served_hi,{:.2f},docs/report_assets/tables/t18_service_variability.md
N2793,10.0,results/s5_service_variability.csv,"{""policy"": ""P1 k=6"", ""variability_scale"": ""1.5""}",mean_wait_min,{:.1f},docs/report_assets/tables/t18_service_variability.md
N2794,9.4,results/s5_service_variability.csv,"{""policy"": ""P1 k=6"", ""variability_scale"": ""1.5""}",mean_wait_min_lo,{:.1f},docs/report_assets/tables/t18_service_variability.md
N2795,10.7,results/s5_service_variability.csv,"{""policy"": ""P1 k=6"", ""variability_scale"": ""1.5""}",mean_wait_min_hi,{:.1f},docs/report_assets/tables/t18_service_variability.md
N2796,12.3,results/s5_service_variability.csv,"{""policy"": ""P1 k=6"", ""variability_scale"": ""1.5""}",overtime_min,{:.1f},docs/report_assets/tables/t18_service_variability.md
N2797,11.1,results/s5_service_variability.csv,"{""policy"": ""P1 k=6"", ""variability_scale"": ""1.5""}",overtime_min_lo,{:.1f},docs/report_assets/tables/t18_service_variability.md
N2798,13.4,results/s5_service_variability.csv,"{""policy"": ""P1 k=6"", ""variability_scale"": ""1.5""}",overtime_min_hi,{:.1f},docs/report_assets/tables/t18_service_variability.md
N2799,58.2,results/s5_service_variability.csv,"{""policy"": ""P1 k=6"", ""variability_scale"": ""1.5""}",idle_min,{:.1f},docs/report_assets/tables/t18_service_variability.md
N2800,56.4,results/s5_service_variability.csv,"{""policy"": ""P1 k=6"", ""variability_scale"": ""1.5""}",idle_min_lo,{:.1f},docs/report_assets/tables/t18_service_variability.md
N2801,60.1,results/s5_service_variability.csv,"{""policy"": ""P1 k=6"", ""variability_scale"": ""1.5""}",idle_min_hi,{:.1f},docs/report_assets/tables/t18_service_variability.md
N2802,86.9%,results/s5_service_variability.csv,"{""policy"": ""P1 k=6"", ""variability_scale"": ""1.5""}",share_sessions_both_attend,{:.1%},docs/report_assets/tables/t18_service_variability.md
N2803,84.8%,results/s5_service_variability.csv,"{""policy"": ""P1 k=6"", ""variability_scale"": ""1.5""}",share_sessions_both_attend_lo,{:.1%},docs/report_assets/tables/t18_service_variability.md
N2804,89.0%,results/s5_service_variability.csv,"{""policy"": ""P1 k=6"", ""variability_scale"": ""1.5""}",share_sessions_both_attend_hi,{:.1%},docs/report_assets/tables/t18_service_variability.md
N2805,9.2,results/s5_service_variability.csv,"{""policy"": ""P2 0.3"", ""variability_scale"": ""1.5""}",service_sd_min,{:.1f},docs/report_assets/tables/t18_service_variability.md
N2806,4.36,results/s5_service_variability.csv,"{""policy"": ""P2 0.3"", ""variability_scale"": ""1.5""}",double_slots_mean,{:.2f},docs/report_assets/tables/t18_service_variability.md
N2807,16.25,results/s5_service_variability.csv,"{""policy"": ""P2 0.3"", ""variability_scale"": ""1.5""}",patients_served,{:.2f},docs/report_assets/tables/t18_service_variability.md
N2808,16.13,results/s5_service_variability.csv,"{""policy"": ""P2 0.3"", ""variability_scale"": ""1.5""}",patients_served_lo,{:.2f},docs/report_assets/tables/t18_service_variability.md
N2809,16.38,results/s5_service_variability.csv,"{""policy"": ""P2 0.3"", ""variability_scale"": ""1.5""}",patients_served_hi,{:.2f},docs/report_assets/tables/t18_service_variability.md
N2810,14.5,results/s5_service_variability.csv,"{""policy"": ""P2 0.3"", ""variability_scale"": ""1.5""}",mean_wait_min,{:.1f},docs/report_assets/tables/t18_service_variability.md
N2811,13.6,results/s5_service_variability.csv,"{""policy"": ""P2 0.3"", ""variability_scale"": ""1.5""}",mean_wait_min_lo,{:.1f},docs/report_assets/tables/t18_service_variability.md
N2812,15.3,results/s5_service_variability.csv,"{""policy"": ""P2 0.3"", ""variability_scale"": ""1.5""}",mean_wait_min_hi,{:.1f},docs/report_assets/tables/t18_service_variability.md
N2813,22.1,results/s5_service_variability.csv,"{""policy"": ""P2 0.3"", ""variability_scale"": ""1.5""}",overtime_min,{:.1f},docs/report_assets/tables/t18_service_variability.md
N2814,20.5,results/s5_service_variability.csv,"{""policy"": ""P2 0.3"", ""variability_scale"": ""1.5""}",overtime_min_lo,{:.1f},docs/report_assets/tables/t18_service_variability.md
N2815,23.8,results/s5_service_variability.csv,"{""policy"": ""P2 0.3"", ""variability_scale"": ""1.5""}",overtime_min_hi,{:.1f},docs/report_assets/tables/t18_service_variability.md
N2816,43.0,results/s5_service_variability.csv,"{""policy"": ""P2 0.3"", ""variability_scale"": ""1.5""}",idle_min,{:.1f},docs/report_assets/tables/t18_service_variability.md
N2817,41.2,results/s5_service_variability.csv,"{""policy"": ""P2 0.3"", ""variability_scale"": ""1.5""}",idle_min_lo,{:.1f},docs/report_assets/tables/t18_service_variability.md
N2818,44.8,results/s5_service_variability.csv,"{""policy"": ""P2 0.3"", ""variability_scale"": ""1.5""}",idle_min_hi,{:.1f},docs/report_assets/tables/t18_service_variability.md
N2819,91.6%,results/s5_service_variability.csv,"{""policy"": ""P2 0.3"", ""variability_scale"": ""1.5""}",share_sessions_both_attend,{:.1%},docs/report_assets/tables/t18_service_variability.md
N2820,89.9%,results/s5_service_variability.csv,"{""policy"": ""P2 0.3"", ""variability_scale"": ""1.5""}",share_sessions_both_attend_lo,{:.1%},docs/report_assets/tables/t18_service_variability.md
N2821,93.3%,results/s5_service_variability.csv,"{""policy"": ""P2 0.3"", ""variability_scale"": ""1.5""}",share_sessions_both_attend_hi,{:.1%},docs/report_assets/tables/t18_service_variability.md
N2822,9.2,results/s5_service_variability.csv,"{""policy"": ""P2 0.5"", ""variability_scale"": ""1.5""}",service_sd_min,{:.1f},docs/report_assets/tables/t18_service_variability.md
N2823,0.07,results/s5_service_variability.csv,"{""policy"": ""P2 0.5"", ""variability_scale"": ""1.5""}",double_slots_mean,{:.2f},docs/report_assets/tables/t18_service_variability.md
N2824,12.80,results/s5_service_variability.csv,"{""policy"": ""P2 0.5"", ""variability_scale"": ""1.5""}",patients_served,{:.2f},docs/report_assets/tables/t18_service_variability.md
N2825,12.70,results/s5_service_variability.csv,"{""policy"": ""P2 0.5"", ""variability_scale"": ""1.5""}",patients_served_lo,{:.2f},docs/report_assets/tables/t18_service_variability.md
N2826,12.90,results/s5_service_variability.csv,"{""policy"": ""P2 0.5"", ""variability_scale"": ""1.5""}",patients_served_hi,{:.2f},docs/report_assets/tables/t18_service_variability.md
N2827,5.6,results/s5_service_variability.csv,"{""policy"": ""P2 0.5"", ""variability_scale"": ""1.5""}",mean_wait_min,{:.1f},docs/report_assets/tables/t18_service_variability.md
N2828,5.2,results/s5_service_variability.csv,"{""policy"": ""P2 0.5"", ""variability_scale"": ""1.5""}",mean_wait_min_lo,{:.1f},docs/report_assets/tables/t18_service_variability.md
N2829,6.1,results/s5_service_variability.csv,"{""policy"": ""P2 0.5"", ""variability_scale"": ""1.5""}",mean_wait_min_hi,{:.1f},docs/report_assets/tables/t18_service_variability.md
N2830,7.8,results/s5_service_variability.csv,"{""policy"": ""P2 0.5"", ""variability_scale"": ""1.5""}",overtime_min,{:.1f},docs/report_assets/tables/t18_service_variability.md
N2831,6.9,results/s5_service_variability.csv,"{""policy"": ""P2 0.5"", ""variability_scale"": ""1.5""}",overtime_min_lo,{:.1f},docs/report_assets/tables/t18_service_variability.md
N2832,8.6,results/s5_service_variability.csv,"{""policy"": ""P2 0.5"", ""variability_scale"": ""1.5""}",overtime_min_hi,{:.1f},docs/report_assets/tables/t18_service_variability.md
N2833,74.9,results/s5_service_variability.csv,"{""policy"": ""P2 0.5"", ""variability_scale"": ""1.5""}",idle_min,{:.1f},docs/report_assets/tables/t18_service_variability.md
N2834,72.8,results/s5_service_variability.csv,"{""policy"": ""P2 0.5"", ""variability_scale"": ""1.5""}",idle_min_lo,{:.1f},docs/report_assets/tables/t18_service_variability.md
N2835,76.9,results/s5_service_variability.csv,"{""policy"": ""P2 0.5"", ""variability_scale"": ""1.5""}",idle_min_hi,{:.1f},docs/report_assets/tables/t18_service_variability.md
N2836,1.2%,results/s5_service_variability.csv,"{""policy"": ""P2 0.5"", ""variability_scale"": ""1.5""}",share_sessions_both_attend,{:.1%},docs/report_assets/tables/t18_service_variability.md
N2837,0.5%,results/s5_service_variability.csv,"{""policy"": ""P2 0.5"", ""variability_scale"": ""1.5""}",share_sessions_both_attend_lo,{:.1%},docs/report_assets/tables/t18_service_variability.md
N2838,1.9%,results/s5_service_variability.csv,"{""policy"": ""P2 0.5"", ""variability_scale"": ""1.5""}",share_sessions_both_attend_hi,{:.1%},docs/report_assets/tables/t18_service_variability.md
N2839,9.2,results/s5_service_variability.csv,"{""policy"": ""P2 p50"", ""variability_scale"": ""1.5""}",service_sd_min,{:.1f},docs/report_assets/tables/t18_service_variability.md
N2840,8.04,results/s5_service_variability.csv,"{""policy"": ""P2 p50"", ""variability_scale"": ""1.5""}",double_slots_mean,{:.2f},docs/report_assets/tables/t18_service_variability.md
N2841,19.17,results/s5_service_variability.csv,"{""policy"": ""P2 p50"", ""variability_scale"": ""1.5""}",patients_served,{:.2f},docs/report_assets/tables/t18_service_variability.md
N2842,19.03,results/s5_service_variability.csv,"{""policy"": ""P2 p50"", ""variability_scale"": ""1.5""}",patients_served_lo,{:.2f},docs/report_assets/tables/t18_service_variability.md
N2843,19.31,results/s5_service_variability.csv,"{""policy"": ""P2 p50"", ""variability_scale"": ""1.5""}",patients_served_hi,{:.2f},docs/report_assets/tables/t18_service_variability.md
N2844,25.2,results/s5_service_variability.csv,"{""policy"": ""P2 p50"", ""variability_scale"": ""1.5""}",mean_wait_min,{:.1f},docs/report_assets/tables/t18_service_variability.md
N2845,24.0,results/s5_service_variability.csv,"{""policy"": ""P2 p50"", ""variability_scale"": ""1.5""}",mean_wait_min_lo,{:.1f},docs/report_assets/tables/t18_service_variability.md
N2846,26.4,results/s5_service_variability.csv,"{""policy"": ""P2 p50"", ""variability_scale"": ""1.5""}",mean_wait_min_hi,{:.1f},docs/report_assets/tables/t18_service_variability.md
N2847,42.6,results/s5_service_variability.csv,"{""policy"": ""P2 p50"", ""variability_scale"": ""1.5""}",overtime_min,{:.1f},docs/report_assets/tables/t18_service_variability.md
N2848,40.3,results/s5_service_variability.csv,"{""policy"": ""P2 p50"", ""variability_scale"": ""1.5""}",overtime_min_lo,{:.1f},docs/report_assets/tables/t18_service_variability.md
N2849,44.9,results/s5_service_variability.csv,"{""policy"": ""P2 p50"", ""variability_scale"": ""1.5""}",overtime_min_hi,{:.1f},docs/report_assets/tables/t18_service_variability.md
N2850,23.9,results/s5_service_variability.csv,"{""policy"": ""P2 p50"", ""variability_scale"": ""1.5""}",idle_min,{:.1f},docs/report_assets/tables/t18_service_variability.md
N2851,22.6,results/s5_service_variability.csv,"{""policy"": ""P2 p50"", ""variability_scale"": ""1.5""}",idle_min_lo,{:.1f},docs/report_assets/tables/t18_service_variability.md
N2852,25.3,results/s5_service_variability.csv,"{""policy"": ""P2 p50"", ""variability_scale"": ""1.5""}",idle_min_hi,{:.1f},docs/report_assets/tables/t18_service_variability.md
N2853,99.2%,results/s5_service_variability.csv,"{""policy"": ""P2 p50"", ""variability_scale"": ""1.5""}",share_sessions_both_attend,{:.1%},docs/report_assets/tables/t18_service_variability.md
N2854,98.6%,results/s5_service_variability.csv,"{""policy"": ""P2 p50"", ""variability_scale"": ""1.5""}",share_sessions_both_attend_lo,{:.1%},docs/report_assets/tables/t18_service_variability.md
N2855,99.8%,results/s5_service_variability.csv,"{""policy"": ""P2 p50"", ""variability_scale"": ""1.5""}",share_sessions_both_attend_hi,{:.1%},docs/report_assets/tables/t18_service_variability.md
N2856,9.2,results/s5_service_variability.csv,"{""policy"": ""P2 p70"", ""variability_scale"": ""1.5""}",service_sd_min,{:.1f},docs/report_assets/tables/t18_service_variability.md
N2857,4.81,results/s5_service_variability.csv,"{""policy"": ""P2 p70"", ""variability_scale"": ""1.5""}",double_slots_mean,{:.2f},docs/report_assets/tables/t18_service_variability.md
N2858,16.61,results/s5_service_variability.csv,"{""policy"": ""P2 p70"", ""variability_scale"": ""1.5""}",patients_served,{:.2f},docs/report_assets/tables/t18_service_variability.md
N2859,16.49,results/s5_service_variability.csv,"{""policy"": ""P2 p70"", ""variability_scale"": ""1.5""}",patients_served_lo,{:.2f},docs/report_assets/tables/t18_service_variability.md
N2860,16.74,results/s5_service_variability.csv,"{""policy"": ""P2 p70"", ""variability_scale"": ""1.5""}",patients_served_hi,{:.2f},docs/report_assets/tables/t18_service_variability.md
N2861,15.6,results/s5_service_variability.csv,"{""policy"": ""P2 p70"", ""variability_scale"": ""1.5""}",mean_wait_min,{:.1f},docs/report_assets/tables/t18_service_variability.md
N2862,14.7,results/s5_service_variability.csv,"{""policy"": ""P2 p70"", ""variability_scale"": ""1.5""}",mean_wait_min_lo,{:.1f},docs/report_assets/tables/t18_service_variability.md
N2863,16.5,results/s5_service_variability.csv,"{""policy"": ""P2 p70"", ""variability_scale"": ""1.5""}",mean_wait_min_hi,{:.1f},docs/report_assets/tables/t18_service_variability.md
N2864,24.0,results/s5_service_variability.csv,"{""policy"": ""P2 p70"", ""variability_scale"": ""1.5""}",overtime_min,{:.1f},docs/report_assets/tables/t18_service_variability.md
N2865,22.3,results/s5_service_variability.csv,"{""policy"": ""P2 p70"", ""variability_scale"": ""1.5""}",overtime_min_lo,{:.1f},docs/report_assets/tables/t18_service_variability.md
N2866,25.7,results/s5_service_variability.csv,"{""policy"": ""P2 p70"", ""variability_scale"": ""1.5""}",overtime_min_hi,{:.1f},docs/report_assets/tables/t18_service_variability.md
N2867,39.9,results/s5_service_variability.csv,"{""policy"": ""P2 p70"", ""variability_scale"": ""1.5""}",idle_min,{:.1f},docs/report_assets/tables/t18_service_variability.md
N2868,38.1,results/s5_service_variability.csv,"{""policy"": ""P2 p70"", ""variability_scale"": ""1.5""}",idle_min_lo,{:.1f},docs/report_assets/tables/t18_service_variability.md
N2869,41.6,results/s5_service_variability.csv,"{""policy"": ""P2 p70"", ""variability_scale"": ""1.5""}",idle_min_hi,{:.1f},docs/report_assets/tables/t18_service_variability.md
N2870,93.8%,results/s5_service_variability.csv,"{""policy"": ""P2 p70"", ""variability_scale"": ""1.5""}",share_sessions_both_attend,{:.1%},docs/report_assets/tables/t18_service_variability.md
N2871,92.3%,results/s5_service_variability.csv,"{""policy"": ""P2 p70"", ""variability_scale"": ""1.5""}",share_sessions_both_attend_lo,{:.1%},docs/report_assets/tables/t18_service_variability.md
N2872,95.3%,results/s5_service_variability.csv,"{""policy"": ""P2 p70"", ""variability_scale"": ""1.5""}",share_sessions_both_attend_hi,{:.1%},docs/report_assets/tables/t18_service_variability.md
N2873,9.2,results/s5_service_variability.csv,"{""policy"": ""P2 p80"", ""variability_scale"": ""1.5""}",service_sd_min,{:.1f},docs/report_assets/tables/t18_service_variability.md
N2874,3.18,results/s5_service_variability.csv,"{""policy"": ""P2 p80"", ""variability_scale"": ""1.5""}",double_slots_mean,{:.2f},docs/report_assets/tables/t18_service_variability.md
N2875,15.30,results/s5_service_variability.csv,"{""policy"": ""P2 p80"", ""variability_scale"": ""1.5""}",patients_served,{:.2f},docs/report_assets/tables/t18_service_variability.md
N2876,15.18,results/s5_service_variability.csv,"{""policy"": ""P2 p80"", ""variability_scale"": ""1.5""}",patients_served_lo,{:.2f},docs/report_assets/tables/t18_service_variability.md
N2877,15.42,results/s5_service_variability.csv,"{""policy"": ""P2 p80"", ""variability_scale"": ""1.5""}",patients_served_hi,{:.2f},docs/report_assets/tables/t18_service_variability.md
N2878,11.6,results/s5_service_variability.csv,"{""policy"": ""P2 p80"", ""variability_scale"": ""1.5""}",mean_wait_min,{:.1f},docs/report_assets/tables/t18_service_variability.md
N2879,10.9,results/s5_service_variability.csv,"{""policy"": ""P2 p80"", ""variability_scale"": ""1.5""}",mean_wait_min_lo,{:.1f},docs/report_assets/tables/t18_service_variability.md
N2880,12.4,results/s5_service_variability.csv,"{""policy"": ""P2 p80"", ""variability_scale"": ""1.5""}",mean_wait_min_hi,{:.1f},docs/report_assets/tables/t18_service_variability.md
N2881,17.0,results/s5_service_variability.csv,"{""policy"": ""P2 p80"", ""variability_scale"": ""1.5""}",overtime_min,{:.1f},docs/report_assets/tables/t18_service_variability.md
N2882,15.6,results/s5_service_variability.csv,"{""policy"": ""P2 p80"", ""variability_scale"": ""1.5""}",overtime_min_lo,{:.1f},docs/report_assets/tables/t18_service_variability.md
N2883,18.4,results/s5_service_variability.csv,"{""policy"": ""P2 p80"", ""variability_scale"": ""1.5""}",overtime_min_hi,{:.1f},docs/report_assets/tables/t18_service_variability.md
N2884,50.7,results/s5_service_variability.csv,"{""policy"": ""P2 p80"", ""variability_scale"": ""1.5""}",idle_min,{:.1f},docs/report_assets/tables/t18_service_variability.md
N2885,48.9,results/s5_service_variability.csv,"{""policy"": ""P2 p80"", ""variability_scale"": ""1.5""}",idle_min_lo,{:.1f},docs/report_assets/tables/t18_service_variability.md
N2886,52.6,results/s5_service_variability.csv,"{""policy"": ""P2 p80"", ""variability_scale"": ""1.5""}",idle_min_hi,{:.1f},docs/report_assets/tables/t18_service_variability.md
N2887,80.7%,results/s5_service_variability.csv,"{""policy"": ""P2 p80"", ""variability_scale"": ""1.5""}",share_sessions_both_attend,{:.1%},docs/report_assets/tables/t18_service_variability.md
N2888,78.2%,results/s5_service_variability.csv,"{""policy"": ""P2 p80"", ""variability_scale"": ""1.5""}",share_sessions_both_attend_lo,{:.1%},docs/report_assets/tables/t18_service_variability.md
N2889,83.2%,results/s5_service_variability.csv,"{""policy"": ""P2 p80"", ""variability_scale"": ""1.5""}",share_sessions_both_attend_hi,{:.1%},docs/report_assets/tables/t18_service_variability.md
N2890,9.2,results/s5_service_variability.csv,"{""policy"": ""P2 p90"", ""variability_scale"": ""1.5""}",service_sd_min,{:.1f},docs/report_assets/tables/t18_service_variability.md
N2891,1.52,results/s5_service_variability.csv,"{""policy"": ""P2 p90"", ""variability_scale"": ""1.5""}",double_slots_mean,{:.2f},docs/report_assets/tables/t18_service_variability.md
N2892,13.99,results/s5_service_variability.csv,"{""policy"": ""P2 p90"", ""variability_scale"": ""1.5""}",patients_served,{:.2f},docs/report_assets/tables/t18_service_variability.md
N2893,13.88,results/s5_service_variability.csv,"{""policy"": ""P2 p90"", ""variability_scale"": ""1.5""}",patients_served_lo,{:.2f},docs/report_assets/tables/t18_service_variability.md
N2894,14.10,results/s5_service_variability.csv,"{""policy"": ""P2 p90"", ""variability_scale"": ""1.5""}",patients_served_hi,{:.2f},docs/report_assets/tables/t18_service_variability.md
N2895,8.2,results/s5_service_variability.csv,"{""policy"": ""P2 p90"", ""variability_scale"": ""1.5""}",mean_wait_min,{:.1f},docs/report_assets/tables/t18_service_variability.md
N2896,7.6,results/s5_service_variability.csv,"{""policy"": ""P2 p90"", ""variability_scale"": ""1.5""}",mean_wait_min_lo,{:.1f},docs/report_assets/tables/t18_service_variability.md
N2897,8.8,results/s5_service_variability.csv,"{""policy"": ""P2 p90"", ""variability_scale"": ""1.5""}",mean_wait_min_hi,{:.1f},docs/report_assets/tables/t18_service_variability.md
N2898,11.4,results/s5_service_variability.csv,"{""policy"": ""P2 p90"", ""variability_scale"": ""1.5""}",overtime_min,{:.1f},docs/report_assets/tables/t18_service_variability.md
N2899,10.3,results/s5_service_variability.csv,"{""policy"": ""P2 p90"", ""variability_scale"": ""1.5""}",overtime_min_lo,{:.1f},docs/report_assets/tables/t18_service_variability.md
N2900,12.4,results/s5_service_variability.csv,"{""policy"": ""P2 p90"", ""variability_scale"": ""1.5""}",overtime_min_hi,{:.1f},docs/report_assets/tables/t18_service_variability.md
N2901,62.7,results/s5_service_variability.csv,"{""policy"": ""P2 p90"", ""variability_scale"": ""1.5""}",idle_min,{:.1f},docs/report_assets/tables/t18_service_variability.md
N2902,60.7,results/s5_service_variability.csv,"{""policy"": ""P2 p90"", ""variability_scale"": ""1.5""}",idle_min_lo,{:.1f},docs/report_assets/tables/t18_service_variability.md
N2903,64.7,results/s5_service_variability.csv,"{""policy"": ""P2 p90"", ""variability_scale"": ""1.5""}",idle_min_hi,{:.1f},docs/report_assets/tables/t18_service_variability.md
N2904,50.9%,results/s5_service_variability.csv,"{""policy"": ""P2 p90"", ""variability_scale"": ""1.5""}",share_sessions_both_attend,{:.1%},docs/report_assets/tables/t18_service_variability.md
N2905,47.8%,results/s5_service_variability.csv,"{""policy"": ""P2 p90"", ""variability_scale"": ""1.5""}",share_sessions_both_attend_lo,{:.1%},docs/report_assets/tables/t18_service_variability.md
N2906,54.0%,results/s5_service_variability.csv,"{""policy"": ""P2 p90"", ""variability_scale"": ""1.5""}",share_sessions_both_attend_hi,{:.1%},docs/report_assets/tables/t18_service_variability.md
N2907,9.2,results/s5_service_variability.csv,"{""policy"": ""P2 p95"", ""variability_scale"": ""1.5""}",service_sd_min,{:.1f},docs/report_assets/tables/t18_service_variability.md
N2908,0.71,results/s5_service_variability.csv,"{""policy"": ""P2 p95"", ""variability_scale"": ""1.5""}",double_slots_mean,{:.2f},docs/report_assets/tables/t18_service_variability.md
N2909,13.33,results/s5_service_variability.csv,"{""policy"": ""P2 p95"", ""variability_scale"": ""1.5""}",patients_served,{:.2f},docs/report_assets/tables/t18_service_variability.md
N2910,13.23,results/s5_service_variability.csv,"{""policy"": ""P2 p95"", ""variability_scale"": ""1.5""}",patients_served_lo,{:.2f},docs/report_assets/tables/t18_service_variability.md
N2911,13.44,results/s5_service_variability.csv,"{""policy"": ""P2 p95"", ""variability_scale"": ""1.5""}",patients_served_hi,{:.2f},docs/report_assets/tables/t18_service_variability.md
N2912,6.7,results/s5_service_variability.csv,"{""policy"": ""P2 p95"", ""variability_scale"": ""1.5""}",mean_wait_min,{:.1f},docs/report_assets/tables/t18_service_variability.md
N2913,6.2,results/s5_service_variability.csv,"{""policy"": ""P2 p95"", ""variability_scale"": ""1.5""}",mean_wait_min_lo,{:.1f},docs/report_assets/tables/t18_service_variability.md
N2914,7.3,results/s5_service_variability.csv,"{""policy"": ""P2 p95"", ""variability_scale"": ""1.5""}",mean_wait_min_hi,{:.1f},docs/report_assets/tables/t18_service_variability.md
N2915,9.4,results/s5_service_variability.csv,"{""policy"": ""P2 p95"", ""variability_scale"": ""1.5""}",overtime_min,{:.1f},docs/report_assets/tables/t18_service_variability.md
N2916,8.5,results/s5_service_variability.csv,"{""policy"": ""P2 p95"", ""variability_scale"": ""1.5""}",overtime_min_lo,{:.1f},docs/report_assets/tables/t18_service_variability.md
N2917,10.4,results/s5_service_variability.csv,"{""policy"": ""P2 p95"", ""variability_scale"": ""1.5""}",overtime_min_hi,{:.1f},docs/report_assets/tables/t18_service_variability.md
N2918,69.5,results/s5_service_variability.csv,"{""policy"": ""P2 p95"", ""variability_scale"": ""1.5""}",idle_min,{:.1f},docs/report_assets/tables/t18_service_variability.md
N2919,67.4,results/s5_service_variability.csv,"{""policy"": ""P2 p95"", ""variability_scale"": ""1.5""}",idle_min_lo,{:.1f},docs/report_assets/tables/t18_service_variability.md
N2920,71.5,results/s5_service_variability.csv,"{""policy"": ""P2 p95"", ""variability_scale"": ""1.5""}",idle_min_hi,{:.1f},docs/report_assets/tables/t18_service_variability.md
N2921,26.2%,results/s5_service_variability.csv,"{""policy"": ""P2 p95"", ""variability_scale"": ""1.5""}",share_sessions_both_attend,{:.1%},docs/report_assets/tables/t18_service_variability.md
N2922,23.5%,results/s5_service_variability.csv,"{""policy"": ""P2 p95"", ""variability_scale"": ""1.5""}",share_sessions_both_attend_lo,{:.1%},docs/report_assets/tables/t18_service_variability.md
N2923,28.9%,results/s5_service_variability.csv,"{""policy"": ""P2 p95"", ""variability_scale"": ""1.5""}",share_sessions_both_attend_hi,{:.1%},docs/report_assets/tables/t18_service_variability.md
N2924,8.00,results/s6_value_of_prediction.csv,"{""scheme"": ""matched_to_p1"", ""selector"": ""p1_uniform_k"", ""setting"": ""k=2""}",double_slots_mean,{:.2f},docs/report_assets/tables/t19_value_of_prediction.md
N2925,21.4,results/s6_value_of_prediction.csv,"{""scheme"": ""matched_to_p1"", ""selector"": ""p1_uniform_k"", ""setting"": ""k=2""}",mean_wait_min,{:.1f},docs/report_assets/tables/t19_value_of_prediction.md
N2926,+0.00,results/s6_value_of_prediction.csv,"{""scheme"": ""matched_to_p1"", ""selector"": ""p1_uniform_k"", ""setting"": ""k=2""}",mean_wait_min_vs_uniform,{:+.2f},docs/report_assets/tables/t19_value_of_prediction.md
N2927,+0.00,results/s6_value_of_prediction.csv,"{""scheme"": ""matched_to_p1"", ""selector"": ""p1_uniform_k"", ""setting"": ""k=2""}",mean_wait_min_vs_uniform_lo,{:+.2f},docs/report_assets/tables/t19_value_of_prediction.md
N2928,+0.00,results/s6_value_of_prediction.csv,"{""scheme"": ""matched_to_p1"", ""selector"": ""p1_uniform_k"", ""setting"": ""k=2""}",mean_wait_min_vs_uniform_hi,{:+.2f},docs/report_assets/tables/t19_value_of_prediction.md
N2929,-1.52,results/s6_value_of_prediction.csv,"{""scheme"": ""matched_to_p1"", ""selector"": ""p1_uniform_k"", ""setting"": ""k=2""}",mean_wait_min_vs_random,{:+.2f},docs/report_assets/tables/t19_value_of_prediction.md
N2930,-1.82,results/s6_value_of_prediction.csv,"{""scheme"": ""matched_to_p1"", ""selector"": ""p1_uniform_k"", ""setting"": ""k=2""}",mean_wait_min_vs_random_lo,{:+.2f},docs/report_assets/tables/t19_value_of_prediction.md
N2931,-1.22,results/s6_value_of_prediction.csv,"{""scheme"": ""matched_to_p1"", ""selector"": ""p1_uniform_k"", ""setting"": ""k=2""}",mean_wait_min_vs_random_hi,{:+.2f},docs/report_assets/tables/t19_value_of_prediction.md
N2932,+0.00,results/s6_value_of_prediction.csv,"{""scheme"": ""matched_to_p1"", ""selector"": ""p1_uniform_k"", ""setting"": ""k=2""}",overtime_min_vs_uniform,{:+.2f},docs/report_assets/tables/t19_value_of_prediction.md
N2933,+0.00,results/s6_value_of_prediction.csv,"{""scheme"": ""matched_to_p1"", ""selector"": ""p1_uniform_k"", ""setting"": ""k=2""}",overtime_min_vs_uniform_lo,{:+.2f},docs/report_assets/tables/t19_value_of_prediction.md
N2934,+0.00,results/s6_value_of_prediction.csv,"{""scheme"": ""matched_to_p1"", ""selector"": ""p1_uniform_k"", ""setting"": ""k=2""}",overtime_min_vs_uniform_hi,{:+.2f},docs/report_assets/tables/t19_value_of_prediction.md
N2935,+0.89,results/s6_value_of_prediction.csv,"{""scheme"": ""matched_to_p1"", ""selector"": ""p1_uniform_k"", ""setting"": ""k=2""}",overtime_min_vs_random,{:+.2f},docs/report_assets/tables/t19_value_of_prediction.md
N2936,+0.47,results/s6_value_of_prediction.csv,"{""scheme"": ""matched_to_p1"", ""selector"": ""p1_uniform_k"", ""setting"": ""k=2""}",overtime_min_vs_random_lo,{:+.2f},docs/report_assets/tables/t19_value_of_prediction.md
N2937,+1.32,results/s6_value_of_prediction.csv,"{""scheme"": ""matched_to_p1"", ""selector"": ""p1_uniform_k"", ""setting"": ""k=2""}",overtime_min_vs_random_hi,{:+.2f},docs/report_assets/tables/t19_value_of_prediction.md
N2938,63.8%,results/s6_value_of_prediction.csv,"{""scheme"": ""matched_to_p1"", ""selector"": ""p1_uniform_k"", ""setting"": ""k=2""}",share_double_slots_both_attend,{:.1%},docs/report_assets/tables/t19_value_of_prediction.md
N2939,8.00,results/s6_value_of_prediction.csv,"{""scheme"": ""matched_to_p1"", ""selector"": ""risk_top_m"", ""setting"": ""k=2""}",double_slots_mean,{:.2f},docs/report_assets/tables/t19_value_of_prediction.md
N2940,21.5,results/s6_value_of_prediction.csv,"{""scheme"": ""matched_to_p1"", ""selector"": ""risk_top_m"", ""setting"": ""k=2""}",mean_wait_min,{:.1f},docs/report_assets/tables/t19_value_of_prediction.md
N2941,+0.14,results/s6_value_of_prediction.csv,"{""scheme"": ""matched_to_p1"", ""selector"": ""risk_top_m"", ""setting"": ""k=2""}",mean_wait_min_vs_uniform,{:+.2f},docs/report_assets/tables/t19_value_of_prediction.md
N2942,-0.19,results/s6_value_of_prediction.csv,"{""scheme"": ""matched_to_p1"", ""selector"": ""risk_top_m"", ""setting"": ""k=2""}",mean_wait_min_vs_uniform_lo,{:+.2f},docs/report_assets/tables/t19_value_of_prediction.md
N2943,+0.47,results/s6_value_of_prediction.csv,"{""scheme"": ""matched_to_p1"", ""selector"": ""risk_top_m"", ""setting"": ""k=2""}",mean_wait_min_vs_uniform_hi,{:+.2f},docs/report_assets/tables/t19_value_of_prediction.md
N2944,-1.38,results/s6_value_of_prediction.csv,"{""scheme"": ""matched_to_p1"", ""selector"": ""risk_top_m"", ""setting"": ""k=2""}",mean_wait_min_vs_random,{:+.2f},docs/report_assets/tables/t19_value_of_prediction.md
N2945,-1.78,results/s6_value_of_prediction.csv,"{""scheme"": ""matched_to_p1"", ""selector"": ""risk_top_m"", ""setting"": ""k=2""}",mean_wait_min_vs_random_lo,{:+.2f},docs/report_assets/tables/t19_value_of_prediction.md
N2946,-0.98,results/s6_value_of_prediction.csv,"{""scheme"": ""matched_to_p1"", ""selector"": ""risk_top_m"", ""setting"": ""k=2""}",mean_wait_min_vs_random_hi,{:+.2f},docs/report_assets/tables/t19_value_of_prediction.md
N2947,-1.52,results/s6_value_of_prediction.csv,"{""scheme"": ""matched_to_p1"", ""selector"": ""risk_top_m"", ""setting"": ""k=2""}",overtime_min_vs_uniform,{:+.2f},docs/report_assets/tables/t19_value_of_prediction.md
N2948,-1.99,results/s6_value_of_prediction.csv,"{""scheme"": ""matched_to_p1"", ""selector"": ""risk_top_m"", ""setting"": ""k=2""}",overtime_min_vs_uniform_lo,{:+.2f},docs/report_assets/tables/t19_value_of_prediction.md
N2949,-1.05,results/s6_value_of_prediction.csv,"{""scheme"": ""matched_to_p1"", ""selector"": ""risk_top_m"", ""setting"": ""k=2""}",overtime_min_vs_uniform_hi,{:+.2f},docs/report_assets/tables/t19_value_of_prediction.md
N2950,-0.63,results/s6_value_of_prediction.csv,"{""scheme"": ""matched_to_p1"", ""selector"": ""risk_top_m"", ""setting"": ""k=2""}",overtime_min_vs_random,{:+.2f},docs/report_assets/tables/t19_value_of_prediction.md
N2951,-1.19,results/s6_value_of_prediction.csv,"{""scheme"": ""matched_to_p1"", ""selector"": ""risk_top_m"", ""setting"": ""k=2""}",overtime_min_vs_random_lo,{:+.2f},docs/report_assets/tables/t19_value_of_prediction.md
N2952,-0.07,results/s6_value_of_prediction.csv,"{""scheme"": ""matched_to_p1"", ""selector"": ""risk_top_m"", ""setting"": ""k=2""}",overtime_min_vs_random_hi,{:+.2f},docs/report_assets/tables/t19_value_of_prediction.md
N2953,55.6%,results/s6_value_of_prediction.csv,"{""scheme"": ""matched_to_p1"", ""selector"": ""risk_top_m"", ""setting"": ""k=2""}",share_double_slots_both_attend,{:.1%},docs/report_assets/tables/t19_value_of_prediction.md
N2954,8.00,results/s6_value_of_prediction.csv,"{""scheme"": ""matched_to_p1"", ""selector"": ""random"", ""setting"": ""k=2""}",double_slots_mean,{:.2f},docs/report_assets/tables/t19_value_of_prediction.md
N2955,22.9,results/s6_value_of_prediction.csv,"{""scheme"": ""matched_to_p1"", ""selector"": ""random"", ""setting"": ""k=2""}",mean_wait_min,{:.1f},docs/report_assets/tables/t19_value_of_prediction.md
N2956,+1.52,results/s6_value_of_prediction.csv,"{""scheme"": ""matched_to_p1"", ""selector"": ""random"", ""setting"": ""k=2""}",mean_wait_min_vs_uniform,{:+.2f},docs/report_assets/tables/t19_value_of_prediction.md
N2957,+1.22,results/s6_value_of_prediction.csv,"{""scheme"": ""matched_to_p1"", ""selector"": ""random"", ""setting"": ""k=2""}",mean_wait_min_vs_uniform_lo,{:+.2f},docs/report_assets/tables/t19_value_of_prediction.md
N2958,+1.82,results/s6_value_of_prediction.csv,"{""scheme"": ""matched_to_p1"", ""selector"": ""random"", ""setting"": ""k=2""}",mean_wait_min_vs_uniform_hi,{:+.2f},docs/report_assets/tables/t19_value_of_prediction.md
N2959,+0.00,results/s6_value_of_prediction.csv,"{""scheme"": ""matched_to_p1"", ""selector"": ""random"", ""setting"": ""k=2""}",mean_wait_min_vs_random,{:+.2f},docs/report_assets/tables/t19_value_of_prediction.md
N2960,+0.00,results/s6_value_of_prediction.csv,"{""scheme"": ""matched_to_p1"", ""selector"": ""random"", ""setting"": ""k=2""}",mean_wait_min_vs_random_lo,{:+.2f},docs/report_assets/tables/t19_value_of_prediction.md
N2961,+0.00,results/s6_value_of_prediction.csv,"{""scheme"": ""matched_to_p1"", ""selector"": ""random"", ""setting"": ""k=2""}",mean_wait_min_vs_random_hi,{:+.2f},docs/report_assets/tables/t19_value_of_prediction.md
N2962,-0.89,results/s6_value_of_prediction.csv,"{""scheme"": ""matched_to_p1"", ""selector"": ""random"", ""setting"": ""k=2""}",overtime_min_vs_uniform,{:+.2f},docs/report_assets/tables/t19_value_of_prediction.md
N2963,-1.32,results/s6_value_of_prediction.csv,"{""scheme"": ""matched_to_p1"", ""selector"": ""random"", ""setting"": ""k=2""}",overtime_min_vs_uniform_lo,{:+.2f},docs/report_assets/tables/t19_value_of_prediction.md
N2964,-0.47,results/s6_value_of_prediction.csv,"{""scheme"": ""matched_to_p1"", ""selector"": ""random"", ""setting"": ""k=2""}",overtime_min_vs_uniform_hi,{:+.2f},docs/report_assets/tables/t19_value_of_prediction.md
N2965,+0.00,results/s6_value_of_prediction.csv,"{""scheme"": ""matched_to_p1"", ""selector"": ""random"", ""setting"": ""k=2""}",overtime_min_vs_random,{:+.2f},docs/report_assets/tables/t19_value_of_prediction.md
N2966,+0.00,results/s6_value_of_prediction.csv,"{""scheme"": ""matched_to_p1"", ""selector"": ""random"", ""setting"": ""k=2""}",overtime_min_vs_random_lo,{:+.2f},docs/report_assets/tables/t19_value_of_prediction.md
N2967,+0.00,results/s6_value_of_prediction.csv,"{""scheme"": ""matched_to_p1"", ""selector"": ""random"", ""setting"": ""k=2""}",overtime_min_vs_random_hi,{:+.2f},docs/report_assets/tables/t19_value_of_prediction.md
N2968,64.1%,results/s6_value_of_prediction.csv,"{""scheme"": ""matched_to_p1"", ""selector"": ""random"", ""setting"": ""k=2""}",share_double_slots_both_attend,{:.1%},docs/report_assets/tables/t19_value_of_prediction.md
N2969,8.00,results/s6_value_of_prediction.csv,"{""scheme"": ""matched_to_p1"", ""selector"": ""oracle"", ""setting"": ""k=2""}",double_slots_mean,{:.2f},docs/report_assets/tables/t19_value_of_prediction.md
N2970,20.4,results/s6_value_of_prediction.csv,"{""scheme"": ""matched_to_p1"", ""selector"": ""oracle"", ""setting"": ""k=2""}",mean_wait_min,{:.1f},docs/report_assets/tables/t19_value_of_prediction.md
N2971,-0.96,results/s6_value_of_prediction.csv,"{""scheme"": ""matched_to_p1"", ""selector"": ""oracle"", ""setting"": ""k=2""}",mean_wait_min_vs_uniform,{:+.2f},docs/report_assets/tables/t19_value_of_prediction.md
N2972,-1.29,results/s6_value_of_prediction.csv,"{""scheme"": ""matched_to_p1"", ""selector"": ""oracle"", ""setting"": ""k=2""}",mean_wait_min_vs_uniform_lo,{:+.2f},docs/report_assets/tables/t19_value_of_prediction.md
N2973,-0.63,results/s6_value_of_prediction.csv,"{""scheme"": ""matched_to_p1"", ""selector"": ""oracle"", ""setting"": ""k=2""}",mean_wait_min_vs_uniform_hi,{:+.2f},docs/report_assets/tables/t19_value_of_prediction.md
N2974,-2.48,results/s6_value_of_prediction.csv,"{""scheme"": ""matched_to_p1"", ""selector"": ""oracle"", ""setting"": ""k=2""}",mean_wait_min_vs_random,{:+.2f},docs/report_assets/tables/t19_value_of_prediction.md
N2975,-2.88,results/s6_value_of_prediction.csv,"{""scheme"": ""matched_to_p1"", ""selector"": ""oracle"", ""setting"": ""k=2""}",mean_wait_min_vs_random_lo,{:+.2f},docs/report_assets/tables/t19_value_of_prediction.md
N2976,-2.08,results/s6_value_of_prediction.csv,"{""scheme"": ""matched_to_p1"", ""selector"": ""oracle"", ""setting"": ""k=2""}",mean_wait_min_vs_random_hi,{:+.2f},docs/report_assets/tables/t19_value_of_prediction.md
N2977,-2.79,results/s6_value_of_prediction.csv,"{""scheme"": ""matched_to_p1"", ""selector"": ""oracle"", ""setting"": ""k=2""}",overtime_min_vs_uniform,{:+.2f},docs/report_assets/tables/t19_value_of_prediction.md
N2978,-3.25,results/s6_value_of_prediction.csv,"{""scheme"": ""matched_to_p1"", ""selector"": ""oracle"", ""setting"": ""k=2""}",overtime_min_vs_uniform_lo,{:+.2f},docs/report_assets/tables/t19_value_of_prediction.md
N2979,-2.34,results/s6_value_of_prediction.csv,"{""scheme"": ""matched_to_p1"", ""selector"": ""oracle"", ""setting"": ""k=2""}",overtime_min_vs_uniform_hi,{:+.2f},docs/report_assets/tables/t19_value_of_prediction.md
N2980,-1.90,results/s6_value_of_prediction.csv,"{""scheme"": ""matched_to_p1"", ""selector"": ""oracle"", ""setting"": ""k=2""}",overtime_min_vs_random,{:+.2f},docs/report_assets/tables/t19_value_of_prediction.md
N2981,-2.46,results/s6_value_of_prediction.csv,"{""scheme"": ""matched_to_p1"", ""selector"": ""oracle"", ""setting"": ""k=2""}",overtime_min_vs_random_lo,{:+.2f},docs/report_assets/tables/t19_value_of_prediction.md
N2982,-1.34,results/s6_value_of_prediction.csv,"{""scheme"": ""matched_to_p1"", ""selector"": ""oracle"", ""setting"": ""k=2""}",overtime_min_vs_random_hi,{:+.2f},docs/report_assets/tables/t19_value_of_prediction.md
N2983,47.9%,results/s6_value_of_prediction.csv,"{""scheme"": ""matched_to_p1"", ""selector"": ""oracle"", ""setting"": ""k=2""}",share_double_slots_both_attend,{:.1%},docs/report_assets/tables/t19_value_of_prediction.md
N2984,5.00,results/s6_value_of_prediction.csv,"{""scheme"": ""matched_to_p1"", ""selector"": ""p1_uniform_k"", ""setting"": ""k=3""}",double_slots_mean,{:.2f},docs/report_assets/tables/t19_value_of_prediction.md
N2985,13.1,results/s6_value_of_prediction.csv,"{""scheme"": ""matched_to_p1"", ""selector"": ""p1_uniform_k"", ""setting"": ""k=3""}",mean_wait_min,{:.1f},docs/report_assets/tables/t19_value_of_prediction.md
N2986,+0.00,results/s6_value_of_prediction.csv,"{""scheme"": ""matched_to_p1"", ""selector"": ""p1_uniform_k"", ""setting"": ""k=3""}",mean_wait_min_vs_uniform,{:+.2f},docs/report_assets/tables/t19_value_of_prediction.md
N2987,+0.00,results/s6_value_of_prediction.csv,"{""scheme"": ""matched_to_p1"", ""selector"": ""p1_uniform_k"", ""setting"": ""k=3""}",mean_wait_min_vs_uniform_lo,{:+.2f},docs/report_assets/tables/t19_value_of_prediction.md
N2988,+0.00,results/s6_value_of_prediction.csv,"{""scheme"": ""matched_to_p1"", ""selector"": ""p1_uniform_k"", ""setting"": ""k=3""}",mean_wait_min_vs_uniform_hi,{:+.2f},docs/report_assets/tables/t19_value_of_prediction.md
N2989,-0.48,results/s6_value_of_prediction.csv,"{""scheme"": ""matched_to_p1"", ""selector"": ""p1_uniform_k"", ""setting"": ""k=3""}",mean_wait_min_vs_random,{:+.2f},docs/report_assets/tables/t19_value_of_prediction.md
N2990,-0.77,results/s6_value_of_prediction.csv,"{""scheme"": ""matched_to_p1"", ""selector"": ""p1_uniform_k"", ""setting"": ""k=3""}",mean_wait_min_vs_random_lo,{:+.2f},docs/report_assets/tables/t19_value_of_prediction.md
N2991,-0.19,results/s6_value_of_prediction.csv,"{""scheme"": ""matched_to_p1"", ""selector"": ""p1_uniform_k"", ""setting"": ""k=3""}",mean_wait_min_vs_random_hi,{:+.2f},docs/report_assets/tables/t19_value_of_prediction.md
N2992,+0.00,results/s6_value_of_prediction.csv,"{""scheme"": ""matched_to_p1"", ""selector"": ""p1_uniform_k"", ""setting"": ""k=3""}",overtime_min_vs_uniform,{:+.2f},docs/report_assets/tables/t19_value_of_prediction.md
N2993,+0.00,results/s6_value_of_prediction.csv,"{""scheme"": ""matched_to_p1"", ""selector"": ""p1_uniform_k"", ""setting"": ""k=3""}",overtime_min_vs_uniform_lo,{:+.2f},docs/report_assets/tables/t19_value_of_prediction.md
N2994,+0.00,results/s6_value_of_prediction.csv,"{""scheme"": ""matched_to_p1"", ""selector"": ""p1_uniform_k"", ""setting"": ""k=3""}",overtime_min_vs_uniform_hi,{:+.2f},docs/report_assets/tables/t19_value_of_prediction.md
N2995,+0.26,results/s6_value_of_prediction.csv,"{""scheme"": ""matched_to_p1"", ""selector"": ""p1_uniform_k"", ""setting"": ""k=3""}",overtime_min_vs_random,{:+.2f},docs/report_assets/tables/t19_value_of_prediction.md
N2996,-0.20,results/s6_value_of_prediction.csv,"{""scheme"": ""matched_to_p1"", ""selector"": ""p1_uniform_k"", ""setting"": ""k=3""}",overtime_min_vs_random_lo,{:+.2f},docs/report_assets/tables/t19_value_of_prediction.md
N2997,+0.71,results/s6_value_of_prediction.csv,"{""scheme"": ""matched_to_p1"", ""selector"": ""p1_uniform_k"", ""setting"": ""k=3""}",overtime_min_vs_random_hi,{:+.2f},docs/report_assets/tables/t19_value_of_prediction.md
N2998,63.8%,results/s6_value_of_prediction.csv,"{""scheme"": ""matched_to_p1"", ""selector"": ""p1_uniform_k"", ""setting"": ""k=3""}",share_double_slots_both_attend,{:.1%},docs/report_assets/tables/t19_value_of_prediction.md
N2999,5.00,results/s6_value_of_prediction.csv,"{""scheme"": ""matched_to_p1"", ""selector"": ""risk_top_m"", ""setting"": ""k=3""}",double_slots_mean,{:.2f},docs/report_assets/tables/t19_value_of_prediction.md
N3000,12.6,results/s6_value_of_prediction.csv,"{""scheme"": ""matched_to_p1"", ""selector"": ""risk_top_m"", ""setting"": ""k=3""}",mean_wait_min,{:.1f},docs/report_assets/tables/t19_value_of_prediction.md
N3001,-0.58,results/s6_value_of_prediction.csv,"{""scheme"": ""matched_to_p1"", ""selector"": ""risk_top_m"", ""setting"": ""k=3""}",mean_wait_min_vs_uniform,{:+.2f},docs/report_assets/tables/t19_value_of_prediction.md
N3002,-0.86,results/s6_value_of_prediction.csv,"{""scheme"": ""matched_to_p1"", ""selector"": ""risk_top_m"", ""setting"": ""k=3""}",mean_wait_min_vs_uniform_lo,{:+.2f},docs/report_assets/tables/t19_value_of_prediction.md
N3003,-0.29,results/s6_value_of_prediction.csv,"{""scheme"": ""matched_to_p1"", ""selector"": ""risk_top_m"", ""setting"": ""k=3""}",mean_wait_min_vs_uniform_hi,{:+.2f},docs/report_assets/tables/t19_value_of_prediction.md
N3004,-1.06,results/s6_value_of_prediction.csv,"{""scheme"": ""matched_to_p1"", ""selector"": ""risk_top_m"", ""setting"": ""k=3""}",mean_wait_min_vs_random,{:+.2f},docs/report_assets/tables/t19_value_of_prediction.md
N3005,-1.41,results/s6_value_of_prediction.csv,"{""scheme"": ""matched_to_p1"", ""selector"": ""risk_top_m"", ""setting"": ""k=3""}",mean_wait_min_vs_random_lo,{:+.2f},docs/report_assets/tables/t19_value_of_prediction.md
N3006,-0.71,results/s6_value_of_prediction.csv,"{""scheme"": ""matched_to_p1"", ""selector"": ""risk_top_m"", ""setting"": ""k=3""}",mean_wait_min_vs_random_hi,{:+.2f},docs/report_assets/tables/t19_value_of_prediction.md
N3007,-0.55,results/s6_value_of_prediction.csv,"{""scheme"": ""matched_to_p1"", ""selector"": ""risk_top_m"", ""setting"": ""k=3""}",overtime_min_vs_uniform,{:+.2f},docs/report_assets/tables/t19_value_of_prediction.md
N3008,-1.02,results/s6_value_of_prediction.csv,"{""scheme"": ""matched_to_p1"", ""selector"": ""risk_top_m"", ""setting"": ""k=3""}",overtime_min_vs_uniform_lo,{:+.2f},docs/report_assets/tables/t19_value_of_prediction.md
N3009,-0.08,results/s6_value_of_prediction.csv,"{""scheme"": ""matched_to_p1"", ""selector"": ""risk_top_m"", ""setting"": ""k=3""}",overtime_min_vs_uniform_hi,{:+.2f},docs/report_assets/tables/t19_value_of_prediction.md
N3010,-0.29,results/s6_value_of_prediction.csv,"{""scheme"": ""matched_to_p1"", ""selector"": ""risk_top_m"", ""setting"": ""k=3""}",overtime_min_vs_random,{:+.2f},docs/report_assets/tables/t19_value_of_prediction.md
N3011,-0.90,results/s6_value_of_prediction.csv,"{""scheme"": ""matched_to_p1"", ""selector"": ""risk_top_m"", ""setting"": ""k=3""}",overtime_min_vs_random_lo,{:+.2f},docs/report_assets/tables/t19_value_of_prediction.md
N3012,+0.31,results/s6_value_of_prediction.csv,"{""scheme"": ""matched_to_p1"", ""selector"": ""risk_top_m"", ""setting"": ""k=3""}",overtime_min_vs_random_hi,{:+.2f},docs/report_assets/tables/t19_value_of_prediction.md
N3013,52.2%,results/s6_value_of_prediction.csv,"{""scheme"": ""matched_to_p1"", ""selector"": ""risk_top_m"", ""setting"": ""k=3""}",share_double_slots_both_attend,{:.1%},docs/report_assets/tables/t19_value_of_prediction.md
N3014,5.00,results/s6_value_of_prediction.csv,"{""scheme"": ""matched_to_p1"", ""selector"": ""random"", ""setting"": ""k=3""}",double_slots_mean,{:.2f},docs/report_assets/tables/t19_value_of_prediction.md
N3015,13.6,results/s6_value_of_prediction.csv,"{""scheme"": ""matched_to_p1"", ""selector"": ""random"", ""setting"": ""k=3""}",mean_wait_min,{:.1f},docs/report_assets/tables/t19_value_of_prediction.md
N3016,+0.48,results/s6_value_of_prediction.csv,"{""scheme"": ""matched_to_p1"", ""selector"": ""random"", ""setting"": ""k=3""}",mean_wait_min_vs_uniform,{:+.2f},docs/report_assets/tables/t19_value_of_prediction.md
N3017,+0.19,results/s6_value_of_prediction.csv,"{""scheme"": ""matched_to_p1"", ""selector"": ""random"", ""setting"": ""k=3""}",mean_wait_min_vs_uniform_lo,{:+.2f},docs/report_assets/tables/t19_value_of_prediction.md
N3018,+0.77,results/s6_value_of_prediction.csv,"{""scheme"": ""matched_to_p1"", ""selector"": ""random"", ""setting"": ""k=3""}",mean_wait_min_vs_uniform_hi,{:+.2f},docs/report_assets/tables/t19_value_of_prediction.md
N3019,+0.00,results/s6_value_of_prediction.csv,"{""scheme"": ""matched_to_p1"", ""selector"": ""random"", ""setting"": ""k=3""}",mean_wait_min_vs_random,{:+.2f},docs/report_assets/tables/t19_value_of_prediction.md
N3020,+0.00,results/s6_value_of_prediction.csv,"{""scheme"": ""matched_to_p1"", ""selector"": ""random"", ""setting"": ""k=3""}",mean_wait_min_vs_random_lo,{:+.2f},docs/report_assets/tables/t19_value_of_prediction.md
N3021,+0.00,results/s6_value_of_prediction.csv,"{""scheme"": ""matched_to_p1"", ""selector"": ""random"", ""setting"": ""k=3""}",mean_wait_min_vs_random_hi,{:+.2f},docs/report_assets/tables/t19_value_of_prediction.md
N3022,-0.26,results/s6_value_of_prediction.csv,"{""scheme"": ""matched_to_p1"", ""selector"": ""random"", ""setting"": ""k=3""}",overtime_min_vs_uniform,{:+.2f},docs/report_assets/tables/t19_value_of_prediction.md
N3023,-0.71,results/s6_value_of_prediction.csv,"{""scheme"": ""matched_to_p1"", ""selector"": ""random"", ""setting"": ""k=3""}",overtime_min_vs_uniform_lo,{:+.2f},docs/report_assets/tables/t19_value_of_prediction.md
N3024,+0.20,results/s6_value_of_prediction.csv,"{""scheme"": ""matched_to_p1"", ""selector"": ""random"", ""setting"": ""k=3""}",overtime_min_vs_uniform_hi,{:+.2f},docs/report_assets/tables/t19_value_of_prediction.md
N3025,+0.00,results/s6_value_of_prediction.csv,"{""scheme"": ""matched_to_p1"", ""selector"": ""random"", ""setting"": ""k=3""}",overtime_min_vs_random,{:+.2f},docs/report_assets/tables/t19_value_of_prediction.md
N3026,+0.00,results/s6_value_of_prediction.csv,"{""scheme"": ""matched_to_p1"", ""selector"": ""random"", ""setting"": ""k=3""}",overtime_min_vs_random_lo,{:+.2f},docs/report_assets/tables/t19_value_of_prediction.md
N3027,+0.00,results/s6_value_of_prediction.csv,"{""scheme"": ""matched_to_p1"", ""selector"": ""random"", ""setting"": ""k=3""}",overtime_min_vs_random_hi,{:+.2f},docs/report_assets/tables/t19_value_of_prediction.md
N3028,64.0%,results/s6_value_of_prediction.csv,"{""scheme"": ""matched_to_p1"", ""selector"": ""random"", ""setting"": ""k=3""}",share_double_slots_both_attend,{:.1%},docs/report_assets/tables/t19_value_of_prediction.md
N3029,5.00,results/s6_value_of_prediction.csv,"{""scheme"": ""matched_to_p1"", ""selector"": ""oracle"", ""setting"": ""k=3""}",double_slots_mean,{:.2f},docs/report_assets/tables/t19_value_of_prediction.md
N3030,10.4,results/s6_value_of_prediction.csv,"{""scheme"": ""matched_to_p1"", ""selector"": ""oracle"", ""setting"": ""k=3""}",mean_wait_min,{:.1f},docs/report_assets/tables/t19_value_of_prediction.md
N3031,-2.77,results/s6_value_of_prediction.csv,"{""scheme"": ""matched_to_p1"", ""selector"": ""oracle"", ""setting"": ""k=3""}",mean_wait_min_vs_uniform,{:+.2f},docs/report_assets/tables/t19_value_of_prediction.md
N3032,-3.05,results/s6_value_of_prediction.csv,"{""scheme"": ""matched_to_p1"", ""selector"": ""oracle"", ""setting"": ""k=3""}",mean_wait_min_vs_uniform_lo,{:+.2f},docs/report_assets/tables/t19_value_of_prediction.md
N3033,-2.49,results/s6_value_of_prediction.csv,"{""scheme"": ""matched_to_p1"", ""selector"": ""oracle"", ""setting"": ""k=3""}",mean_wait_min_vs_uniform_hi,{:+.2f},docs/report_assets/tables/t19_value_of_prediction.md
N3034,-3.25,results/s6_value_of_prediction.csv,"{""scheme"": ""matched_to_p1"", ""selector"": ""oracle"", ""setting"": ""k=3""}",mean_wait_min_vs_random,{:+.2f},docs/report_assets/tables/t19_value_of_prediction.md
N3035,-3.59,results/s6_value_of_prediction.csv,"{""scheme"": ""matched_to_p1"", ""selector"": ""oracle"", ""setting"": ""k=3""}",mean_wait_min_vs_random_lo,{:+.2f},docs/report_assets/tables/t19_value_of_prediction.md
N3036,-2.91,results/s6_value_of_prediction.csv,"{""scheme"": ""matched_to_p1"", ""selector"": ""oracle"", ""setting"": ""k=3""}",mean_wait_min_vs_random_hi,{:+.2f},docs/report_assets/tables/t19_value_of_prediction.md
N3037,-3.18,results/s6_value_of_prediction.csv,"{""scheme"": ""matched_to_p1"", ""selector"": ""oracle"", ""setting"": ""k=3""}",overtime_min_vs_uniform,{:+.2f},docs/report_assets/tables/t19_value_of_prediction.md
N3038,-3.65,results/s6_value_of_prediction.csv,"{""scheme"": ""matched_to_p1"", ""selector"": ""oracle"", ""setting"": ""k=3""}",overtime_min_vs_uniform_lo,{:+.2f},docs/report_assets/tables/t19_value_of_prediction.md
N3039,-2.72,results/s6_value_of_prediction.csv,"{""scheme"": ""matched_to_p1"", ""selector"": ""oracle"", ""setting"": ""k=3""}",overtime_min_vs_uniform_hi,{:+.2f},docs/report_assets/tables/t19_value_of_prediction.md
N3040,-2.92,results/s6_value_of_prediction.csv,"{""scheme"": ""matched_to_p1"", ""selector"": ""oracle"", ""setting"": ""k=3""}",overtime_min_vs_random,{:+.2f},docs/report_assets/tables/t19_value_of_prediction.md
N3041,-3.50,results/s6_value_of_prediction.csv,"{""scheme"": ""matched_to_p1"", ""selector"": ""oracle"", ""setting"": ""k=3""}",overtime_min_vs_random_lo,{:+.2f},docs/report_assets/tables/t19_value_of_prediction.md
N3042,-2.34,results/s6_value_of_prediction.csv,"{""scheme"": ""matched_to_p1"", ""selector"": ""oracle"", ""setting"": ""k=3""}",overtime_min_vs_random_hi,{:+.2f},docs/report_assets/tables/t19_value_of_prediction.md
N3043,30.0%,results/s6_value_of_prediction.csv,"{""scheme"": ""matched_to_p1"", ""selector"": ""oracle"", ""setting"": ""k=3""}",share_double_slots_both_attend,{:.1%},docs/report_assets/tables/t19_value_of_prediction.md
N3044,4.00,results/s6_value_of_prediction.csv,"{""scheme"": ""matched_to_p1"", ""selector"": ""p1_uniform_k"", ""setting"": ""k=4""}",double_slots_mean,{:.2f},docs/report_assets/tables/t19_value_of_prediction.md
N3045,9.9,results/s6_value_of_prediction.csv,"{""scheme"": ""matched_to_p1"", ""selector"": ""p1_uniform_k"", ""setting"": ""k=4""}",mean_wait_min,{:.1f},docs/report_assets/tables/t19_value_of_prediction.md
N3046,+0.00,results/s6_value_of_prediction.csv,"{""scheme"": ""matched_to_p1"", ""selector"": ""p1_uniform_k"", ""setting"": ""k=4""}",mean_wait_min_vs_uniform,{:+.2f},docs/report_assets/tables/t19_value_of_prediction.md
N3047,+0.00,results/s6_value_of_prediction.csv,"{""scheme"": ""matched_to_p1"", ""selector"": ""p1_uniform_k"", ""setting"": ""k=4""}",mean_wait_min_vs_uniform_lo,{:+.2f},docs/report_assets/tables/t19_value_of_prediction.md
N3048,+0.00,results/s6_value_of_prediction.csv,"{""scheme"": ""matched_to_p1"", ""selector"": ""p1_uniform_k"", ""setting"": ""k=4""}",mean_wait_min_vs_uniform_hi,{:+.2f},docs/report_assets/tables/t19_value_of_prediction.md
N3049,-1.06,results/s6_value_of_prediction.csv,"{""scheme"": ""matched_to_p1"", ""selector"": ""p1_uniform_k"", ""setting"": ""k=4""}",mean_wait_min_vs_random,{:+.2f},docs/report_assets/tables/t19_value_of_prediction.md
N3050,-1.33,results/s6_value_of_prediction.csv,"{""scheme"": ""matched_to_p1"", ""selector"": ""p1_uniform_k"", ""setting"": ""k=4""}",mean_wait_min_vs_random_lo,{:+.2f},docs/report_assets/tables/t19_value_of_prediction.md
N3051,-0.79,results/s6_value_of_prediction.csv,"{""scheme"": ""matched_to_p1"", ""selector"": ""p1_uniform_k"", ""setting"": ""k=4""}",mean_wait_min_vs_random_hi,{:+.2f},docs/report_assets/tables/t19_value_of_prediction.md
N3052,+0.00,results/s6_value_of_prediction.csv,"{""scheme"": ""matched_to_p1"", ""selector"": ""p1_uniform_k"", ""setting"": ""k=4""}",overtime_min_vs_uniform,{:+.2f},docs/report_assets/tables/t19_value_of_prediction.md
N3053,+0.00,results/s6_value_of_prediction.csv,"{""scheme"": ""matched_to_p1"", ""selector"": ""p1_uniform_k"", ""setting"": ""k=4""}",overtime_min_vs_uniform_lo,{:+.2f},docs/report_assets/tables/t19_value_of_prediction.md
N3054,+0.00,results/s6_value_of_prediction.csv,"{""scheme"": ""matched_to_p1"", ""selector"": ""p1_uniform_k"", ""setting"": ""k=4""}",overtime_min_vs_uniform_hi,{:+.2f},docs/report_assets/tables/t19_value_of_prediction.md
N3055,+3.00,results/s6_value_of_prediction.csv,"{""scheme"": ""matched_to_p1"", ""selector"": ""p1_uniform_k"", ""setting"": ""k=4""}",overtime_min_vs_random,{:+.2f},docs/report_assets/tables/t19_value_of_prediction.md
N3056,+2.55,results/s6_value_of_prediction.csv,"{""scheme"": ""matched_to_p1"", ""selector"": ""p1_uniform_k"", ""setting"": ""k=4""}",overtime_min_vs_random_lo,{:+.2f},docs/report_assets/tables/t19_value_of_prediction.md
N3057,+3.44,results/s6_value_of_prediction.csv,"{""scheme"": ""matched_to_p1"", ""selector"": ""p1_uniform_k"", ""setting"": ""k=4""}",overtime_min_vs_random_hi,{:+.2f},docs/report_assets/tables/t19_value_of_prediction.md
N3058,64.9%,results/s6_value_of_prediction.csv,"{""scheme"": ""matched_to_p1"", ""selector"": ""p1_uniform_k"", ""setting"": ""k=4""}",share_double_slots_both_attend,{:.1%},docs/report_assets/tables/t19_value_of_prediction.md
N3059,4.00,results/s6_value_of_prediction.csv,"{""scheme"": ""matched_to_p1"", ""selector"": ""risk_top_m"", ""setting"": ""k=4""}",double_slots_mean,{:.2f},docs/report_assets/tables/t19_value_of_prediction.md
N3060,10.1,results/s6_value_of_prediction.csv,"{""scheme"": ""matched_to_p1"", ""selector"": ""risk_top_m"", ""setting"": ""k=4""}",mean_wait_min,{:.1f},docs/report_assets/tables/t19_value_of_prediction.md
N3061,+0.15,results/s6_value_of_prediction.csv,"{""scheme"": ""matched_to_p1"", ""selector"": ""risk_top_m"", ""setting"": ""k=4""}",mean_wait_min_vs_uniform,{:+.2f},docs/report_assets/tables/t19_value_of_prediction.md
N3062,-0.11,results/s6_value_of_prediction.csv,"{""scheme"": ""matched_to_p1"", ""selector"": ""risk_top_m"", ""setting"": ""k=4""}",mean_wait_min_vs_uniform_lo,{:+.2f},docs/report_assets/tables/t19_value_of_prediction.md
N3063,+0.41,results/s6_value_of_prediction.csv,"{""scheme"": ""matched_to_p1"", ""selector"": ""risk_top_m"", ""setting"": ""k=4""}",mean_wait_min_vs_uniform_hi,{:+.2f},docs/report_assets/tables/t19_value_of_prediction.md
N3064,-0.91,results/s6_value_of_prediction.csv,"{""scheme"": ""matched_to_p1"", ""selector"": ""risk_top_m"", ""setting"": ""k=4""}",mean_wait_min_vs_random,{:+.2f},docs/report_assets/tables/t19_value_of_prediction.md
N3065,-1.23,results/s6_value_of_prediction.csv,"{""scheme"": ""matched_to_p1"", ""selector"": ""risk_top_m"", ""setting"": ""k=4""}",mean_wait_min_vs_random_lo,{:+.2f},docs/report_assets/tables/t19_value_of_prediction.md
N3066,-0.59,results/s6_value_of_prediction.csv,"{""scheme"": ""matched_to_p1"", ""selector"": ""risk_top_m"", ""setting"": ""k=4""}",mean_wait_min_vs_random_hi,{:+.2f},docs/report_assets/tables/t19_value_of_prediction.md
N3067,-3.42,results/s6_value_of_prediction.csv,"{""scheme"": ""matched_to_p1"", ""selector"": ""risk_top_m"", ""setting"": ""k=4""}",overtime_min_vs_uniform,{:+.2f},docs/report_assets/tables/t19_value_of_prediction.md
N3068,-3.87,results/s6_value_of_prediction.csv,"{""scheme"": ""matched_to_p1"", ""selector"": ""risk_top_m"", ""setting"": ""k=4""}",overtime_min_vs_uniform_lo,{:+.2f},docs/report_assets/tables/t19_value_of_prediction.md
N3069,-2.97,results/s6_value_of_prediction.csv,"{""scheme"": ""matched_to_p1"", ""selector"": ""risk_top_m"", ""setting"": ""k=4""}",overtime_min_vs_uniform_hi,{:+.2f},docs/report_assets/tables/t19_value_of_prediction.md
N3070,-0.42,results/s6_value_of_prediction.csv,"{""scheme"": ""matched_to_p1"", ""selector"": ""risk_top_m"", ""setting"": ""k=4""}",overtime_min_vs_random,{:+.2f},docs/report_assets/tables/t19_value_of_prediction.md
N3071,-0.98,results/s6_value_of_prediction.csv,"{""scheme"": ""matched_to_p1"", ""selector"": ""risk_top_m"", ""setting"": ""k=4""}",overtime_min_vs_random_lo,{:+.2f},docs/report_assets/tables/t19_value_of_prediction.md
N3072,+0.13,results/s6_value_of_prediction.csv,"{""scheme"": ""matched_to_p1"", ""selector"": ""risk_top_m"", ""setting"": ""k=4""}",overtime_min_vs_random_hi,{:+.2f},docs/report_assets/tables/t19_value_of_prediction.md
N3073,50.5%,results/s6_value_of_prediction.csv,"{""scheme"": ""matched_to_p1"", ""selector"": ""risk_top_m"", ""setting"": ""k=4""}",share_double_slots_both_attend,{:.1%},docs/report_assets/tables/t19_value_of_prediction.md
N3074,4.00,results/s6_value_of_prediction.csv,"{""scheme"": ""matched_to_p1"", ""selector"": ""random"", ""setting"": ""k=4""}",double_slots_mean,{:.2f},docs/report_assets/tables/t19_value_of_prediction.md
N3075,11.0,results/s6_value_of_prediction.csv,"{""scheme"": ""matched_to_p1"", ""selector"": ""random"", ""setting"": ""k=4""}",mean_wait_min,{:.1f},docs/report_assets/tables/t19_value_of_prediction.md
N3076,+1.06,results/s6_value_of_prediction.csv,"{""scheme"": ""matched_to_p1"", ""selector"": ""random"", ""setting"": ""k=4""}",mean_wait_min_vs_uniform,{:+.2f},docs/report_assets/tables/t19_value_of_prediction.md
N3077,+0.79,results/s6_value_of_prediction.csv,"{""scheme"": ""matched_to_p1"", ""selector"": ""random"", ""setting"": ""k=4""}",mean_wait_min_vs_uniform_lo,{:+.2f},docs/report_assets/tables/t19_value_of_prediction.md
N3078,+1.33,results/s6_value_of_prediction.csv,"{""scheme"": ""matched_to_p1"", ""selector"": ""random"", ""setting"": ""k=4""}",mean_wait_min_vs_uniform_hi,{:+.2f},docs/report_assets/tables/t19_value_of_prediction.md
N3079,+0.00,results/s6_value_of_prediction.csv,"{""scheme"": ""matched_to_p1"", ""selector"": ""random"", ""setting"": ""k=4""}",mean_wait_min_vs_random,{:+.2f},docs/report_assets/tables/t19_value_of_prediction.md
N3080,+0.00,results/s6_value_of_prediction.csv,"{""scheme"": ""matched_to_p1"", ""selector"": ""random"", ""setting"": ""k=4""}",mean_wait_min_vs_random_lo,{:+.2f},docs/report_assets/tables/t19_value_of_prediction.md
N3081,+0.00,results/s6_value_of_prediction.csv,"{""scheme"": ""matched_to_p1"", ""selector"": ""random"", ""setting"": ""k=4""}",mean_wait_min_vs_random_hi,{:+.2f},docs/report_assets/tables/t19_value_of_prediction.md
N3082,-3.00,results/s6_value_of_prediction.csv,"{""scheme"": ""matched_to_p1"", ""selector"": ""random"", ""setting"": ""k=4""}",overtime_min_vs_uniform,{:+.2f},docs/report_assets/tables/t19_value_of_prediction.md
N3083,-3.44,results/s6_value_of_prediction.csv,"{""scheme"": ""matched_to_p1"", ""selector"": ""random"", ""setting"": ""k=4""}",overtime_min_vs_uniform_lo,{:+.2f},docs/report_assets/tables/t19_value_of_prediction.md
N3084,-2.55,results/s6_value_of_prediction.csv,"{""scheme"": ""matched_to_p1"", ""selector"": ""random"", ""setting"": ""k=4""}",overtime_min_vs_uniform_hi,{:+.2f},docs/report_assets/tables/t19_value_of_prediction.md
N3085,+0.00,results/s6_value_of_prediction.csv,"{""scheme"": ""matched_to_p1"", ""selector"": ""random"", ""setting"": ""k=4""}",overtime_min_vs_random,{:+.2f},docs/report_assets/tables/t19_value_of_prediction.md
N3086,+0.00,results/s6_value_of_prediction.csv,"{""scheme"": ""matched_to_p1"", ""selector"": ""random"", ""setting"": ""k=4""}",overtime_min_vs_random_lo,{:+.2f},docs/report_assets/tables/t19_value_of_prediction.md
N3087,+0.00,results/s6_value_of_prediction.csv,"{""scheme"": ""matched_to_p1"", ""selector"": ""random"", ""setting"": ""k=4""}",overtime_min_vs_random_hi,{:+.2f},docs/report_assets/tables/t19_value_of_prediction.md
N3088,63.1%,results/s6_value_of_prediction.csv,"{""scheme"": ""matched_to_p1"", ""selector"": ""random"", ""setting"": ""k=4""}",share_double_slots_both_attend,{:.1%},docs/report_assets/tables/t19_value_of_prediction.md
N3089,4.00,results/s6_value_of_prediction.csv,"{""scheme"": ""matched_to_p1"", ""selector"": ""oracle"", ""setting"": ""k=4""}",double_slots_mean,{:.2f},docs/report_assets/tables/t19_value_of_prediction.md
N3090,7.7,results/s6_value_of_prediction.csv,"{""scheme"": ""matched_to_p1"", ""selector"": ""oracle"", ""setting"": ""k=4""}",mean_wait_min,{:.1f},docs/report_assets/tables/t19_value_of_prediction.md
N3091,-2.18,results/s6_value_of_prediction.csv,"{""scheme"": ""matched_to_p1"", ""selector"": ""oracle"", ""setting"": ""k=4""}",mean_wait_min_vs_uniform,{:+.2f},docs/report_assets/tables/t19_value_of_prediction.md
N3092,-2.44,results/s6_value_of_prediction.csv,"{""scheme"": ""matched_to_p1"", ""selector"": ""oracle"", ""setting"": ""k=4""}",mean_wait_min_vs_uniform_lo,{:+.2f},docs/report_assets/tables/t19_value_of_prediction.md
N3093,-1.92,results/s6_value_of_prediction.csv,"{""scheme"": ""matched_to_p1"", ""selector"": ""oracle"", ""setting"": ""k=4""}",mean_wait_min_vs_uniform_hi,{:+.2f},docs/report_assets/tables/t19_value_of_prediction.md
N3094,-3.24,results/s6_value_of_prediction.csv,"{""scheme"": ""matched_to_p1"", ""selector"": ""oracle"", ""setting"": ""k=4""}",mean_wait_min_vs_random,{:+.2f},docs/report_assets/tables/t19_value_of_prediction.md
N3095,-3.55,results/s6_value_of_prediction.csv,"{""scheme"": ""matched_to_p1"", ""selector"": ""oracle"", ""setting"": ""k=4""}",mean_wait_min_vs_random_lo,{:+.2f},docs/report_assets/tables/t19_value_of_prediction.md
N3096,-2.92,results/s6_value_of_prediction.csv,"{""scheme"": ""matched_to_p1"", ""selector"": ""oracle"", ""setting"": ""k=4""}",mean_wait_min_vs_random_hi,{:+.2f},docs/report_assets/tables/t19_value_of_prediction.md
N3097,-5.73,results/s6_value_of_prediction.csv,"{""scheme"": ""matched_to_p1"", ""selector"": ""oracle"", ""setting"": ""k=4""}",overtime_min_vs_uniform,{:+.2f},docs/report_assets/tables/t19_value_of_prediction.md
N3098,-6.20,results/s6_value_of_prediction.csv,"{""scheme"": ""matched_to_p1"", ""selector"": ""oracle"", ""setting"": ""k=4""}",overtime_min_vs_uniform_lo,{:+.2f},docs/report_assets/tables/t19_value_of_prediction.md
N3099,-5.27,results/s6_value_of_prediction.csv,"{""scheme"": ""matched_to_p1"", ""selector"": ""oracle"", ""setting"": ""k=4""}",overtime_min_vs_uniform_hi,{:+.2f},docs/report_assets/tables/t19_value_of_prediction.md
N3100,-2.74,results/s6_value_of_prediction.csv,"{""scheme"": ""matched_to_p1"", ""selector"": ""oracle"", ""setting"": ""k=4""}",overtime_min_vs_random,{:+.2f},docs/report_assets/tables/t19_value_of_prediction.md
N3101,-3.28,results/s6_value_of_prediction.csv,"{""scheme"": ""matched_to_p1"", ""selector"": ""oracle"", ""setting"": ""k=4""}",overtime_min_vs_random_lo,{:+.2f},docs/report_assets/tables/t19_value_of_prediction.md
N3102,-2.20,results/s6_value_of_prediction.csv,"{""scheme"": ""matched_to_p1"", ""selector"": ""oracle"", ""setting"": ""k=4""}",overtime_min_vs_random_hi,{:+.2f},docs/report_assets/tables/t19_value_of_prediction.md
N3103,21.4%,results/s6_value_of_prediction.csv,"{""scheme"": ""matched_to_p1"", ""selector"": ""oracle"", ""setting"": ""k=4""}",share_double_slots_both_attend,{:.1%},docs/report_assets/tables/t19_value_of_prediction.md
N3104,2.00,results/s6_value_of_prediction.csv,"{""scheme"": ""matched_to_p1"", ""selector"": ""p1_uniform_k"", ""setting"": ""k=6""}",double_slots_mean,{:.2f},docs/report_assets/tables/t19_value_of_prediction.md
N3105,6.9,results/s6_value_of_prediction.csv,"{""scheme"": ""matched_to_p1"", ""selector"": ""p1_uniform_k"", ""setting"": ""k=6""}",mean_wait_min,{:.1f},docs/report_assets/tables/t19_value_of_prediction.md
N3106,+0.00,results/s6_value_of_prediction.csv,"{""scheme"": ""matched_to_p1"", ""selector"": ""p1_uniform_k"", ""setting"": ""k=6""}",mean_wait_min_vs_uniform,{:+.2f},docs/report_assets/tables/t19_value_of_prediction.md
N3107,+0.00,results/s6_value_of_prediction.csv,"{""scheme"": ""matched_to_p1"", ""selector"": ""p1_uniform_k"", ""setting"": ""k=6""}",mean_wait_min_vs_uniform_lo,{:+.2f},docs/report_assets/tables/t19_value_of_prediction.md
N3108,+0.00,results/s6_value_of_prediction.csv,"{""scheme"": ""matched_to_p1"", ""selector"": ""p1_uniform_k"", ""setting"": ""k=6""}",mean_wait_min_vs_uniform_hi,{:+.2f},docs/report_assets/tables/t19_value_of_prediction.md
N3109,+0.16,results/s6_value_of_prediction.csv,"{""scheme"": ""matched_to_p1"", ""selector"": ""p1_uniform_k"", ""setting"": ""k=6""}",mean_wait_min_vs_random,{:+.2f},docs/report_assets/tables/t19_value_of_prediction.md
N3110,-0.04,results/s6_value_of_prediction.csv,"{""scheme"": ""matched_to_p1"", ""selector"": ""p1_uniform_k"", ""setting"": ""k=6""}",mean_wait_min_vs_random_lo,{:+.2f},docs/report_assets/tables/t19_value_of_prediction.md
N3111,+0.37,results/s6_value_of_prediction.csv,"{""scheme"": ""matched_to_p1"", ""selector"": ""p1_uniform_k"", ""setting"": ""k=6""}",mean_wait_min_vs_random_hi,{:+.2f},docs/report_assets/tables/t19_value_of_prediction.md
N3112,+0.00,results/s6_value_of_prediction.csv,"{""scheme"": ""matched_to_p1"", ""selector"": ""p1_uniform_k"", ""setting"": ""k=6""}",overtime_min_vs_uniform,{:+.2f},docs/report_assets/tables/t19_value_of_prediction.md
N3113,+0.00,results/s6_value_of_prediction.csv,"{""scheme"": ""matched_to_p1"", ""selector"": ""p1_uniform_k"", ""setting"": ""k=6""}",overtime_min_vs_uniform_lo,{:+.2f},docs/report_assets/tables/t19_value_of_prediction.md
N3114,+0.00,results/s6_value_of_prediction.csv,"{""scheme"": ""matched_to_p1"", ""selector"": ""p1_uniform_k"", ""setting"": ""k=6""}",overtime_min_vs_uniform_hi,{:+.2f},docs/report_assets/tables/t19_value_of_prediction.md
N3115,-0.86,results/s6_value_of_prediction.csv,"{""scheme"": ""matched_to_p1"", ""selector"": ""p1_uniform_k"", ""setting"": ""k=6""}",overtime_min_vs_random,{:+.2f},docs/report_assets/tables/t19_value_of_prediction.md
N3116,-1.19,results/s6_value_of_prediction.csv,"{""scheme"": ""matched_to_p1"", ""selector"": ""p1_uniform_k"", ""setting"": ""k=6""}",overtime_min_vs_random_lo,{:+.2f},docs/report_assets/tables/t19_value_of_prediction.md
N3117,-0.52,results/s6_value_of_prediction.csv,"{""scheme"": ""matched_to_p1"", ""selector"": ""p1_uniform_k"", ""setting"": ""k=6""}",overtime_min_vs_random_hi,{:+.2f},docs/report_assets/tables/t19_value_of_prediction.md
N3118,63.9%,results/s6_value_of_prediction.csv,"{""scheme"": ""matched_to_p1"", ""selector"": ""p1_uniform_k"", ""setting"": ""k=6""}",share_double_slots_both_attend,{:.1%},docs/report_assets/tables/t19_value_of_prediction.md
N3119,2.00,results/s6_value_of_prediction.csv,"{""scheme"": ""matched_to_p1"", ""selector"": ""risk_top_m"", ""setting"": ""k=6""}",double_slots_mean,{:.2f},docs/report_assets/tables/t19_value_of_prediction.md
N3120,6.1,results/s6_value_of_prediction.csv,"{""scheme"": ""matched_to_p1"", ""selector"": ""risk_top_m"", ""setting"": ""k=6""}",mean_wait_min,{:.1f},docs/report_assets/tables/t19_value_of_prediction.md
N3121,-0.81,results/s6_value_of_prediction.csv,"{""scheme"": ""matched_to_p1"", ""selector"": ""risk_top_m"", ""setting"": ""k=6""}",mean_wait_min_vs_uniform,{:+.2f},docs/report_assets/tables/t19_value_of_prediction.md
N3122,-1.00,results/s6_value_of_prediction.csv,"{""scheme"": ""matched_to_p1"", ""selector"": ""risk_top_m"", ""setting"": ""k=6""}",mean_wait_min_vs_uniform_lo,{:+.2f},docs/report_assets/tables/t19_value_of_prediction.md
N3123,-0.62,results/s6_value_of_prediction.csv,"{""scheme"": ""matched_to_p1"", ""selector"": ""risk_top_m"", ""setting"": ""k=6""}",mean_wait_min_vs_uniform_hi,{:+.2f},docs/report_assets/tables/t19_value_of_prediction.md
N3124,-0.64,results/s6_value_of_prediction.csv,"{""scheme"": ""matched_to_p1"", ""selector"": ""risk_top_m"", ""setting"": ""k=6""}",mean_wait_min_vs_random,{:+.2f},docs/report_assets/tables/t19_value_of_prediction.md
N3125,-0.86,results/s6_value_of_prediction.csv,"{""scheme"": ""matched_to_p1"", ""selector"": ""risk_top_m"", ""setting"": ""k=6""}",mean_wait_min_vs_random_lo,{:+.2f},docs/report_assets/tables/t19_value_of_prediction.md
N3126,-0.43,results/s6_value_of_prediction.csv,"{""scheme"": ""matched_to_p1"", ""selector"": ""risk_top_m"", ""setting"": ""k=6""}",mean_wait_min_vs_random_hi,{:+.2f},docs/report_assets/tables/t19_value_of_prediction.md
N3127,+0.56,results/s6_value_of_prediction.csv,"{""scheme"": ""matched_to_p1"", ""selector"": ""risk_top_m"", ""setting"": ""k=6""}",overtime_min_vs_uniform,{:+.2f},docs/report_assets/tables/t19_value_of_prediction.md
N3128,+0.24,results/s6_value_of_prediction.csv,"{""scheme"": ""matched_to_p1"", ""selector"": ""risk_top_m"", ""setting"": ""k=6""}",overtime_min_vs_uniform_lo,{:+.2f},docs/report_assets/tables/t19_value_of_prediction.md
N3129,+0.89,results/s6_value_of_prediction.csv,"{""scheme"": ""matched_to_p1"", ""selector"": ""risk_top_m"", ""setting"": ""k=6""}",overtime_min_vs_uniform_hi,{:+.2f},docs/report_assets/tables/t19_value_of_prediction.md
N3130,-0.29,results/s6_value_of_prediction.csv,"{""scheme"": ""matched_to_p1"", ""selector"": ""risk_top_m"", ""setting"": ""k=6""}",overtime_min_vs_random,{:+.2f},docs/report_assets/tables/t19_value_of_prediction.md
N3131,-0.70,results/s6_value_of_prediction.csv,"{""scheme"": ""matched_to_p1"", ""selector"": ""risk_top_m"", ""setting"": ""k=6""}",overtime_min_vs_random_lo,{:+.2f},docs/report_assets/tables/t19_value_of_prediction.md
N3132,+0.11,results/s6_value_of_prediction.csv,"{""scheme"": ""matched_to_p1"", ""selector"": ""risk_top_m"", ""setting"": ""k=6""}",overtime_min_vs_random_hi,{:+.2f},docs/report_assets/tables/t19_value_of_prediction.md
N3133,47.4%,results/s6_value_of_prediction.csv,"{""scheme"": ""matched_to_p1"", ""selector"": ""risk_top_m"", ""setting"": ""k=6""}",share_double_slots_both_attend,{:.1%},docs/report_assets/tables/t19_value_of_prediction.md
N3134,2.00,results/s6_value_of_prediction.csv,"{""scheme"": ""matched_to_p1"", ""selector"": ""random"", ""setting"": ""k=6""}",double_slots_mean,{:.2f},docs/report_assets/tables/t19_value_of_prediction.md
N3135,6.7,results/s6_value_of_prediction.csv,"{""scheme"": ""matched_to_p1"", ""selector"": ""random"", ""setting"": ""k=6""}",mean_wait_min,{:.1f},docs/report_assets/tables/t19_value_of_prediction.md
N3136,-0.16,results/s6_value_of_prediction.csv,"{""scheme"": ""matched_to_p1"", ""selector"": ""random"", ""setting"": ""k=6""}",mean_wait_min_vs_uniform,{:+.2f},docs/report_assets/tables/t19_value_of_prediction.md
N3137,-0.37,results/s6_value_of_prediction.csv,"{""scheme"": ""matched_to_p1"", ""selector"": ""random"", ""setting"": ""k=6""}",mean_wait_min_vs_uniform_lo,{:+.2f},docs/report_assets/tables/t19_value_of_prediction.md
N3138,+0.04,results/s6_value_of_prediction.csv,"{""scheme"": ""matched_to_p1"", ""selector"": ""random"", ""setting"": ""k=6""}",mean_wait_min_vs_uniform_hi,{:+.2f},docs/report_assets/tables/t19_value_of_prediction.md
N3139,+0.00,results/s6_value_of_prediction.csv,"{""scheme"": ""matched_to_p1"", ""selector"": ""random"", ""setting"": ""k=6""}",mean_wait_min_vs_random,{:+.2f},docs/report_assets/tables/t19_value_of_prediction.md
N3140,+0.00,results/s6_value_of_prediction.csv,"{""scheme"": ""matched_to_p1"", ""selector"": ""random"", ""setting"": ""k=6""}",mean_wait_min_vs_random_lo,{:+.2f},docs/report_assets/tables/t19_value_of_prediction.md
N3141,+0.00,results/s6_value_of_prediction.csv,"{""scheme"": ""matched_to_p1"", ""selector"": ""random"", ""setting"": ""k=6""}",mean_wait_min_vs_random_hi,{:+.2f},docs/report_assets/tables/t19_value_of_prediction.md
N3142,+0.86,results/s6_value_of_prediction.csv,"{""scheme"": ""matched_to_p1"", ""selector"": ""random"", ""setting"": ""k=6""}",overtime_min_vs_uniform,{:+.2f},docs/report_assets/tables/t19_value_of_prediction.md
N3143,+0.52,results/s6_value_of_prediction.csv,"{""scheme"": ""matched_to_p1"", ""selector"": ""random"", ""setting"": ""k=6""}",overtime_min_vs_uniform_lo,{:+.2f},docs/report_assets/tables/t19_value_of_prediction.md
N3144,+1.19,results/s6_value_of_prediction.csv,"{""scheme"": ""matched_to_p1"", ""selector"": ""random"", ""setting"": ""k=6""}",overtime_min_vs_uniform_hi,{:+.2f},docs/report_assets/tables/t19_value_of_prediction.md
N3145,+0.00,results/s6_value_of_prediction.csv,"{""scheme"": ""matched_to_p1"", ""selector"": ""random"", ""setting"": ""k=6""}",overtime_min_vs_random,{:+.2f},docs/report_assets/tables/t19_value_of_prediction.md
N3146,+0.00,results/s6_value_of_prediction.csv,"{""scheme"": ""matched_to_p1"", ""selector"": ""random"", ""setting"": ""k=6""}",overtime_min_vs_random_lo,{:+.2f},docs/report_assets/tables/t19_value_of_prediction.md
N3147,+0.00,results/s6_value_of_prediction.csv,"{""scheme"": ""matched_to_p1"", ""selector"": ""random"", ""setting"": ""k=6""}",overtime_min_vs_random_hi,{:+.2f},docs/report_assets/tables/t19_value_of_prediction.md
N3148,64.0%,results/s6_value_of_prediction.csv,"{""scheme"": ""matched_to_p1"", ""selector"": ""random"", ""setting"": ""k=6""}",share_double_slots_both_attend,{:.1%},docs/report_assets/tables/t19_value_of_prediction.md
N3149,2.00,results/s6_value_of_prediction.csv,"{""scheme"": ""matched_to_p1"", ""selector"": ""oracle"", ""setting"": ""k=6""}",double_slots_mean,{:.2f},docs/report_assets/tables/t19_value_of_prediction.md
N3150,4.3,results/s6_value_of_prediction.csv,"{""scheme"": ""matched_to_p1"", ""selector"": ""oracle"", ""setting"": ""k=6""}",mean_wait_min,{:.1f},docs/report_assets/tables/t19_value_of_prediction.md
N3151,-2.54,results/s6_value_of_prediction.csv,"{""scheme"": ""matched_to_p1"", ""selector"": ""oracle"", ""setting"": ""k=6""}",mean_wait_min_vs_uniform,{:+.2f},docs/report_assets/tables/t19_value_of_prediction.md
N3152,-2.74,results/s6_value_of_prediction.csv,"{""scheme"": ""matched_to_p1"", ""selector"": ""oracle"", ""setting"": ""k=6""}",mean_wait_min_vs_uniform_lo,{:+.2f},docs/report_assets/tables/t19_value_of_prediction.md
N3153,-2.34,results/s6_value_of_prediction.csv,"{""scheme"": ""matched_to_p1"", ""selector"": ""oracle"", ""setting"": ""k=6""}",mean_wait_min_vs_uniform_hi,{:+.2f},docs/report_assets/tables/t19_value_of_prediction.md
N3154,-2.38,results/s6_value_of_prediction.csv,"{""scheme"": ""matched_to_p1"", ""selector"": ""oracle"", ""setting"": ""k=6""}",mean_wait_min_vs_random,{:+.2f},docs/report_assets/tables/t19_value_of_prediction.md
N3155,-2.57,results/s6_value_of_prediction.csv,"{""scheme"": ""matched_to_p1"", ""selector"": ""oracle"", ""setting"": ""k=6""}",mean_wait_min_vs_random_lo,{:+.2f},docs/report_assets/tables/t19_value_of_prediction.md
N3156,-2.18,results/s6_value_of_prediction.csv,"{""scheme"": ""matched_to_p1"", ""selector"": ""oracle"", ""setting"": ""k=6""}",mean_wait_min_vs_random_hi,{:+.2f},docs/report_assets/tables/t19_value_of_prediction.md
N3157,-1.02,results/s6_value_of_prediction.csv,"{""scheme"": ""matched_to_p1"", ""selector"": ""oracle"", ""setting"": ""k=6""}",overtime_min_vs_uniform,{:+.2f},docs/report_assets/tables/t19_value_of_prediction.md
N3158,-1.34,results/s6_value_of_prediction.csv,"{""scheme"": ""matched_to_p1"", ""selector"": ""oracle"", ""setting"": ""k=6""}",overtime_min_vs_uniform_lo,{:+.2f},docs/report_assets/tables/t19_value_of_prediction.md
N3159,-0.70,results/s6_value_of_prediction.csv,"{""scheme"": ""matched_to_p1"", ""selector"": ""oracle"", ""setting"": ""k=6""}",overtime_min_vs_uniform_hi,{:+.2f},docs/report_assets/tables/t19_value_of_prediction.md
N3160,-1.88,results/s6_value_of_prediction.csv,"{""scheme"": ""matched_to_p1"", ""selector"": ""oracle"", ""setting"": ""k=6""}",overtime_min_vs_random,{:+.2f},docs/report_assets/tables/t19_value_of_prediction.md
N3161,-2.28,results/s6_value_of_prediction.csv,"{""scheme"": ""matched_to_p1"", ""selector"": ""oracle"", ""setting"": ""k=6""}",overtime_min_vs_random_lo,{:+.2f},docs/report_assets/tables/t19_value_of_prediction.md
N3162,-1.47,results/s6_value_of_prediction.csv,"{""scheme"": ""matched_to_p1"", ""selector"": ""oracle"", ""setting"": ""k=6""}",overtime_min_vs_random_hi,{:+.2f},docs/report_assets/tables/t19_value_of_prediction.md
N3163,6.5%,results/s6_value_of_prediction.csv,"{""scheme"": ""matched_to_p1"", ""selector"": ""oracle"", ""setting"": ""k=6""}",share_double_slots_both_attend,{:.1%},docs/report_assets/tables/t19_value_of_prediction.md
N3164,4.36,results/s6_value_of_prediction.csv,"{""scheme"": ""matched_to_p2"", ""selector"": ""p2_risk_threshold"", ""setting"": ""0.3""}",double_slots_mean,{:.2f},docs/report_assets/tables/t19_value_of_prediction.md
N3165,11.0,results/s6_value_of_prediction.csv,"{""scheme"": ""matched_to_p2"", ""selector"": ""p2_risk_threshold"", ""setting"": ""0.3""}",mean_wait_min,{:.1f},docs/report_assets/tables/t19_value_of_prediction.md
N3166,-0.41,results/s6_value_of_prediction.csv,"{""scheme"": ""matched_to_p2"", ""selector"": ""p2_risk_threshold"", ""setting"": ""0.3""}",mean_wait_min_vs_uniform,{:+.2f},docs/report_assets/tables/t19_value_of_prediction.md
N3167,-0.68,results/s6_value_of_prediction.csv,"{""scheme"": ""matched_to_p2"", ""selector"": ""p2_risk_threshold"", ""setting"": ""0.3""}",mean_wait_min_vs_uniform_lo,{:+.2f},docs/report_assets/tables/t19_value_of_prediction.md
N3168,-0.15,results/s6_value_of_prediction.csv,"{""scheme"": ""matched_to_p2"", ""selector"": ""p2_risk_threshold"", ""setting"": ""0.3""}",mean_wait_min_vs_uniform_hi,{:+.2f},docs/report_assets/tables/t19_value_of_prediction.md
N3169,-1.02,results/s6_value_of_prediction.csv,"{""scheme"": ""matched_to_p2"", ""selector"": ""p2_risk_threshold"", ""setting"": ""0.3""}",mean_wait_min_vs_random,{:+.2f},docs/report_assets/tables/t19_value_of_prediction.md
N3170,-1.33,results/s6_value_of_prediction.csv,"{""scheme"": ""matched_to_p2"", ""selector"": ""p2_risk_threshold"", ""setting"": ""0.3""}",mean_wait_min_vs_random_lo,{:+.2f},docs/report_assets/tables/t19_value_of_prediction.md
N3171,-0.71,results/s6_value_of_prediction.csv,"{""scheme"": ""matched_to_p2"", ""selector"": ""p2_risk_threshold"", ""setting"": ""0.3""}",mean_wait_min_vs_random_hi,{:+.2f},docs/report_assets/tables/t19_value_of_prediction.md
N3172,+0.16,results/s6_value_of_prediction.csv,"{""scheme"": ""matched_to_p2"", ""selector"": ""p2_risk_threshold"", ""setting"": ""0.3""}",overtime_min_vs_uniform,{:+.2f},docs/report_assets/tables/t19_value_of_prediction.md
N3173,-0.27,results/s6_value_of_prediction.csv,"{""scheme"": ""matched_to_p2"", ""selector"": ""p2_risk_threshold"", ""setting"": ""0.3""}",overtime_min_vs_uniform_lo,{:+.2f},docs/report_assets/tables/t19_value_of_prediction.md
N3174,+0.59,results/s6_value_of_prediction.csv,"{""scheme"": ""matched_to_p2"", ""selector"": ""p2_risk_threshold"", ""setting"": ""0.3""}",overtime_min_vs_uniform_hi,{:+.2f},docs/report_assets/tables/t19_value_of_prediction.md
N3175,-0.21,results/s6_value_of_prediction.csv,"{""scheme"": ""matched_to_p2"", ""selector"": ""p2_risk_threshold"", ""setting"": ""0.3""}",overtime_min_vs_random,{:+.2f},docs/report_assets/tables/t19_value_of_prediction.md
N3176,-0.75,results/s6_value_of_prediction.csv,"{""scheme"": ""matched_to_p2"", ""selector"": ""p2_risk_threshold"", ""setting"": ""0.3""}",overtime_min_vs_random_lo,{:+.2f},docs/report_assets/tables/t19_value_of_prediction.md
N3177,+0.32,results/s6_value_of_prediction.csv,"{""scheme"": ""matched_to_p2"", ""selector"": ""p2_risk_threshold"", ""setting"": ""0.3""}",overtime_min_vs_random_hi,{:+.2f},docs/report_assets/tables/t19_value_of_prediction.md
N3178,50.7%,results/s6_value_of_prediction.csv,"{""scheme"": ""matched_to_p2"", ""selector"": ""p2_risk_threshold"", ""setting"": ""0.3""}",share_double_slots_both_attend,{:.1%},docs/report_assets/tables/t19_value_of_prediction.md
N3179,4.36,results/s6_value_of_prediction.csv,"{""scheme"": ""matched_to_p2"", ""selector"": ""random"", ""setting"": ""0.3""}",double_slots_mean,{:.2f},docs/report_assets/tables/t19_value_of_prediction.md
N3180,12.1,results/s6_value_of_prediction.csv,"{""scheme"": ""matched_to_p2"", ""selector"": ""random"", ""setting"": ""0.3""}",mean_wait_min,{:.1f},docs/report_assets/tables/t19_value_of_prediction.md
N3181,+0.61,results/s6_value_of_prediction.csv,"{""scheme"": ""matched_to_p2"", ""selector"": ""random"", ""setting"": ""0.3""}",mean_wait_min_vs_uniform,{:+.2f},docs/report_assets/tables/t19_value_of_prediction.md
N3182,+0.34,results/s6_value_of_prediction.csv,"{""scheme"": ""matched_to_p2"", ""selector"": ""random"", ""setting"": ""0.3""}",mean_wait_min_vs_uniform_lo,{:+.2f},docs/report_assets/tables/t19_value_of_prediction.md
N3183,+0.88,results/s6_value_of_prediction.csv,"{""scheme"": ""matched_to_p2"", ""selector"": ""random"", ""setting"": ""0.3""}",mean_wait_min_vs_uniform_hi,{:+.2f},docs/report_assets/tables/t19_value_of_prediction.md
N3184,+0.00,results/s6_value_of_prediction.csv,"{""scheme"": ""matched_to_p2"", ""selector"": ""random"", ""setting"": ""0.3""}",mean_wait_min_vs_random,{:+.2f},docs/report_assets/tables/t19_value_of_prediction.md
N3185,+0.00,results/s6_value_of_prediction.csv,"{""scheme"": ""matched_to_p2"", ""selector"": ""random"", ""setting"": ""0.3""}",mean_wait_min_vs_random_lo,{:+.2f},docs/report_assets/tables/t19_value_of_prediction.md
N3186,+0.00,results/s6_value_of_prediction.csv,"{""scheme"": ""matched_to_p2"", ""selector"": ""random"", ""setting"": ""0.3""}",mean_wait_min_vs_random_hi,{:+.2f},docs/report_assets/tables/t19_value_of_prediction.md
N3187,+0.37,results/s6_value_of_prediction.csv,"{""scheme"": ""matched_to_p2"", ""selector"": ""random"", ""setting"": ""0.3""}",overtime_min_vs_uniform,{:+.2f},docs/report_assets/tables/t19_value_of_prediction.md
N3188,-0.04,results/s6_value_of_prediction.csv,"{""scheme"": ""matched_to_p2"", ""selector"": ""random"", ""setting"": ""0.3""}",overtime_min_vs_uniform_lo,{:+.2f},docs/report_assets/tables/t19_value_of_prediction.md
N3189,+0.79,results/s6_value_of_prediction.csv,"{""scheme"": ""matched_to_p2"", ""selector"": ""random"", ""setting"": ""0.3""}",overtime_min_vs_uniform_hi,{:+.2f},docs/report_assets/tables/t19_value_of_prediction.md
N3190,+0.00,results/s6_value_of_prediction.csv,"{""scheme"": ""matched_to_p2"", ""selector"": ""random"", ""setting"": ""0.3""}",overtime_min_vs_random,{:+.2f},docs/report_assets/tables/t19_value_of_prediction.md
N3191,+0.00,results/s6_value_of_prediction.csv,"{""scheme"": ""matched_to_p2"", ""selector"": ""random"", ""setting"": ""0.3""}",overtime_min_vs_random_lo,{:+.2f},docs/report_assets/tables/t19_value_of_prediction.md
N3192,+0.00,results/s6_value_of_prediction.csv,"{""scheme"": ""matched_to_p2"", ""selector"": ""random"", ""setting"": ""0.3""}",overtime_min_vs_random_hi,{:+.2f},docs/report_assets/tables/t19_value_of_prediction.md
N3193,63.3%,results/s6_value_of_prediction.csv,"{""scheme"": ""matched_to_p2"", ""selector"": ""random"", ""setting"": ""0.3""}",share_double_slots_both_attend,{:.1%},docs/report_assets/tables/t19_value_of_prediction.md
N3194,4.36,results/s6_value_of_prediction.csv,"{""scheme"": ""matched_to_p2"", ""selector"": ""uniform"", ""setting"": ""0.3""}",double_slots_mean,{:.2f},docs/report_assets/tables/t19_value_of_prediction.md
N3195,11.4,results/s6_value_of_prediction.csv,"{""scheme"": ""matched_to_p2"", ""selector"": ""uniform"", ""setting"": ""0.3""}",mean_wait_min,{:.1f},docs/report_assets/tables/t19_value_of_prediction.md
N3196,+0.00,results/s6_value_of_prediction.csv,"{""scheme"": ""matched_to_p2"", ""selector"": ""uniform"", ""setting"": ""0.3""}",mean_wait_min_vs_uniform,{:+.2f},docs/report_assets/tables/t19_value_of_prediction.md
N3197,+0.00,results/s6_value_of_prediction.csv,"{""scheme"": ""matched_to_p2"", ""selector"": ""uniform"", ""setting"": ""0.3""}",mean_wait_min_vs_uniform_lo,{:+.2f},docs/report_assets/tables/t19_value_of_prediction.md
N3198,+0.00,results/s6_value_of_prediction.csv,"{""scheme"": ""matched_to_p2"", ""selector"": ""uniform"", ""setting"": ""0.3""}",mean_wait_min_vs_uniform_hi,{:+.2f},docs/report_assets/tables/t19_value_of_prediction.md
N3199,-0.61,results/s6_value_of_prediction.csv,"{""scheme"": ""matched_to_p2"", ""selector"": ""uniform"", ""setting"": ""0.3""}",mean_wait_min_vs_random,{:+.2f},docs/report_assets/tables/t19_value_of_prediction.md
N3200,-0.88,results/s6_value_of_prediction.csv,"{""scheme"": ""matched_to_p2"", ""selector"": ""uniform"", ""setting"": ""0.3""}",mean_wait_min_vs_random_lo,{:+.2f},docs/report_assets/tables/t19_value_of_prediction.md
N3201,-0.34,results/s6_value_of_prediction.csv,"{""scheme"": ""matched_to_p2"", ""selector"": ""uniform"", ""setting"": ""0.3""}",mean_wait_min_vs_random_hi,{:+.2f},docs/report_assets/tables/t19_value_of_prediction.md
N3202,+0.00,results/s6_value_of_prediction.csv,"{""scheme"": ""matched_to_p2"", ""selector"": ""uniform"", ""setting"": ""0.3""}",overtime_min_vs_uniform,{:+.2f},docs/report_assets/tables/t19_value_of_prediction.md
N3203,+0.00,results/s6_value_of_prediction.csv,"{""scheme"": ""matched_to_p2"", ""selector"": ""uniform"", ""setting"": ""0.3""}",overtime_min_vs_uniform_lo,{:+.2f},docs/report_assets/tables/t19_value_of_prediction.md
N3204,+0.00,results/s6_value_of_prediction.csv,"{""scheme"": ""matched_to_p2"", ""selector"": ""uniform"", ""setting"": ""0.3""}",overtime_min_vs_uniform_hi,{:+.2f},docs/report_assets/tables/t19_value_of_prediction.md
N3205,-0.37,results/s6_value_of_prediction.csv,"{""scheme"": ""matched_to_p2"", ""selector"": ""uniform"", ""setting"": ""0.3""}",overtime_min_vs_random,{:+.2f},docs/report_assets/tables/t19_value_of_prediction.md
N3206,-0.79,results/s6_value_of_prediction.csv,"{""scheme"": ""matched_to_p2"", ""selector"": ""uniform"", ""setting"": ""0.3""}",overtime_min_vs_random_lo,{:+.2f},docs/report_assets/tables/t19_value_of_prediction.md
N3207,+0.04,results/s6_value_of_prediction.csv,"{""scheme"": ""matched_to_p2"", ""selector"": ""uniform"", ""setting"": ""0.3""}",overtime_min_vs_random_hi,{:+.2f},docs/report_assets/tables/t19_value_of_prediction.md
N3208,63.2%,results/s6_value_of_prediction.csv,"{""scheme"": ""matched_to_p2"", ""selector"": ""uniform"", ""setting"": ""0.3""}",share_double_slots_both_attend,{:.1%},docs/report_assets/tables/t19_value_of_prediction.md
N3209,4.36,results/s6_value_of_prediction.csv,"{""scheme"": ""matched_to_p2"", ""selector"": ""oracle"", ""setting"": ""0.3""}",double_slots_mean,{:.2f},docs/report_assets/tables/t19_value_of_prediction.md
N3210,9.0,results/s6_value_of_prediction.csv,"{""scheme"": ""matched_to_p2"", ""selector"": ""oracle"", ""setting"": ""0.3""}",mean_wait_min,{:.1f},docs/report_assets/tables/t19_value_of_prediction.md
N3211,-2.48,results/s6_value_of_prediction.csv,"{""scheme"": ""matched_to_p2"", ""selector"": ""oracle"", ""setting"": ""0.3""}",mean_wait_min_vs_uniform,{:+.2f},docs/report_assets/tables/t19_value_of_prediction.md
N3212,-2.74,results/s6_value_of_prediction.csv,"{""scheme"": ""matched_to_p2"", ""selector"": ""oracle"", ""setting"": ""0.3""}",mean_wait_min_vs_uniform_lo,{:+.2f},docs/report_assets/tables/t19_value_of_prediction.md
N3213,-2.23,results/s6_value_of_prediction.csv,"{""scheme"": ""matched_to_p2"", ""selector"": ""oracle"", ""setting"": ""0.3""}",mean_wait_min_vs_uniform_hi,{:+.2f},docs/report_assets/tables/t19_value_of_prediction.md
N3214,-3.09,results/s6_value_of_prediction.csv,"{""scheme"": ""matched_to_p2"", ""selector"": ""oracle"", ""setting"": ""0.3""}",mean_wait_min_vs_random,{:+.2f},docs/report_assets/tables/t19_value_of_prediction.md
N3215,-3.40,results/s6_value_of_prediction.csv,"{""scheme"": ""matched_to_p2"", ""selector"": ""oracle"", ""setting"": ""0.3""}",mean_wait_min_vs_random_lo,{:+.2f},docs/report_assets/tables/t19_value_of_prediction.md
N3216,-2.78,results/s6_value_of_prediction.csv,"{""scheme"": ""matched_to_p2"", ""selector"": ""oracle"", ""setting"": ""0.3""}",mean_wait_min_vs_random_hi,{:+.2f},docs/report_assets/tables/t19_value_of_prediction.md
N3217,-2.08,results/s6_value_of_prediction.csv,"{""scheme"": ""matched_to_p2"", ""selector"": ""oracle"", ""setting"": ""0.3""}",overtime_min_vs_uniform,{:+.2f},docs/report_assets/tables/t19_value_of_prediction.md
N3218,-2.51,results/s6_value_of_prediction.csv,"{""scheme"": ""matched_to_p2"", ""selector"": ""oracle"", ""setting"": ""0.3""}",overtime_min_vs_uniform_lo,{:+.2f},docs/report_assets/tables/t19_value_of_prediction.md
N3219,-1.65,results/s6_value_of_prediction.csv,"{""scheme"": ""matched_to_p2"", ""selector"": ""oracle"", ""setting"": ""0.3""}",overtime_min_vs_uniform_hi,{:+.2f},docs/report_assets/tables/t19_value_of_prediction.md
N3220,-2.45,results/s6_value_of_prediction.csv,"{""scheme"": ""matched_to_p2"", ""selector"": ""oracle"", ""setting"": ""0.3""}",overtime_min_vs_random,{:+.2f},docs/report_assets/tables/t19_value_of_prediction.md
N3221,-2.99,results/s6_value_of_prediction.csv,"{""scheme"": ""matched_to_p2"", ""selector"": ""oracle"", ""setting"": ""0.3""}",overtime_min_vs_random_lo,{:+.2f},docs/report_assets/tables/t19_value_of_prediction.md
N3222,-1.91,results/s6_value_of_prediction.csv,"{""scheme"": ""matched_to_p2"", ""selector"": ""oracle"", ""setting"": ""0.3""}",overtime_min_vs_random_hi,{:+.2f},docs/report_assets/tables/t19_value_of_prediction.md
N3223,26.8%,results/s6_value_of_prediction.csv,"{""scheme"": ""matched_to_p2"", ""selector"": ""oracle"", ""setting"": ""0.3""}",share_double_slots_both_attend,{:.1%},docs/report_assets/tables/t19_value_of_prediction.md
N3224,0.07,results/s6_value_of_prediction.csv,"{""scheme"": ""matched_to_p2"", ""selector"": ""p2_risk_threshold"", ""setting"": ""0.5""}",double_slots_mean,{:.2f},docs/report_assets/tables/t19_value_of_prediction.md
N3225,3.0,results/s6_value_of_prediction.csv,"{""scheme"": ""matched_to_p2"", ""selector"": ""p2_risk_threshold"", ""setting"": ""0.5""}",mean_wait_min,{:.1f},docs/report_assets/tables/t19_value_of_prediction.md
N3226,-0.08,results/s6_value_of_prediction.csv,"{""scheme"": ""matched_to_p2"", ""selector"": ""p2_risk_threshold"", ""setting"": ""0.5""}",mean_wait_min_vs_uniform,{:+.2f},docs/report_assets/tables/t19_value_of_prediction.md
N3227,-0.12,results/s6_value_of_prediction.csv,"{""scheme"": ""matched_to_p2"", ""selector"": ""p2_risk_threshold"", ""setting"": ""0.5""}",mean_wait_min_vs_uniform_lo,{:+.2f},docs/report_assets/tables/t19_value_of_prediction.md
N3228,-0.04,results/s6_value_of_prediction.csv,"{""scheme"": ""matched_to_p2"", ""selector"": ""p2_risk_threshold"", ""setting"": ""0.5""}",mean_wait_min_vs_uniform_hi,{:+.2f},docs/report_assets/tables/t19_value_of_prediction.md
N3229,-0.06,results/s6_value_of_prediction.csv,"{""scheme"": ""matched_to_p2"", ""selector"": ""p2_risk_threshold"", ""setting"": ""0.5""}",mean_wait_min_vs_random,{:+.2f},docs/report_assets/tables/t19_value_of_prediction.md
N3230,-0.10,results/s6_value_of_prediction.csv,"{""scheme"": ""matched_to_p2"", ""selector"": ""p2_risk_threshold"", ""setting"": ""0.5""}",mean_wait_min_vs_random_lo,{:+.2f},docs/report_assets/tables/t19_value_of_prediction.md
N3231,-0.02,results/s6_value_of_prediction.csv,"{""scheme"": ""matched_to_p2"", ""selector"": ""p2_risk_threshold"", ""setting"": ""0.5""}",mean_wait_min_vs_random_hi,{:+.2f},docs/report_assets/tables/t19_value_of_prediction.md
N3232,+0.02,results/s6_value_of_prediction.csv,"{""scheme"": ""matched_to_p2"", ""selector"": ""p2_risk_threshold"", ""setting"": ""0.5""}",overtime_min_vs_uniform,{:+.2f},docs/report_assets/tables/t19_value_of_prediction.md
N3233,-0.03,results/s6_value_of_prediction.csv,"{""scheme"": ""matched_to_p2"", ""selector"": ""p2_risk_threshold"", ""setting"": ""0.5""}",overtime_min_vs_uniform_lo,{:+.2f},docs/report_assets/tables/t19_value_of_prediction.md
N3234,+0.06,results/s6_value_of_prediction.csv,"{""scheme"": ""matched_to_p2"", ""selector"": ""p2_risk_threshold"", ""setting"": ""0.5""}",overtime_min_vs_uniform_hi,{:+.2f},docs/report_assets/tables/t19_value_of_prediction.md
N3235,-0.01,results/s6_value_of_prediction.csv,"{""scheme"": ""matched_to_p2"", ""selector"": ""p2_risk_threshold"", ""setting"": ""0.5""}",overtime_min_vs_random,{:+.2f},docs/report_assets/tables/t19_value_of_prediction.md
N3236,-0.08,results/s6_value_of_prediction.csv,"{""scheme"": ""matched_to_p2"", ""selector"": ""p2_risk_threshold"", ""setting"": ""0.5""}",overtime_min_vs_random_lo,{:+.2f},docs/report_assets/tables/t19_value_of_prediction.md
N3237,+0.06,results/s6_value_of_prediction.csv,"{""scheme"": ""matched_to_p2"", ""selector"": ""p2_risk_threshold"", ""setting"": ""0.5""}",overtime_min_vs_random_hi,{:+.2f},docs/report_assets/tables/t19_value_of_prediction.md
N3238,16.4%,results/s6_value_of_prediction.csv,"{""scheme"": ""matched_to_p2"", ""selector"": ""p2_risk_threshold"", ""setting"": ""0.5""}",share_double_slots_both_attend,{:.1%},docs/report_assets/tables/t19_value_of_prediction.md
N3239,0.07,results/s6_value_of_prediction.csv,"{""scheme"": ""matched_to_p2"", ""selector"": ""random"", ""setting"": ""0.5""}",double_slots_mean,{:.2f},docs/report_assets/tables/t19_value_of_prediction.md
N3240,3.0,results/s6_value_of_prediction.csv,"{""scheme"": ""matched_to_p2"", ""selector"": ""random"", ""setting"": ""0.5""}",mean_wait_min,{:.1f},docs/report_assets/tables/t19_value_of_prediction.md
N3241,-0.02,results/s6_value_of_prediction.csv,"{""scheme"": ""matched_to_p2"", ""selector"": ""random"", ""setting"": ""0.5""}",mean_wait_min_vs_uniform,{:+.2f},docs/report_assets/tables/t19_value_of_prediction.md
N3242,-0.06,results/s6_value_of_prediction.csv,"{""scheme"": ""matched_to_p2"", ""selector"": ""random"", ""setting"": ""0.5""}",mean_wait_min_vs_uniform_lo,{:+.2f},docs/report_assets/tables/t19_value_of_prediction.md
N3243,+0.02,results/s6_value_of_prediction.csv,"{""scheme"": ""matched_to_p2"", ""selector"": ""random"", ""setting"": ""0.5""}",mean_wait_min_vs_uniform_hi,{:+.2f},docs/report_assets/tables/t19_value_of_prediction.md
N3244,+0.00,results/s6_value_of_prediction.csv,"{""scheme"": ""matched_to_p2"", ""selector"": ""random"", ""setting"": ""0.5""}",mean_wait_min_vs_random,{:+.2f},docs/report_assets/tables/t19_value_of_prediction.md
N3245,+0.00,results/s6_value_of_prediction.csv,"{""scheme"": ""matched_to_p2"", ""selector"": ""random"", ""setting"": ""0.5""}",mean_wait_min_vs_random_lo,{:+.2f},docs/report_assets/tables/t19_value_of_prediction.md
N3246,+0.00,results/s6_value_of_prediction.csv,"{""scheme"": ""matched_to_p2"", ""selector"": ""random"", ""setting"": ""0.5""}",mean_wait_min_vs_random_hi,{:+.2f},docs/report_assets/tables/t19_value_of_prediction.md
N3247,+0.03,results/s6_value_of_prediction.csv,"{""scheme"": ""matched_to_p2"", ""selector"": ""random"", ""setting"": ""0.5""}",overtime_min_vs_uniform,{:+.2f},docs/report_assets/tables/t19_value_of_prediction.md
N3248,-0.03,results/s6_value_of_prediction.csv,"{""scheme"": ""matched_to_p2"", ""selector"": ""random"", ""setting"": ""0.5""}",overtime_min_vs_uniform_lo,{:+.2f},docs/report_assets/tables/t19_value_of_prediction.md
N3249,+0.08,results/s6_value_of_prediction.csv,"{""scheme"": ""matched_to_p2"", ""selector"": ""random"", ""setting"": ""0.5""}",overtime_min_vs_uniform_hi,{:+.2f},docs/report_assets/tables/t19_value_of_prediction.md
N3250,+0.00,results/s6_value_of_prediction.csv,"{""scheme"": ""matched_to_p2"", ""selector"": ""random"", ""setting"": ""0.5""}",overtime_min_vs_random,{:+.2f},docs/report_assets/tables/t19_value_of_prediction.md
N3251,+0.00,results/s6_value_of_prediction.csv,"{""scheme"": ""matched_to_p2"", ""selector"": ""random"", ""setting"": ""0.5""}",overtime_min_vs_random_lo,{:+.2f},docs/report_assets/tables/t19_value_of_prediction.md
N3252,+0.00,results/s6_value_of_prediction.csv,"{""scheme"": ""matched_to_p2"", ""selector"": ""random"", ""setting"": ""0.5""}",overtime_min_vs_random_hi,{:+.2f},docs/report_assets/tables/t19_value_of_prediction.md
N3253,58.9%,results/s6_value_of_prediction.csv,"{""scheme"": ""matched_to_p2"", ""selector"": ""random"", ""setting"": ""0.5""}",share_double_slots_both_attend,{:.1%},docs/report_assets/tables/t19_value_of_prediction.md
N3254,0.07,results/s6_value_of_prediction.csv,"{""scheme"": ""matched_to_p2"", ""selector"": ""uniform"", ""setting"": ""0.5""}",double_slots_mean,{:.2f},docs/report_assets/tables/t19_value_of_prediction.md
N3255,3.0,results/s6_value_of_prediction.csv,"{""scheme"": ""matched_to_p2"", ""selector"": ""uniform"", ""setting"": ""0.5""}",mean_wait_min,{:.1f},docs/report_assets/tables/t19_value_of_prediction.md
N3256,+0.00,results/s6_value_of_prediction.csv,"{""scheme"": ""matched_to_p2"", ""selector"": ""uniform"", ""setting"": ""0.5""}",mean_wait_min_vs_uniform,{:+.2f},docs/report_assets/tables/t19_value_of_prediction.md
N3257,+0.00,results/s6_value_of_prediction.csv,"{""scheme"": ""matched_to_p2"", ""selector"": ""uniform"", ""setting"": ""0.5""}",mean_wait_min_vs_uniform_lo,{:+.2f},docs/report_assets/tables/t19_value_of_prediction.md
N3258,+0.00,results/s6_value_of_prediction.csv,"{""scheme"": ""matched_to_p2"", ""selector"": ""uniform"", ""setting"": ""0.5""}",mean_wait_min_vs_uniform_hi,{:+.2f},docs/report_assets/tables/t19_value_of_prediction.md
N3259,+0.02,results/s6_value_of_prediction.csv,"{""scheme"": ""matched_to_p2"", ""selector"": ""uniform"", ""setting"": ""0.5""}",mean_wait_min_vs_random,{:+.2f},docs/report_assets/tables/t19_value_of_prediction.md
N3260,-0.02,results/s6_value_of_prediction.csv,"{""scheme"": ""matched_to_p2"", ""selector"": ""uniform"", ""setting"": ""0.5""}",mean_wait_min_vs_random_lo,{:+.2f},docs/report_assets/tables/t19_value_of_prediction.md
N3261,+0.06,results/s6_value_of_prediction.csv,"{""scheme"": ""matched_to_p2"", ""selector"": ""uniform"", ""setting"": ""0.5""}",mean_wait_min_vs_random_hi,{:+.2f},docs/report_assets/tables/t19_value_of_prediction.md
N3262,+0.00,results/s6_value_of_prediction.csv,"{""scheme"": ""matched_to_p2"", ""selector"": ""uniform"", ""setting"": ""0.5""}",overtime_min_vs_uniform,{:+.2f},docs/report_assets/tables/t19_value_of_prediction.md
N3263,+0.00,results/s6_value_of_prediction.csv,"{""scheme"": ""matched_to_p2"", ""selector"": ""uniform"", ""setting"": ""0.5""}",overtime_min_vs_uniform_lo,{:+.2f},docs/report_assets/tables/t19_value_of_prediction.md
N3264,+0.00,results/s6_value_of_prediction.csv,"{""scheme"": ""matched_to_p2"", ""selector"": ""uniform"", ""setting"": ""0.5""}",overtime_min_vs_uniform_hi,{:+.2f},docs/report_assets/tables/t19_value_of_prediction.md
N3265,-0.03,results/s6_value_of_prediction.csv,"{""scheme"": ""matched_to_p2"", ""selector"": ""uniform"", ""setting"": ""0.5""}",overtime_min_vs_random,{:+.2f},docs/report_assets/tables/t19_value_of_prediction.md
N3266,-0.08,results/s6_value_of_prediction.csv,"{""scheme"": ""matched_to_p2"", ""selector"": ""uniform"", ""setting"": ""0.5""}",overtime_min_vs_random_lo,{:+.2f},docs/report_assets/tables/t19_value_of_prediction.md
N3267,+0.03,results/s6_value_of_prediction.csv,"{""scheme"": ""matched_to_p2"", ""selector"": ""uniform"", ""setting"": ""0.5""}",overtime_min_vs_random_hi,{:+.2f},docs/report_assets/tables/t19_value_of_prediction.md
N3268,61.6%,results/s6_value_of_prediction.csv,"{""scheme"": ""matched_to_p2"", ""selector"": ""uniform"", ""setting"": ""0.5""}",share_double_slots_both_attend,{:.1%},docs/report_assets/tables/t19_value_of_prediction.md
N3269,0.07,results/s6_value_of_prediction.csv,"{""scheme"": ""matched_to_p2"", ""selector"": ""oracle"", ""setting"": ""0.5""}",double_slots_mean,{:.2f},docs/report_assets/tables/t19_value_of_prediction.md
N3270,2.9,results/s6_value_of_prediction.csv,"{""scheme"": ""matched_to_p2"", ""selector"": ""oracle"", ""setting"": ""0.5""}",mean_wait_min,{:.1f},docs/report_assets/tables/t19_value_of_prediction.md
N3271,-0.11,results/s6_value_of_prediction.csv,"{""scheme"": ""matched_to_p2"", ""selector"": ""oracle"", ""setting"": ""0.5""}",mean_wait_min_vs_uniform,{:+.2f},docs/report_assets/tables/t19_value_of_prediction.md
N3272,-0.15,results/s6_value_of_prediction.csv,"{""scheme"": ""matched_to_p2"", ""selector"": ""oracle"", ""setting"": ""0.5""}",mean_wait_min_vs_uniform_lo,{:+.2f},docs/report_assets/tables/t19_value_of_prediction.md
N3273,-0.06,results/s6_value_of_prediction.csv,"{""scheme"": ""matched_to_p2"", ""selector"": ""oracle"", ""setting"": ""0.5""}",mean_wait_min_vs_uniform_hi,{:+.2f},docs/report_assets/tables/t19_value_of_prediction.md
N3274,-0.09,results/s6_value_of_prediction.csv,"{""scheme"": ""matched_to_p2"", ""selector"": ""oracle"", ""setting"": ""0.5""}",mean_wait_min_vs_random,{:+.2f},docs/report_assets/tables/t19_value_of_prediction.md
N3275,-0.13,results/s6_value_of_prediction.csv,"{""scheme"": ""matched_to_p2"", ""selector"": ""oracle"", ""setting"": ""0.5""}",mean_wait_min_vs_random_lo,{:+.2f},docs/report_assets/tables/t19_value_of_prediction.md
N3276,-0.05,results/s6_value_of_prediction.csv,"{""scheme"": ""matched_to_p2"", ""selector"": ""oracle"", ""setting"": ""0.5""}",mean_wait_min_vs_random_hi,{:+.2f},docs/report_assets/tables/t19_value_of_prediction.md
N3277,-0.02,results/s6_value_of_prediction.csv,"{""scheme"": ""matched_to_p2"", ""selector"": ""oracle"", ""setting"": ""0.5""}",overtime_min_vs_uniform,{:+.2f},docs/report_assets/tables/t19_value_of_prediction.md
N3278,-0.04,results/s6_value_of_prediction.csv,"{""scheme"": ""matched_to_p2"", ""selector"": ""oracle"", ""setting"": ""0.5""}",overtime_min_vs_uniform_lo,{:+.2f},docs/report_assets/tables/t19_value_of_prediction.md
N3279,+0.01,results/s6_value_of_prediction.csv,"{""scheme"": ""matched_to_p2"", ""selector"": ""oracle"", ""setting"": ""0.5""}",overtime_min_vs_uniform_hi,{:+.2f},docs/report_assets/tables/t19_value_of_prediction.md
N3280,-0.04,results/s6_value_of_prediction.csv,"{""scheme"": ""matched_to_p2"", ""selector"": ""oracle"", ""setting"": ""0.5""}",overtime_min_vs_random,{:+.2f},docs/report_assets/tables/t19_value_of_prediction.md
N3281,-0.10,results/s6_value_of_prediction.csv,"{""scheme"": ""matched_to_p2"", ""selector"": ""oracle"", ""setting"": ""0.5""}",overtime_min_vs_random_lo,{:+.2f},docs/report_assets/tables/t19_value_of_prediction.md
N3282,+0.02,results/s6_value_of_prediction.csv,"{""scheme"": ""matched_to_p2"", ""selector"": ""oracle"", ""setting"": ""0.5""}",overtime_min_vs_random_hi,{:+.2f},docs/report_assets/tables/t19_value_of_prediction.md
N3283,0.0%,results/s6_value_of_prediction.csv,"{""scheme"": ""matched_to_p2"", ""selector"": ""oracle"", ""setting"": ""0.5""}",share_double_slots_both_attend,{:.1%},docs/report_assets/tables/t19_value_of_prediction.md
N3284,8.04,results/s6_value_of_prediction.csv,"{""scheme"": ""matched_to_p2"", ""selector"": ""p2_risk_threshold"", ""setting"": ""p50""}",double_slots_mean,{:.2f},docs/report_assets/tables/t19_value_of_prediction.md
N3285,21.7,results/s6_value_of_prediction.csv,"{""scheme"": ""matched_to_p2"", ""selector"": ""p2_risk_threshold"", ""setting"": ""p50""}",mean_wait_min,{:.1f},docs/report_assets/tables/t19_value_of_prediction.md
N3286,-0.15,results/s6_value_of_prediction.csv,"{""scheme"": ""matched_to_p2"", ""selector"": ""p2_risk_threshold"", ""setting"": ""p50""}",mean_wait_min_vs_uniform,{:+.2f},docs/report_assets/tables/t19_value_of_prediction.md
N3287,-0.46,results/s6_value_of_prediction.csv,"{""scheme"": ""matched_to_p2"", ""selector"": ""p2_risk_threshold"", ""setting"": ""p50""}",mean_wait_min_vs_uniform_lo,{:+.2f},docs/report_assets/tables/t19_value_of_prediction.md
N3288,+0.16,results/s6_value_of_prediction.csv,"{""scheme"": ""matched_to_p2"", ""selector"": ""p2_risk_threshold"", ""setting"": ""p50""}",mean_wait_min_vs_uniform_hi,{:+.2f},docs/report_assets/tables/t19_value_of_prediction.md
N3289,-1.30,results/s6_value_of_prediction.csv,"{""scheme"": ""matched_to_p2"", ""selector"": ""p2_risk_threshold"", ""setting"": ""p50""}",mean_wait_min_vs_random,{:+.2f},docs/report_assets/tables/t19_value_of_prediction.md
N3290,-1.69,results/s6_value_of_prediction.csv,"{""scheme"": ""matched_to_p2"", ""selector"": ""p2_risk_threshold"", ""setting"": ""p50""}",mean_wait_min_vs_random_lo,{:+.2f},docs/report_assets/tables/t19_value_of_prediction.md
N3291,-0.91,results/s6_value_of_prediction.csv,"{""scheme"": ""matched_to_p2"", ""selector"": ""p2_risk_threshold"", ""setting"": ""p50""}",mean_wait_min_vs_random_hi,{:+.2f},docs/report_assets/tables/t19_value_of_prediction.md
N3292,-0.21,results/s6_value_of_prediction.csv,"{""scheme"": ""matched_to_p2"", ""selector"": ""p2_risk_threshold"", ""setting"": ""p50""}",overtime_min_vs_uniform,{:+.2f},docs/report_assets/tables/t19_value_of_prediction.md
N3293,-0.64,results/s6_value_of_prediction.csv,"{""scheme"": ""matched_to_p2"", ""selector"": ""p2_risk_threshold"", ""setting"": ""p50""}",overtime_min_vs_uniform_lo,{:+.2f},docs/report_assets/tables/t19_value_of_prediction.md
N3294,+0.23,results/s6_value_of_prediction.csv,"{""scheme"": ""matched_to_p2"", ""selector"": ""p2_risk_threshold"", ""setting"": ""p50""}",overtime_min_vs_uniform_hi,{:+.2f},docs/report_assets/tables/t19_value_of_prediction.md
N3295,-0.80,results/s6_value_of_prediction.csv,"{""scheme"": ""matched_to_p2"", ""selector"": ""p2_risk_threshold"", ""setting"": ""p50""}",overtime_min_vs_random,{:+.2f},docs/report_assets/tables/t19_value_of_prediction.md
N3296,-1.36,results/s6_value_of_prediction.csv,"{""scheme"": ""matched_to_p2"", ""selector"": ""p2_risk_threshold"", ""setting"": ""p50""}",overtime_min_vs_random_lo,{:+.2f},docs/report_assets/tables/t19_value_of_prediction.md
N3297,-0.23,results/s6_value_of_prediction.csv,"{""scheme"": ""matched_to_p2"", ""selector"": ""p2_risk_threshold"", ""setting"": ""p50""}",overtime_min_vs_random_hi,{:+.2f},docs/report_assets/tables/t19_value_of_prediction.md
N3298,54.9%,results/s6_value_of_prediction.csv,"{""scheme"": ""matched_to_p2"", ""selector"": ""p2_risk_threshold"", ""setting"": ""p50""}",share_double_slots_both_attend,{:.1%},docs/report_assets/tables/t19_value_of_prediction.md
N3299,8.04,results/s6_value_of_prediction.csv,"{""scheme"": ""matched_to_p2"", ""selector"": ""random"", ""setting"": ""p50""}",double_slots_mean,{:.2f},docs/report_assets/tables/t19_value_of_prediction.md
N3300,23.0,results/s6_value_of_prediction.csv,"{""scheme"": ""matched_to_p2"", ""selector"": ""random"", ""setting"": ""p50""}",mean_wait_min,{:.1f},docs/report_assets/tables/t19_value_of_prediction.md
N3301,+1.15,results/s6_value_of_prediction.csv,"{""scheme"": ""matched_to_p2"", ""selector"": ""random"", ""setting"": ""p50""}",mean_wait_min_vs_uniform,{:+.2f},docs/report_assets/tables/t19_value_of_prediction.md
N3302,+0.86,results/s6_value_of_prediction.csv,"{""scheme"": ""matched_to_p2"", ""selector"": ""random"", ""setting"": ""p50""}",mean_wait_min_vs_uniform_lo,{:+.2f},docs/report_assets/tables/t19_value_of_prediction.md
N3303,+1.45,results/s6_value_of_prediction.csv,"{""scheme"": ""matched_to_p2"", ""selector"": ""random"", ""setting"": ""p50""}",mean_wait_min_vs_uniform_hi,{:+.2f},docs/report_assets/tables/t19_value_of_prediction.md
N3304,+0.00,results/s6_value_of_prediction.csv,"{""scheme"": ""matched_to_p2"", ""selector"": ""random"", ""setting"": ""p50""}",mean_wait_min_vs_random,{:+.2f},docs/report_assets/tables/t19_value_of_prediction.md
N3305,+0.00,results/s6_value_of_prediction.csv,"{""scheme"": ""matched_to_p2"", ""selector"": ""random"", ""setting"": ""p50""}",mean_wait_min_vs_random_lo,{:+.2f},docs/report_assets/tables/t19_value_of_prediction.md
N3306,+0.00,results/s6_value_of_prediction.csv,"{""scheme"": ""matched_to_p2"", ""selector"": ""random"", ""setting"": ""p50""}",mean_wait_min_vs_random_hi,{:+.2f},docs/report_assets/tables/t19_value_of_prediction.md
N3307,+0.59,results/s6_value_of_prediction.csv,"{""scheme"": ""matched_to_p2"", ""selector"": ""random"", ""setting"": ""p50""}",overtime_min_vs_uniform,{:+.2f},docs/report_assets/tables/t19_value_of_prediction.md
N3308,+0.16,results/s6_value_of_prediction.csv,"{""scheme"": ""matched_to_p2"", ""selector"": ""random"", ""setting"": ""p50""}",overtime_min_vs_uniform_lo,{:+.2f},docs/report_assets/tables/t19_value_of_prediction.md
N3309,+1.02,results/s6_value_of_prediction.csv,"{""scheme"": ""matched_to_p2"", ""selector"": ""random"", ""setting"": ""p50""}",overtime_min_vs_uniform_hi,{:+.2f},docs/report_assets/tables/t19_value_of_prediction.md
N3310,+0.00,results/s6_value_of_prediction.csv,"{""scheme"": ""matched_to_p2"", ""selector"": ""random"", ""setting"": ""p50""}",overtime_min_vs_random,{:+.2f},docs/report_assets/tables/t19_value_of_prediction.md
N3311,+0.00,results/s6_value_of_prediction.csv,"{""scheme"": ""matched_to_p2"", ""selector"": ""random"", ""setting"": ""p50""}",overtime_min_vs_random_lo,{:+.2f},docs/report_assets/tables/t19_value_of_prediction.md
N3312,+0.00,results/s6_value_of_prediction.csv,"{""scheme"": ""matched_to_p2"", ""selector"": ""random"", ""setting"": ""p50""}",overtime_min_vs_random_hi,{:+.2f},docs/report_assets/tables/t19_value_of_prediction.md
N3313,63.4%,results/s6_value_of_prediction.csv,"{""scheme"": ""matched_to_p2"", ""selector"": ""random"", ""setting"": ""p50""}",share_double_slots_both_attend,{:.1%},docs/report_assets/tables/t19_value_of_prediction.md
N3314,8.04,results/s6_value_of_prediction.csv,"{""scheme"": ""matched_to_p2"", ""selector"": ""uniform"", ""setting"": ""p50""}",double_slots_mean,{:.2f},docs/report_assets/tables/t19_value_of_prediction.md
N3315,21.8,results/s6_value_of_prediction.csv,"{""scheme"": ""matched_to_p2"", ""selector"": ""uniform"", ""setting"": ""p50""}",mean_wait_min,{:.1f},docs/report_assets/tables/t19_value_of_prediction.md
N3316,+0.00,results/s6_value_of_prediction.csv,"{""scheme"": ""matched_to_p2"", ""selector"": ""uniform"", ""setting"": ""p50""}",mean_wait_min_vs_uniform,{:+.2f},docs/report_assets/tables/t19_value_of_prediction.md
N3317,+0.00,results/s6_value_of_prediction.csv,"{""scheme"": ""matched_to_p2"", ""selector"": ""uniform"", ""setting"": ""p50""}",mean_wait_min_vs_uniform_lo,{:+.2f},docs/report_assets/tables/t19_value_of_prediction.md
N3318,+0.00,results/s6_value_of_prediction.csv,"{""scheme"": ""matched_to_p2"", ""selector"": ""uniform"", ""setting"": ""p50""}",mean_wait_min_vs_uniform_hi,{:+.2f},docs/report_assets/tables/t19_value_of_prediction.md
N3319,-1.15,results/s6_value_of_prediction.csv,"{""scheme"": ""matched_to_p2"", ""selector"": ""uniform"", ""setting"": ""p50""}",mean_wait_min_vs_random,{:+.2f},docs/report_assets/tables/t19_value_of_prediction.md
N3320,-1.45,results/s6_value_of_prediction.csv,"{""scheme"": ""matched_to_p2"", ""selector"": ""uniform"", ""setting"": ""p50""}",mean_wait_min_vs_random_lo,{:+.2f},docs/report_assets/tables/t19_value_of_prediction.md
N3321,-0.86,results/s6_value_of_prediction.csv,"{""scheme"": ""matched_to_p2"", ""selector"": ""uniform"", ""setting"": ""p50""}",mean_wait_min_vs_random_hi,{:+.2f},docs/report_assets/tables/t19_value_of_prediction.md
N3322,+0.00,results/s6_value_of_prediction.csv,"{""scheme"": ""matched_to_p2"", ""selector"": ""uniform"", ""setting"": ""p50""}",overtime_min_vs_uniform,{:+.2f},docs/report_assets/tables/t19_value_of_prediction.md
N3323,+0.00,results/s6_value_of_prediction.csv,"{""scheme"": ""matched_to_p2"", ""selector"": ""uniform"", ""setting"": ""p50""}",overtime_min_vs_uniform_lo,{:+.2f},docs/report_assets/tables/t19_value_of_prediction.md
N3324,+0.00,results/s6_value_of_prediction.csv,"{""scheme"": ""matched_to_p2"", ""selector"": ""uniform"", ""setting"": ""p50""}",overtime_min_vs_uniform_hi,{:+.2f},docs/report_assets/tables/t19_value_of_prediction.md
N3325,-0.59,results/s6_value_of_prediction.csv,"{""scheme"": ""matched_to_p2"", ""selector"": ""uniform"", ""setting"": ""p50""}",overtime_min_vs_random,{:+.2f},docs/report_assets/tables/t19_value_of_prediction.md
N3326,-1.02,results/s6_value_of_prediction.csv,"{""scheme"": ""matched_to_p2"", ""selector"": ""uniform"", ""setting"": ""p50""}",overtime_min_vs_random_lo,{:+.2f},docs/report_assets/tables/t19_value_of_prediction.md
N3327,-0.16,results/s6_value_of_prediction.csv,"{""scheme"": ""matched_to_p2"", ""selector"": ""uniform"", ""setting"": ""p50""}",overtime_min_vs_random_hi,{:+.2f},docs/report_assets/tables/t19_value_of_prediction.md
N3328,63.1%,results/s6_value_of_prediction.csv,"{""scheme"": ""matched_to_p2"", ""selector"": ""uniform"", ""setting"": ""p50""}",share_double_slots_both_attend,{:.1%},docs/report_assets/tables/t19_value_of_prediction.md
N3329,8.04,results/s6_value_of_prediction.csv,"{""scheme"": ""matched_to_p2"", ""selector"": ""oracle"", ""setting"": ""p50""}",double_slots_mean,{:.2f},docs/report_assets/tables/t19_value_of_prediction.md
N3330,20.7,results/s6_value_of_prediction.csv,"{""scheme"": ""matched_to_p2"", ""selector"": ""oracle"", ""setting"": ""p50""}",mean_wait_min,{:.1f},docs/report_assets/tables/t19_value_of_prediction.md
N3331,-1.17,results/s6_value_of_prediction.csv,"{""scheme"": ""matched_to_p2"", ""selector"": ""oracle"", ""setting"": ""p50""}",mean_wait_min_vs_uniform,{:+.2f},docs/report_assets/tables/t19_value_of_prediction.md
N3332,-1.48,results/s6_value_of_prediction.csv,"{""scheme"": ""matched_to_p2"", ""selector"": ""oracle"", ""setting"": ""p50""}",mean_wait_min_vs_uniform_lo,{:+.2f},docs/report_assets/tables/t19_value_of_prediction.md
N3333,-0.86,results/s6_value_of_prediction.csv,"{""scheme"": ""matched_to_p2"", ""selector"": ""oracle"", ""setting"": ""p50""}",mean_wait_min_vs_uniform_hi,{:+.2f},docs/report_assets/tables/t19_value_of_prediction.md
N3334,-2.32,results/s6_value_of_prediction.csv,"{""scheme"": ""matched_to_p2"", ""selector"": ""oracle"", ""setting"": ""p50""}",mean_wait_min_vs_random,{:+.2f},docs/report_assets/tables/t19_value_of_prediction.md
N3335,-2.71,results/s6_value_of_prediction.csv,"{""scheme"": ""matched_to_p2"", ""selector"": ""oracle"", ""setting"": ""p50""}",mean_wait_min_vs_random_lo,{:+.2f},docs/report_assets/tables/t19_value_of_prediction.md
N3336,-1.93,results/s6_value_of_prediction.csv,"{""scheme"": ""matched_to_p2"", ""selector"": ""oracle"", ""setting"": ""p50""}",mean_wait_min_vs_random_hi,{:+.2f},docs/report_assets/tables/t19_value_of_prediction.md
N3337,-1.39,results/s6_value_of_prediction.csv,"{""scheme"": ""matched_to_p2"", ""selector"": ""oracle"", ""setting"": ""p50""}",overtime_min_vs_uniform,{:+.2f},docs/report_assets/tables/t19_value_of_prediction.md
N3338,-1.81,results/s6_value_of_prediction.csv,"{""scheme"": ""matched_to_p2"", ""selector"": ""oracle"", ""setting"": ""p50""}",overtime_min_vs_uniform_lo,{:+.2f},docs/report_assets/tables/t19_value_of_prediction.md
N3339,-0.96,results/s6_value_of_prediction.csv,"{""scheme"": ""matched_to_p2"", ""selector"": ""oracle"", ""setting"": ""p50""}",overtime_min_vs_uniform_hi,{:+.2f},docs/report_assets/tables/t19_value_of_prediction.md
N3340,-1.97,results/s6_value_of_prediction.csv,"{""scheme"": ""matched_to_p2"", ""selector"": ""oracle"", ""setting"": ""p50""}",overtime_min_vs_random,{:+.2f},docs/report_assets/tables/t19_value_of_prediction.md
N3341,-2.53,results/s6_value_of_prediction.csv,"{""scheme"": ""matched_to_p2"", ""selector"": ""oracle"", ""setting"": ""p50""}",overtime_min_vs_random_lo,{:+.2f},docs/report_assets/tables/t19_value_of_prediction.md
N3342,-1.42,results/s6_value_of_prediction.csv,"{""scheme"": ""matched_to_p2"", ""selector"": ""oracle"", ""setting"": ""p50""}",overtime_min_vs_random_hi,{:+.2f},docs/report_assets/tables/t19_value_of_prediction.md
N3343,47.7%,results/s6_value_of_prediction.csv,"{""scheme"": ""matched_to_p2"", ""selector"": ""oracle"", ""setting"": ""p50""}",share_double_slots_both_attend,{:.1%},docs/report_assets/tables/t19_value_of_prediction.md
N3344,4.81,results/s6_value_of_prediction.csv,"{""scheme"": ""matched_to_p2"", ""selector"": ""p2_risk_threshold"", ""setting"": ""p70""}",double_slots_mean,{:.2f},docs/report_assets/tables/t19_value_of_prediction.md
N3345,12.1,results/s6_value_of_prediction.csv,"{""scheme"": ""matched_to_p2"", ""selector"": ""p2_risk_threshold"", ""setting"": ""p70""}",mean_wait_min,{:.1f},docs/report_assets/tables/t19_value_of_prediction.md
N3346,-0.53,results/s6_value_of_prediction.csv,"{""scheme"": ""matched_to_p2"", ""selector"": ""p2_risk_threshold"", ""setting"": ""p70""}",mean_wait_min_vs_uniform,{:+.2f},docs/report_assets/tables/t19_value_of_prediction.md
N3347,-0.81,results/s6_value_of_prediction.csv,"{""scheme"": ""matched_to_p2"", ""selector"": ""p2_risk_threshold"", ""setting"": ""p70""}",mean_wait_min_vs_uniform_lo,{:+.2f},docs/report_assets/tables/t19_value_of_prediction.md
N3348,-0.25,results/s6_value_of_prediction.csv,"{""scheme"": ""matched_to_p2"", ""selector"": ""p2_risk_threshold"", ""setting"": ""p70""}",mean_wait_min_vs_uniform_hi,{:+.2f},docs/report_assets/tables/t19_value_of_prediction.md
N3349,-1.13,results/s6_value_of_prediction.csv,"{""scheme"": ""matched_to_p2"", ""selector"": ""p2_risk_threshold"", ""setting"": ""p70""}",mean_wait_min_vs_random,{:+.2f},docs/report_assets/tables/t19_value_of_prediction.md
N3350,-1.46,results/s6_value_of_prediction.csv,"{""scheme"": ""matched_to_p2"", ""selector"": ""p2_risk_threshold"", ""setting"": ""p70""}",mean_wait_min_vs_random_lo,{:+.2f},docs/report_assets/tables/t19_value_of_prediction.md
N3351,-0.81,results/s6_value_of_prediction.csv,"{""scheme"": ""matched_to_p2"", ""selector"": ""p2_risk_threshold"", ""setting"": ""p70""}",mean_wait_min_vs_random_hi,{:+.2f},docs/report_assets/tables/t19_value_of_prediction.md
N3352,-0.14,results/s6_value_of_prediction.csv,"{""scheme"": ""matched_to_p2"", ""selector"": ""p2_risk_threshold"", ""setting"": ""p70""}",overtime_min_vs_uniform,{:+.2f},docs/report_assets/tables/t19_value_of_prediction.md
N3353,-0.58,results/s6_value_of_prediction.csv,"{""scheme"": ""matched_to_p2"", ""selector"": ""p2_risk_threshold"", ""setting"": ""p70""}",overtime_min_vs_uniform_lo,{:+.2f},docs/report_assets/tables/t19_value_of_prediction.md
N3354,+0.29,results/s6_value_of_prediction.csv,"{""scheme"": ""matched_to_p2"", ""selector"": ""p2_risk_threshold"", ""setting"": ""p70""}",overtime_min_vs_uniform_hi,{:+.2f},docs/report_assets/tables/t19_value_of_prediction.md
N3355,-0.44,results/s6_value_of_prediction.csv,"{""scheme"": ""matched_to_p2"", ""selector"": ""p2_risk_threshold"", ""setting"": ""p70""}",overtime_min_vs_random,{:+.2f},docs/report_assets/tables/t19_value_of_prediction.md
N3356,-0.99,results/s6_value_of_prediction.csv,"{""scheme"": ""matched_to_p2"", ""selector"": ""p2_risk_threshold"", ""setting"": ""p70""}",overtime_min_vs_random_lo,{:+.2f},docs/report_assets/tables/t19_value_of_prediction.md
N3357,+0.12,results/s6_value_of_prediction.csv,"{""scheme"": ""matched_to_p2"", ""selector"": ""p2_risk_threshold"", ""setting"": ""p70""}",overtime_min_vs_random_hi,{:+.2f},docs/report_assets/tables/t19_value_of_prediction.md
N3358,51.0%,results/s6_value_of_prediction.csv,"{""scheme"": ""matched_to_p2"", ""selector"": ""p2_risk_threshold"", ""setting"": ""p70""}",share_double_slots_both_attend,{:.1%},docs/report_assets/tables/t19_value_of_prediction.md
N3359,4.81,results/s6_value_of_prediction.csv,"{""scheme"": ""matched_to_p2"", ""selector"": ""random"", ""setting"": ""p70""}",double_slots_mean,{:.2f},docs/report_assets/tables/t19_value_of_prediction.md
N3360,13.2,results/s6_value_of_prediction.csv,"{""scheme"": ""matched_to_p2"", ""selector"": ""random"", ""setting"": ""p70""}",mean_wait_min,{:.1f},docs/report_assets/tables/t19_value_of_prediction.md
N3361,+0.60,results/s6_value_of_prediction.csv,"{""scheme"": ""matched_to_p2"", ""selector"": ""random"", ""setting"": ""p70""}",mean_wait_min_vs_uniform,{:+.2f},docs/report_assets/tables/t19_value_of_prediction.md
N3362,+0.33,results/s6_value_of_prediction.csv,"{""scheme"": ""matched_to_p2"", ""selector"": ""random"", ""setting"": ""p70""}",mean_wait_min_vs_uniform_lo,{:+.2f},docs/report_assets/tables/t19_value_of_prediction.md
N3363,+0.88,results/s6_value_of_prediction.csv,"{""scheme"": ""matched_to_p2"", ""selector"": ""random"", ""setting"": ""p70""}",mean_wait_min_vs_uniform_hi,{:+.2f},docs/report_assets/tables/t19_value_of_prediction.md
N3364,+0.00,results/s6_value_of_prediction.csv,"{""scheme"": ""matched_to_p2"", ""selector"": ""random"", ""setting"": ""p70""}",mean_wait_min_vs_random,{:+.2f},docs/report_assets/tables/t19_value_of_prediction.md
N3365,+0.00,results/s6_value_of_prediction.csv,"{""scheme"": ""matched_to_p2"", ""selector"": ""random"", ""setting"": ""p70""}",mean_wait_min_vs_random_lo,{:+.2f},docs/report_assets/tables/t19_value_of_prediction.md
N3366,+0.00,results/s6_value_of_prediction.csv,"{""scheme"": ""matched_to_p2"", ""selector"": ""random"", ""setting"": ""p70""}",mean_wait_min_vs_random_hi,{:+.2f},docs/report_assets/tables/t19_value_of_prediction.md
N3367,+0.30,results/s6_value_of_prediction.csv,"{""scheme"": ""matched_to_p2"", ""selector"": ""random"", ""setting"": ""p70""}",overtime_min_vs_uniform,{:+.2f},docs/report_assets/tables/t19_value_of_prediction.md
N3368,-0.13,results/s6_value_of_prediction.csv,"{""scheme"": ""matched_to_p2"", ""selector"": ""random"", ""setting"": ""p70""}",overtime_min_vs_uniform_lo,{:+.2f},docs/report_assets/tables/t19_value_of_prediction.md
N3369,+0.72,results/s6_value_of_prediction.csv,"{""scheme"": ""matched_to_p2"", ""selector"": ""random"", ""setting"": ""p70""}",overtime_min_vs_uniform_hi,{:+.2f},docs/report_assets/tables/t19_value_of_prediction.md
N3370,+0.00,results/s6_value_of_prediction.csv,"{""scheme"": ""matched_to_p2"", ""selector"": ""random"", ""setting"": ""p70""}",overtime_min_vs_random,{:+.2f},docs/report_assets/tables/t19_value_of_prediction.md
N3371,+0.00,results/s6_value_of_prediction.csv,"{""scheme"": ""matched_to_p2"", ""selector"": ""random"", ""setting"": ""p70""}",overtime_min_vs_random_lo,{:+.2f},docs/report_assets/tables/t19_value_of_prediction.md
N3372,+0.00,results/s6_value_of_prediction.csv,"{""scheme"": ""matched_to_p2"", ""selector"": ""random"", ""setting"": ""p70""}",overtime_min_vs_random_hi,{:+.2f},docs/report_assets/tables/t19_value_of_prediction.md
N3373,63.2%,results/s6_value_of_prediction.csv,"{""scheme"": ""matched_to_p2"", ""selector"": ""random"", ""setting"": ""p70""}",share_double_slots_both_attend,{:.1%},docs/report_assets/tables/t19_value_of_prediction.md
N3374,4.81,results/s6_value_of_prediction.csv,"{""scheme"": ""matched_to_p2"", ""selector"": ""uniform"", ""setting"": ""p70""}",double_slots_mean,{:.2f},docs/report_assets/tables/t19_value_of_prediction.md
N3375,12.6,results/s6_value_of_prediction.csv,"{""scheme"": ""matched_to_p2"", ""selector"": ""uniform"", ""setting"": ""p70""}",mean_wait_min,{:.1f},docs/report_assets/tables/t19_value_of_prediction.md
N3376,+0.00,results/s6_value_of_prediction.csv,"{""scheme"": ""matched_to_p2"", ""selector"": ""uniform"", ""setting"": ""p70""}",mean_wait_min_vs_uniform,{:+.2f},docs/report_assets/tables/t19_value_of_prediction.md
N3377,+0.00,results/s6_value_of_prediction.csv,"{""scheme"": ""matched_to_p2"", ""selector"": ""uniform"", ""setting"": ""p70""}",mean_wait_min_vs_uniform_lo,{:+.2f},docs/report_assets/tables/t19_value_of_prediction.md
N3378,+0.00,results/s6_value_of_prediction.csv,"{""scheme"": ""matched_to_p2"", ""selector"": ""uniform"", ""setting"": ""p70""}",mean_wait_min_vs_uniform_hi,{:+.2f},docs/report_assets/tables/t19_value_of_prediction.md
N3379,-0.60,results/s6_value_of_prediction.csv,"{""scheme"": ""matched_to_p2"", ""selector"": ""uniform"", ""setting"": ""p70""}",mean_wait_min_vs_random,{:+.2f},docs/report_assets/tables/t19_value_of_prediction.md
N3380,-0.88,results/s6_value_of_prediction.csv,"{""scheme"": ""matched_to_p2"", ""selector"": ""uniform"", ""setting"": ""p70""}",mean_wait_min_vs_random_lo,{:+.2f},docs/report_assets/tables/t19_value_of_prediction.md
N3381,-0.33,results/s6_value_of_prediction.csv,"{""scheme"": ""matched_to_p2"", ""selector"": ""uniform"", ""setting"": ""p70""}",mean_wait_min_vs_random_hi,{:+.2f},docs/report_assets/tables/t19_value_of_prediction.md
N3382,+0.00,results/s6_value_of_prediction.csv,"{""scheme"": ""matched_to_p2"", ""selector"": ""uniform"", ""setting"": ""p70""}",overtime_min_vs_uniform,{:+.2f},docs/report_assets/tables/t19_value_of_prediction.md
N3383,+0.00,results/s6_value_of_prediction.csv,"{""scheme"": ""matched_to_p2"", ""selector"": ""uniform"", ""setting"": ""p70""}",overtime_min_vs_uniform_lo,{:+.2f},docs/report_assets/tables/t19_value_of_prediction.md
N3384,+0.00,results/s6_value_of_prediction.csv,"{""scheme"": ""matched_to_p2"", ""selector"": ""uniform"", ""setting"": ""p70""}",overtime_min_vs_uniform_hi,{:+.2f},docs/report_assets/tables/t19_value_of_prediction.md
N3385,-0.30,results/s6_value_of_prediction.csv,"{""scheme"": ""matched_to_p2"", ""selector"": ""uniform"", ""setting"": ""p70""}",overtime_min_vs_random,{:+.2f},docs/report_assets/tables/t19_value_of_prediction.md
N3386,-0.72,results/s6_value_of_prediction.csv,"{""scheme"": ""matched_to_p2"", ""selector"": ""uniform"", ""setting"": ""p70""}",overtime_min_vs_random_lo,{:+.2f},docs/report_assets/tables/t19_value_of_prediction.md
N3387,+0.13,results/s6_value_of_prediction.csv,"{""scheme"": ""matched_to_p2"", ""selector"": ""uniform"", ""setting"": ""p70""}",overtime_min_vs_random_hi,{:+.2f},docs/report_assets/tables/t19_value_of_prediction.md
N3388,63.1%,results/s6_value_of_prediction.csv,"{""scheme"": ""matched_to_p2"", ""selector"": ""uniform"", ""setting"": ""p70""}",share_double_slots_both_attend,{:.1%},docs/report_assets/tables/t19_value_of_prediction.md
N3389,4.81,results/s6_value_of_prediction.csv,"{""scheme"": ""matched_to_p2"", ""selector"": ""oracle"", ""setting"": ""p70""}",double_slots_mean,{:.2f},docs/report_assets/tables/t19_value_of_prediction.md
N3390,10.1,results/s6_value_of_prediction.csv,"{""scheme"": ""matched_to_p2"", ""selector"": ""oracle"", ""setting"": ""p70""}",mean_wait_min,{:.1f},docs/report_assets/tables/t19_value_of_prediction.md
N3391,-2.52,results/s6_value_of_prediction.csv,"{""scheme"": ""matched_to_p2"", ""selector"": ""oracle"", ""setting"": ""p70""}",mean_wait_min_vs_uniform,{:+.2f},docs/report_assets/tables/t19_value_of_prediction.md
N3392,-2.78,results/s6_value_of_prediction.csv,"{""scheme"": ""matched_to_p2"", ""selector"": ""oracle"", ""setting"": ""p70""}",mean_wait_min_vs_uniform_lo,{:+.2f},docs/report_assets/tables/t19_value_of_prediction.md
N3393,-2.25,results/s6_value_of_prediction.csv,"{""scheme"": ""matched_to_p2"", ""selector"": ""oracle"", ""setting"": ""p70""}",mean_wait_min_vs_uniform_hi,{:+.2f},docs/report_assets/tables/t19_value_of_prediction.md
N3394,-3.12,results/s6_value_of_prediction.csv,"{""scheme"": ""matched_to_p2"", ""selector"": ""oracle"", ""setting"": ""p70""}",mean_wait_min_vs_random,{:+.2f},docs/report_assets/tables/t19_value_of_prediction.md
N3395,-3.44,results/s6_value_of_prediction.csv,"{""scheme"": ""matched_to_p2"", ""selector"": ""oracle"", ""setting"": ""p70""}",mean_wait_min_vs_random_lo,{:+.2f},docs/report_assets/tables/t19_value_of_prediction.md
N3396,-2.80,results/s6_value_of_prediction.csv,"{""scheme"": ""matched_to_p2"", ""selector"": ""oracle"", ""setting"": ""p70""}",mean_wait_min_vs_random_hi,{:+.2f},docs/report_assets/tables/t19_value_of_prediction.md
N3397,-2.28,results/s6_value_of_prediction.csv,"{""scheme"": ""matched_to_p2"", ""selector"": ""oracle"", ""setting"": ""p70""}",overtime_min_vs_uniform,{:+.2f},docs/report_assets/tables/t19_value_of_prediction.md
N3398,-2.72,results/s6_value_of_prediction.csv,"{""scheme"": ""matched_to_p2"", ""selector"": ""oracle"", ""setting"": ""p70""}",overtime_min_vs_uniform_lo,{:+.2f},docs/report_assets/tables/t19_value_of_prediction.md
N3399,-1.84,results/s6_value_of_prediction.csv,"{""scheme"": ""matched_to_p2"", ""selector"": ""oracle"", ""setting"": ""p70""}",overtime_min_vs_uniform_hi,{:+.2f},docs/report_assets/tables/t19_value_of_prediction.md
N3400,-2.57,results/s6_value_of_prediction.csv,"{""scheme"": ""matched_to_p2"", ""selector"": ""oracle"", ""setting"": ""p70""}",overtime_min_vs_random,{:+.2f},docs/report_assets/tables/t19_value_of_prediction.md
N3401,-3.12,results/s6_value_of_prediction.csv,"{""scheme"": ""matched_to_p2"", ""selector"": ""oracle"", ""setting"": ""p70""}",overtime_min_vs_random_lo,{:+.2f},docs/report_assets/tables/t19_value_of_prediction.md
N3402,-2.03,results/s6_value_of_prediction.csv,"{""scheme"": ""matched_to_p2"", ""selector"": ""oracle"", ""setting"": ""p70""}",overtime_min_vs_random_hi,{:+.2f},docs/report_assets/tables/t19_value_of_prediction.md
N3403,29.9%,results/s6_value_of_prediction.csv,"{""scheme"": ""matched_to_p2"", ""selector"": ""oracle"", ""setting"": ""p70""}",share_double_slots_both_attend,{:.1%},docs/report_assets/tables/t19_value_of_prediction.md
N3404,3.18,results/s6_value_of_prediction.csv,"{""scheme"": ""matched_to_p2"", ""selector"": ""p2_risk_threshold"", ""setting"": ""p80""}",double_slots_mean,{:.2f},docs/report_assets/tables/t19_value_of_prediction.md
N3405,8.4,results/s6_value_of_prediction.csv,"{""scheme"": ""matched_to_p2"", ""selector"": ""p2_risk_threshold"", ""setting"": ""p80""}",mean_wait_min,{:.1f},docs/report_assets/tables/t19_value_of_prediction.md
N3406,-0.46,results/s6_value_of_prediction.csv,"{""scheme"": ""matched_to_p2"", ""selector"": ""p2_risk_threshold"", ""setting"": ""p80""}",mean_wait_min_vs_uniform,{:+.2f},docs/report_assets/tables/t19_value_of_prediction.md
N3407,-0.67,results/s6_value_of_prediction.csv,"{""scheme"": ""matched_to_p2"", ""selector"": ""p2_risk_threshold"", ""setting"": ""p80""}",mean_wait_min_vs_uniform_lo,{:+.2f},docs/report_assets/tables/t19_value_of_prediction.md
N3408,-0.24,results/s6_value_of_prediction.csv,"{""scheme"": ""matched_to_p2"", ""selector"": ""p2_risk_threshold"", ""setting"": ""p80""}",mean_wait_min_vs_uniform_hi,{:+.2f},docs/report_assets/tables/t19_value_of_prediction.md
N3409,-0.77,results/s6_value_of_prediction.csv,"{""scheme"": ""matched_to_p2"", ""selector"": ""p2_risk_threshold"", ""setting"": ""p80""}",mean_wait_min_vs_random,{:+.2f},docs/report_assets/tables/t19_value_of_prediction.md
N3410,-1.04,results/s6_value_of_prediction.csv,"{""scheme"": ""matched_to_p2"", ""selector"": ""p2_risk_threshold"", ""setting"": ""p80""}",mean_wait_min_vs_random_lo,{:+.2f},docs/report_assets/tables/t19_value_of_prediction.md
N3411,-0.50,results/s6_value_of_prediction.csv,"{""scheme"": ""matched_to_p2"", ""selector"": ""p2_risk_threshold"", ""setting"": ""p80""}",mean_wait_min_vs_random_hi,{:+.2f},docs/report_assets/tables/t19_value_of_prediction.md
N3412,+0.26,results/s6_value_of_prediction.csv,"{""scheme"": ""matched_to_p2"", ""selector"": ""p2_risk_threshold"", ""setting"": ""p80""}",overtime_min_vs_uniform,{:+.2f},docs/report_assets/tables/t19_value_of_prediction.md
N3413,-0.13,results/s6_value_of_prediction.csv,"{""scheme"": ""matched_to_p2"", ""selector"": ""p2_risk_threshold"", ""setting"": ""p80""}",overtime_min_vs_uniform_lo,{:+.2f},docs/report_assets/tables/t19_value_of_prediction.md
N3414,+0.64,results/s6_value_of_prediction.csv,"{""scheme"": ""matched_to_p2"", ""selector"": ""p2_risk_threshold"", ""setting"": ""p80""}",overtime_min_vs_uniform_hi,{:+.2f},docs/report_assets/tables/t19_value_of_prediction.md
N3415,+0.06,results/s6_value_of_prediction.csv,"{""scheme"": ""matched_to_p2"", ""selector"": ""p2_risk_threshold"", ""setting"": ""p80""}",overtime_min_vs_random,{:+.2f},docs/report_assets/tables/t19_value_of_prediction.md
N3416,-0.42,results/s6_value_of_prediction.csv,"{""scheme"": ""matched_to_p2"", ""selector"": ""p2_risk_threshold"", ""setting"": ""p80""}",overtime_min_vs_random_lo,{:+.2f},docs/report_assets/tables/t19_value_of_prediction.md
N3417,+0.54,results/s6_value_of_prediction.csv,"{""scheme"": ""matched_to_p2"", ""selector"": ""p2_risk_threshold"", ""setting"": ""p80""}",overtime_min_vs_random_hi,{:+.2f},docs/report_assets/tables/t19_value_of_prediction.md
N3418,48.9%,results/s6_value_of_prediction.csv,"{""scheme"": ""matched_to_p2"", ""selector"": ""p2_risk_threshold"", ""setting"": ""p80""}",share_double_slots_both_attend,{:.1%},docs/report_assets/tables/t19_value_of_prediction.md
N3419,3.18,results/s6_value_of_prediction.csv,"{""scheme"": ""matched_to_p2"", ""selector"": ""random"", ""setting"": ""p80""}",double_slots_mean,{:.2f},docs/report_assets/tables/t19_value_of_prediction.md
N3420,9.1,results/s6_value_of_prediction.csv,"{""scheme"": ""matched_to_p2"", ""selector"": ""random"", ""setting"": ""p80""}",mean_wait_min,{:.1f},docs/report_assets/tables/t19_value_of_prediction.md
N3421,+0.32,results/s6_value_of_prediction.csv,"{""scheme"": ""matched_to_p2"", ""selector"": ""random"", ""setting"": ""p80""}",mean_wait_min_vs_uniform,{:+.2f},docs/report_assets/tables/t19_value_of_prediction.md
N3422,+0.09,results/s6_value_of_prediction.csv,"{""scheme"": ""matched_to_p2"", ""selector"": ""random"", ""setting"": ""p80""}",mean_wait_min_vs_uniform_lo,{:+.2f},docs/report_assets/tables/t19_value_of_prediction.md
N3423,+0.54,results/s6_value_of_prediction.csv,"{""scheme"": ""matched_to_p2"", ""selector"": ""random"", ""setting"": ""p80""}",mean_wait_min_vs_uniform_hi,{:+.2f},docs/report_assets/tables/t19_value_of_prediction.md
N3424,+0.00,results/s6_value_of_prediction.csv,"{""scheme"": ""matched_to_p2"", ""selector"": ""random"", ""setting"": ""p80""}",mean_wait_min_vs_random,{:+.2f},docs/report_assets/tables/t19_value_of_prediction.md
N3425,+0.00,results/s6_value_of_prediction.csv,"{""scheme"": ""matched_to_p2"", ""selector"": ""random"", ""setting"": ""p80""}",mean_wait_min_vs_random_lo,{:+.2f},docs/report_assets/tables/t19_value_of_prediction.md
N3426,+0.00,results/s6_value_of_prediction.csv,"{""scheme"": ""matched_to_p2"", ""selector"": ""random"", ""setting"": ""p80""}",mean_wait_min_vs_random_hi,{:+.2f},docs/report_assets/tables/t19_value_of_prediction.md
N3427,+0.20,results/s6_value_of_prediction.csv,"{""scheme"": ""matched_to_p2"", ""selector"": ""random"", ""setting"": ""p80""}",overtime_min_vs_uniform,{:+.2f},docs/report_assets/tables/t19_value_of_prediction.md
N3428,-0.18,results/s6_value_of_prediction.csv,"{""scheme"": ""matched_to_p2"", ""selector"": ""random"", ""setting"": ""p80""}",overtime_min_vs_uniform_lo,{:+.2f},docs/report_assets/tables/t19_value_of_prediction.md
N3429,+0.57,results/s6_value_of_prediction.csv,"{""scheme"": ""matched_to_p2"", ""selector"": ""random"", ""setting"": ""p80""}",overtime_min_vs_uniform_hi,{:+.2f},docs/report_assets/tables/t19_value_of_prediction.md
N3430,+0.00,results/s6_value_of_prediction.csv,"{""scheme"": ""matched_to_p2"", ""selector"": ""random"", ""setting"": ""p80""}",overtime_min_vs_random,{:+.2f},docs/report_assets/tables/t19_value_of_prediction.md
N3431,+0.00,results/s6_value_of_prediction.csv,"{""scheme"": ""matched_to_p2"", ""selector"": ""random"", ""setting"": ""p80""}",overtime_min_vs_random_lo,{:+.2f},docs/report_assets/tables/t19_value_of_prediction.md
N3432,+0.00,results/s6_value_of_prediction.csv,"{""scheme"": ""matched_to_p2"", ""selector"": ""random"", ""setting"": ""p80""}",overtime_min_vs_random_hi,{:+.2f},docs/report_assets/tables/t19_value_of_prediction.md
N3433,62.2%,results/s6_value_of_prediction.csv,"{""scheme"": ""matched_to_p2"", ""selector"": ""random"", ""setting"": ""p80""}",share_double_slots_both_attend,{:.1%},docs/report_assets/tables/t19_value_of_prediction.md
N3434,3.18,results/s6_value_of_prediction.csv,"{""scheme"": ""matched_to_p2"", ""selector"": ""uniform"", ""setting"": ""p80""}",double_slots_mean,{:.2f},docs/report_assets/tables/t19_value_of_prediction.md
N3435,8.8,results/s6_value_of_prediction.csv,"{""scheme"": ""matched_to_p2"", ""selector"": ""uniform"", ""setting"": ""p80""}",mean_wait_min,{:.1f},docs/report_assets/tables/t19_value_of_prediction.md
N3436,+0.00,results/s6_value_of_prediction.csv,"{""scheme"": ""matched_to_p2"", ""selector"": ""uniform"", ""setting"": ""p80""}",mean_wait_min_vs_uniform,{:+.2f},docs/report_assets/tables/t19_value_of_prediction.md
N3437,+0.00,results/s6_value_of_prediction.csv,"{""scheme"": ""matched_to_p2"", ""selector"": ""uniform"", ""setting"": ""p80""}",mean_wait_min_vs_uniform_lo,{:+.2f},docs/report_assets/tables/t19_value_of_prediction.md
N3438,+0.00,results/s6_value_of_prediction.csv,"{""scheme"": ""matched_to_p2"", ""selector"": ""uniform"", ""setting"": ""p80""}",mean_wait_min_vs_uniform_hi,{:+.2f},docs/report_assets/tables/t19_value_of_prediction.md
N3439,-0.32,results/s6_value_of_prediction.csv,"{""scheme"": ""matched_to_p2"", ""selector"": ""uniform"", ""setting"": ""p80""}",mean_wait_min_vs_random,{:+.2f},docs/report_assets/tables/t19_value_of_prediction.md
N3440,-0.54,results/s6_value_of_prediction.csv,"{""scheme"": ""matched_to_p2"", ""selector"": ""uniform"", ""setting"": ""p80""}",mean_wait_min_vs_random_lo,{:+.2f},docs/report_assets/tables/t19_value_of_prediction.md
N3441,-0.09,results/s6_value_of_prediction.csv,"{""scheme"": ""matched_to_p2"", ""selector"": ""uniform"", ""setting"": ""p80""}",mean_wait_min_vs_random_hi,{:+.2f},docs/report_assets/tables/t19_value_of_prediction.md
N3442,+0.00,results/s6_value_of_prediction.csv,"{""scheme"": ""matched_to_p2"", ""selector"": ""uniform"", ""setting"": ""p80""}",overtime_min_vs_uniform,{:+.2f},docs/report_assets/tables/t19_value_of_prediction.md
N3443,+0.00,results/s6_value_of_prediction.csv,"{""scheme"": ""matched_to_p2"", ""selector"": ""uniform"", ""setting"": ""p80""}",overtime_min_vs_uniform_lo,{:+.2f},docs/report_assets/tables/t19_value_of_prediction.md
N3444,+0.00,results/s6_value_of_prediction.csv,"{""scheme"": ""matched_to_p2"", ""selector"": ""uniform"", ""setting"": ""p80""}",overtime_min_vs_uniform_hi,{:+.2f},docs/report_assets/tables/t19_value_of_prediction.md
N3445,-0.20,results/s6_value_of_prediction.csv,"{""scheme"": ""matched_to_p2"", ""selector"": ""uniform"", ""setting"": ""p80""}",overtime_min_vs_random,{:+.2f},docs/report_assets/tables/t19_value_of_prediction.md
N3446,-0.57,results/s6_value_of_prediction.csv,"{""scheme"": ""matched_to_p2"", ""selector"": ""uniform"", ""setting"": ""p80""}",overtime_min_vs_random_lo,{:+.2f},docs/report_assets/tables/t19_value_of_prediction.md
N3447,+0.18,results/s6_value_of_prediction.csv,"{""scheme"": ""matched_to_p2"", ""selector"": ""uniform"", ""setting"": ""p80""}",overtime_min_vs_random_hi,{:+.2f},docs/report_assets/tables/t19_value_of_prediction.md
N3448,62.8%,results/s6_value_of_prediction.csv,"{""scheme"": ""matched_to_p2"", ""selector"": ""uniform"", ""setting"": ""p80""}",share_double_slots_both_attend,{:.1%},docs/report_assets/tables/t19_value_of_prediction.md
N3449,3.18,results/s6_value_of_prediction.csv,"{""scheme"": ""matched_to_p2"", ""selector"": ""oracle"", ""setting"": ""p80""}",double_slots_mean,{:.2f},docs/report_assets/tables/t19_value_of_prediction.md
N3450,6.3,results/s6_value_of_prediction.csv,"{""scheme"": ""matched_to_p2"", ""selector"": ""oracle"", ""setting"": ""p80""}",mean_wait_min,{:.1f},docs/report_assets/tables/t19_value_of_prediction.md
N3451,-2.48,results/s6_value_of_prediction.csv,"{""scheme"": ""matched_to_p2"", ""selector"": ""oracle"", ""setting"": ""p80""}",mean_wait_min_vs_uniform,{:+.2f},docs/report_assets/tables/t19_value_of_prediction.md
N3452,-2.69,results/s6_value_of_prediction.csv,"{""scheme"": ""matched_to_p2"", ""selector"": ""oracle"", ""setting"": ""p80""}",mean_wait_min_vs_uniform_lo,{:+.2f},docs/report_assets/tables/t19_value_of_prediction.md
N3453,-2.26,results/s6_value_of_prediction.csv,"{""scheme"": ""matched_to_p2"", ""selector"": ""oracle"", ""setting"": ""p80""}",mean_wait_min_vs_uniform_hi,{:+.2f},docs/report_assets/tables/t19_value_of_prediction.md
N3454,-2.79,results/s6_value_of_prediction.csv,"{""scheme"": ""matched_to_p2"", ""selector"": ""oracle"", ""setting"": ""p80""}",mean_wait_min_vs_random,{:+.2f},docs/report_assets/tables/t19_value_of_prediction.md
N3455,-3.06,results/s6_value_of_prediction.csv,"{""scheme"": ""matched_to_p2"", ""selector"": ""oracle"", ""setting"": ""p80""}",mean_wait_min_vs_random_lo,{:+.2f},docs/report_assets/tables/t19_value_of_prediction.md
N3456,-2.53,results/s6_value_of_prediction.csv,"{""scheme"": ""matched_to_p2"", ""selector"": ""oracle"", ""setting"": ""p80""}",mean_wait_min_vs_random_hi,{:+.2f},docs/report_assets/tables/t19_value_of_prediction.md
N3457,-1.87,results/s6_value_of_prediction.csv,"{""scheme"": ""matched_to_p2"", ""selector"": ""oracle"", ""setting"": ""p80""}",overtime_min_vs_uniform,{:+.2f},docs/report_assets/tables/t19_value_of_prediction.md
N3458,-2.25,results/s6_value_of_prediction.csv,"{""scheme"": ""matched_to_p2"", ""selector"": ""oracle"", ""setting"": ""p80""}",overtime_min_vs_uniform_lo,{:+.2f},docs/report_assets/tables/t19_value_of_prediction.md
N3459,-1.49,results/s6_value_of_prediction.csv,"{""scheme"": ""matched_to_p2"", ""selector"": ""oracle"", ""setting"": ""p80""}",overtime_min_vs_uniform_hi,{:+.2f},docs/report_assets/tables/t19_value_of_prediction.md
N3460,-2.07,results/s6_value_of_prediction.csv,"{""scheme"": ""matched_to_p2"", ""selector"": ""oracle"", ""setting"": ""p80""}",overtime_min_vs_random,{:+.2f},docs/report_assets/tables/t19_value_of_prediction.md
N3461,-2.52,results/s6_value_of_prediction.csv,"{""scheme"": ""matched_to_p2"", ""selector"": ""oracle"", ""setting"": ""p80""}",overtime_min_vs_random_lo,{:+.2f},docs/report_assets/tables/t19_value_of_prediction.md
N3462,-1.62,results/s6_value_of_prediction.csv,"{""scheme"": ""matched_to_p2"", ""selector"": ""oracle"", ""setting"": ""p80""}",overtime_min_vs_random_hi,{:+.2f},docs/report_assets/tables/t19_value_of_prediction.md
N3463,18.2%,results/s6_value_of_prediction.csv,"{""scheme"": ""matched_to_p2"", ""selector"": ""oracle"", ""setting"": ""p80""}",share_double_slots_both_attend,{:.1%},docs/report_assets/tables/t19_value_of_prediction.md
N3464,1.52,results/s6_value_of_prediction.csv,"{""scheme"": ""matched_to_p2"", ""selector"": ""p2_risk_threshold"", ""setting"": ""p90""}",double_slots_mean,{:.2f},docs/report_assets/tables/t19_value_of_prediction.md
N3465,5.2,results/s6_value_of_prediction.csv,"{""scheme"": ""matched_to_p2"", ""selector"": ""p2_risk_threshold"", ""setting"": ""p90""}",mean_wait_min,{:.1f},docs/report_assets/tables/t19_value_of_prediction.md
N3466,-0.57,results/s6_value_of_prediction.csv,"{""scheme"": ""matched_to_p2"", ""selector"": ""p2_risk_threshold"", ""setting"": ""p90""}",mean_wait_min_vs_uniform,{:+.2f},docs/report_assets/tables/t19_value_of_prediction.md
N3467,-0.73,results/s6_value_of_prediction.csv,"{""scheme"": ""matched_to_p2"", ""selector"": ""p2_risk_threshold"", ""setting"": ""p90""}",mean_wait_min_vs_uniform_lo,{:+.2f},docs/report_assets/tables/t19_value_of_prediction.md
N3468,-0.41,results/s6_value_of_prediction.csv,"{""scheme"": ""matched_to_p2"", ""selector"": ""p2_risk_threshold"", ""setting"": ""p90""}",mean_wait_min_vs_uniform_hi,{:+.2f},docs/report_assets/tables/t19_value_of_prediction.md
N3469,-0.62,results/s6_value_of_prediction.csv,"{""scheme"": ""matched_to_p2"", ""selector"": ""p2_risk_threshold"", ""setting"": ""p90""}",mean_wait_min_vs_random,{:+.2f},docs/report_assets/tables/t19_value_of_prediction.md
N3470,-0.81,results/s6_value_of_prediction.csv,"{""scheme"": ""matched_to_p2"", ""selector"": ""p2_risk_threshold"", ""setting"": ""p90""}",mean_wait_min_vs_random_lo,{:+.2f},docs/report_assets/tables/t19_value_of_prediction.md
N3471,-0.43,results/s6_value_of_prediction.csv,"{""scheme"": ""matched_to_p2"", ""selector"": ""p2_risk_threshold"", ""setting"": ""p90""}",mean_wait_min_vs_random_hi,{:+.2f},docs/report_assets/tables/t19_value_of_prediction.md
N3472,+0.15,results/s6_value_of_prediction.csv,"{""scheme"": ""matched_to_p2"", ""selector"": ""p2_risk_threshold"", ""setting"": ""p90""}",overtime_min_vs_uniform,{:+.2f},docs/report_assets/tables/t19_value_of_prediction.md
N3473,-0.15,results/s6_value_of_prediction.csv,"{""scheme"": ""matched_to_p2"", ""selector"": ""p2_risk_threshold"", ""setting"": ""p90""}",overtime_min_vs_uniform_lo,{:+.2f},docs/report_assets/tables/t19_value_of_prediction.md
N3474,+0.44,results/s6_value_of_prediction.csv,"{""scheme"": ""matched_to_p2"", ""selector"": ""p2_risk_threshold"", ""setting"": ""p90""}",overtime_min_vs_uniform_hi,{:+.2f},docs/report_assets/tables/t19_value_of_prediction.md
N3475,-0.32,results/s6_value_of_prediction.csv,"{""scheme"": ""matched_to_p2"", ""selector"": ""p2_risk_threshold"", ""setting"": ""p90""}",overtime_min_vs_random,{:+.2f},docs/report_assets/tables/t19_value_of_prediction.md
N3476,-0.67,results/s6_value_of_prediction.csv,"{""scheme"": ""matched_to_p2"", ""selector"": ""p2_risk_threshold"", ""setting"": ""p90""}",overtime_min_vs_random_lo,{:+.2f},docs/report_assets/tables/t19_value_of_prediction.md
N3477,+0.04,results/s6_value_of_prediction.csv,"{""scheme"": ""matched_to_p2"", ""selector"": ""p2_risk_threshold"", ""setting"": ""p90""}",overtime_min_vs_random_hi,{:+.2f},docs/report_assets/tables/t19_value_of_prediction.md
N3478,45.2%,results/s6_value_of_prediction.csv,"{""scheme"": ""matched_to_p2"", ""selector"": ""p2_risk_threshold"", ""setting"": ""p90""}",share_double_slots_both_attend,{:.1%},docs/report_assets/tables/t19_value_of_prediction.md
N3479,1.52,results/s6_value_of_prediction.csv,"{""scheme"": ""matched_to_p2"", ""selector"": ""random"", ""setting"": ""p90""}",double_slots_mean,{:.2f},docs/report_assets/tables/t19_value_of_prediction.md
N3480,5.8,results/s6_value_of_prediction.csv,"{""scheme"": ""matched_to_p2"", ""selector"": ""random"", ""setting"": ""p90""}",mean_wait_min,{:.1f},docs/report_assets/tables/t19_value_of_prediction.md
N3481,+0.04,results/s6_value_of_prediction.csv,"{""scheme"": ""matched_to_p2"", ""selector"": ""random"", ""setting"": ""p90""}",mean_wait_min_vs_uniform,{:+.2f},docs/report_assets/tables/t19_value_of_prediction.md
N3482,-0.13,results/s6_value_of_prediction.csv,"{""scheme"": ""matched_to_p2"", ""selector"": ""random"", ""setting"": ""p90""}",mean_wait_min_vs_uniform_lo,{:+.2f},docs/report_assets/tables/t19_value_of_prediction.md
N3483,+0.21,results/s6_value_of_prediction.csv,"{""scheme"": ""matched_to_p2"", ""selector"": ""random"", ""setting"": ""p90""}",mean_wait_min_vs_uniform_hi,{:+.2f},docs/report_assets/tables/t19_value_of_prediction.md
N3484,+0.00,results/s6_value_of_prediction.csv,"{""scheme"": ""matched_to_p2"", ""selector"": ""random"", ""setting"": ""p90""}",mean_wait_min_vs_random,{:+.2f},docs/report_assets/tables/t19_value_of_prediction.md
N3485,+0.00,results/s6_value_of_prediction.csv,"{""scheme"": ""matched_to_p2"", ""selector"": ""random"", ""setting"": ""p90""}",mean_wait_min_vs_random_lo,{:+.2f},docs/report_assets/tables/t19_value_of_prediction.md
N3486,+0.00,results/s6_value_of_prediction.csv,"{""scheme"": ""matched_to_p2"", ""selector"": ""random"", ""setting"": ""p90""}",mean_wait_min_vs_random_hi,{:+.2f},docs/report_assets/tables/t19_value_of_prediction.md
N3487,+0.46,results/s6_value_of_prediction.csv,"{""scheme"": ""matched_to_p2"", ""selector"": ""random"", ""setting"": ""p90""}",overtime_min_vs_uniform,{:+.2f},docs/report_assets/tables/t19_value_of_prediction.md
N3488,+0.16,results/s6_value_of_prediction.csv,"{""scheme"": ""matched_to_p2"", ""selector"": ""random"", ""setting"": ""p90""}",overtime_min_vs_uniform_lo,{:+.2f},docs/report_assets/tables/t19_value_of_prediction.md
N3489,+0.76,results/s6_value_of_prediction.csv,"{""scheme"": ""matched_to_p2"", ""selector"": ""random"", ""setting"": ""p90""}",overtime_min_vs_uniform_hi,{:+.2f},docs/report_assets/tables/t19_value_of_prediction.md
N3490,+0.00,results/s6_value_of_prediction.csv,"{""scheme"": ""matched_to_p2"", ""selector"": ""random"", ""setting"": ""p90""}",overtime_min_vs_random,{:+.2f},docs/report_assets/tables/t19_value_of_prediction.md
N3491,+0.00,results/s6_value_of_prediction.csv,"{""scheme"": ""matched_to_p2"", ""selector"": ""random"", ""setting"": ""p90""}",overtime_min_vs_random_lo,{:+.2f},docs/report_assets/tables/t19_value_of_prediction.md
N3492,+0.00,results/s6_value_of_prediction.csv,"{""scheme"": ""matched_to_p2"", ""selector"": ""random"", ""setting"": ""p90""}",overtime_min_vs_random_hi,{:+.2f},docs/report_assets/tables/t19_value_of_prediction.md
N3493,63.7%,results/s6_value_of_prediction.csv,"{""scheme"": ""matched_to_p2"", ""selector"": ""random"", ""setting"": ""p90""}",share_double_slots_both_attend,{:.1%},docs/report_assets/tables/t19_value_of_prediction.md
N3494,1.52,results/s6_value_of_prediction.csv,"{""scheme"": ""matched_to_p2"", ""selector"": ""uniform"", ""setting"": ""p90""}",double_slots_mean,{:.2f},docs/report_assets/tables/t19_value_of_prediction.md
N3495,5.8,results/s6_value_of_prediction.csv,"{""scheme"": ""matched_to_p2"", ""selector"": ""uniform"", ""setting"": ""p90""}",mean_wait_min,{:.1f},docs/report_assets/tables/t19_value_of_prediction.md
N3496,+0.00,results/s6_value_of_prediction.csv,"{""scheme"": ""matched_to_p2"", ""selector"": ""uniform"", ""setting"": ""p90""}",mean_wait_min_vs_uniform,{:+.2f},docs/report_assets/tables/t19_value_of_prediction.md
N3497,+0.00,results/s6_value_of_prediction.csv,"{""scheme"": ""matched_to_p2"", ""selector"": ""uniform"", ""setting"": ""p90""}",mean_wait_min_vs_uniform_lo,{:+.2f},docs/report_assets/tables/t19_value_of_prediction.md
N3498,+0.00,results/s6_value_of_prediction.csv,"{""scheme"": ""matched_to_p2"", ""selector"": ""uniform"", ""setting"": ""p90""}",mean_wait_min_vs_uniform_hi,{:+.2f},docs/report_assets/tables/t19_value_of_prediction.md
N3499,-0.04,results/s6_value_of_prediction.csv,"{""scheme"": ""matched_to_p2"", ""selector"": ""uniform"", ""setting"": ""p90""}",mean_wait_min_vs_random,{:+.2f},docs/report_assets/tables/t19_value_of_prediction.md
N3500,-0.21,results/s6_value_of_prediction.csv,"{""scheme"": ""matched_to_p2"", ""selector"": ""uniform"", ""setting"": ""p90""}",mean_wait_min_vs_random_lo,{:+.2f},docs/report_assets/tables/t19_value_of_prediction.md
N3501,+0.13,results/s6_value_of_prediction.csv,"{""scheme"": ""matched_to_p2"", ""selector"": ""uniform"", ""setting"": ""p90""}",mean_wait_min_vs_random_hi,{:+.2f},docs/report_assets/tables/t19_value_of_prediction.md
N3502,+0.00,results/s6_value_of_prediction.csv,"{""scheme"": ""matched_to_p2"", ""selector"": ""uniform"", ""setting"": ""p90""}",overtime_min_vs_uniform,{:+.2f},docs/report_assets/tables/t19_value_of_prediction.md
N3503,+0.00,results/s6_value_of_prediction.csv,"{""scheme"": ""matched_to_p2"", ""selector"": ""uniform"", ""setting"": ""p90""}",overtime_min_vs_uniform_lo,{:+.2f},docs/report_assets/tables/t19_value_of_prediction.md
N3504,+0.00,results/s6_value_of_prediction.csv,"{""scheme"": ""matched_to_p2"", ""selector"": ""uniform"", ""setting"": ""p90""}",overtime_min_vs_uniform_hi,{:+.2f},docs/report_assets/tables/t19_value_of_prediction.md
N3505,-0.46,results/s6_value_of_prediction.csv,"{""scheme"": ""matched_to_p2"", ""selector"": ""uniform"", ""setting"": ""p90""}",overtime_min_vs_random,{:+.2f},docs/report_assets/tables/t19_value_of_prediction.md
N3506,-0.76,results/s6_value_of_prediction.csv,"{""scheme"": ""matched_to_p2"", ""selector"": ""uniform"", ""setting"": ""p90""}",overtime_min_vs_random_lo,{:+.2f},docs/report_assets/tables/t19_value_of_prediction.md
N3507,-0.16,results/s6_value_of_prediction.csv,"{""scheme"": ""matched_to_p2"", ""selector"": ""uniform"", ""setting"": ""p90""}",overtime_min_vs_random_hi,{:+.2f},docs/report_assets/tables/t19_value_of_prediction.md
N3508,64.4%,results/s6_value_of_prediction.csv,"{""scheme"": ""matched_to_p2"", ""selector"": ""uniform"", ""setting"": ""p90""}",share_double_slots_both_attend,{:.1%},docs/report_assets/tables/t19_value_of_prediction.md
N3509,1.52,results/s6_value_of_prediction.csv,"{""scheme"": ""matched_to_p2"", ""selector"": ""oracle"", ""setting"": ""p90""}",double_slots_mean,{:.2f},docs/report_assets/tables/t19_value_of_prediction.md
N3510,4.0,results/s6_value_of_prediction.csv,"{""scheme"": ""matched_to_p2"", ""selector"": ""oracle"", ""setting"": ""p90""}",mean_wait_min,{:.1f},docs/report_assets/tables/t19_value_of_prediction.md
N3511,-1.77,results/s6_value_of_prediction.csv,"{""scheme"": ""matched_to_p2"", ""selector"": ""oracle"", ""setting"": ""p90""}",mean_wait_min_vs_uniform,{:+.2f},docs/report_assets/tables/t19_value_of_prediction.md
N3512,-1.94,results/s6_value_of_prediction.csv,"{""scheme"": ""matched_to_p2"", ""selector"": ""oracle"", ""setting"": ""p90""}",mean_wait_min_vs_uniform_lo,{:+.2f},docs/report_assets/tables/t19_value_of_prediction.md
N3513,-1.60,results/s6_value_of_prediction.csv,"{""scheme"": ""matched_to_p2"", ""selector"": ""oracle"", ""setting"": ""p90""}",mean_wait_min_vs_uniform_hi,{:+.2f},docs/report_assets/tables/t19_value_of_prediction.md
N3514,-1.81,results/s6_value_of_prediction.csv,"{""scheme"": ""matched_to_p2"", ""selector"": ""oracle"", ""setting"": ""p90""}",mean_wait_min_vs_random,{:+.2f},docs/report_assets/tables/t19_value_of_prediction.md
N3515,-2.00,results/s6_value_of_prediction.csv,"{""scheme"": ""matched_to_p2"", ""selector"": ""oracle"", ""setting"": ""p90""}",mean_wait_min_vs_random_lo,{:+.2f},docs/report_assets/tables/t19_value_of_prediction.md
N3516,-1.62,results/s6_value_of_prediction.csv,"{""scheme"": ""matched_to_p2"", ""selector"": ""oracle"", ""setting"": ""p90""}",mean_wait_min_vs_random_hi,{:+.2f},docs/report_assets/tables/t19_value_of_prediction.md
N3517,-0.95,results/s6_value_of_prediction.csv,"{""scheme"": ""matched_to_p2"", ""selector"": ""oracle"", ""setting"": ""p90""}",overtime_min_vs_uniform,{:+.2f},docs/report_assets/tables/t19_value_of_prediction.md
N3518,-1.22,results/s6_value_of_prediction.csv,"{""scheme"": ""matched_to_p2"", ""selector"": ""oracle"", ""setting"": ""p90""}",overtime_min_vs_uniform_lo,{:+.2f},docs/report_assets/tables/t19_value_of_prediction.md
N3519,-0.68,results/s6_value_of_prediction.csv,"{""scheme"": ""matched_to_p2"", ""selector"": ""oracle"", ""setting"": ""p90""}",overtime_min_vs_uniform_hi,{:+.2f},docs/report_assets/tables/t19_value_of_prediction.md
N3520,-1.41,results/s6_value_of_prediction.csv,"{""scheme"": ""matched_to_p2"", ""selector"": ""oracle"", ""setting"": ""p90""}",overtime_min_vs_random,{:+.2f},docs/report_assets/tables/t19_value_of_prediction.md
N3521,-1.75,results/s6_value_of_prediction.csv,"{""scheme"": ""matched_to_p2"", ""selector"": ""oracle"", ""setting"": ""p90""}",overtime_min_vs_random_lo,{:+.2f},docs/report_assets/tables/t19_value_of_prediction.md
N3522,-1.07,results/s6_value_of_prediction.csv,"{""scheme"": ""matched_to_p2"", ""selector"": ""oracle"", ""setting"": ""p90""}",overtime_min_vs_random_hi,{:+.2f},docs/report_assets/tables/t19_value_of_prediction.md
N3523,7.7%,results/s6_value_of_prediction.csv,"{""scheme"": ""matched_to_p2"", ""selector"": ""oracle"", ""setting"": ""p90""}",share_double_slots_both_attend,{:.1%},docs/report_assets/tables/t19_value_of_prediction.md
N3524,0.71,results/s6_value_of_prediction.csv,"{""scheme"": ""matched_to_p2"", ""selector"": ""p2_risk_threshold"", ""setting"": ""p95""}",double_slots_mean,{:.2f},docs/report_assets/tables/t19_value_of_prediction.md
N3525,3.9,results/s6_value_of_prediction.csv,"{""scheme"": ""matched_to_p2"", ""selector"": ""p2_risk_threshold"", ""setting"": ""p95""}",mean_wait_min,{:.1f},docs/report_assets/tables/t19_value_of_prediction.md
N3526,-0.37,results/s6_value_of_prediction.csv,"{""scheme"": ""matched_to_p2"", ""selector"": ""p2_risk_threshold"", ""setting"": ""p95""}",mean_wait_min_vs_uniform,{:+.2f},docs/report_assets/tables/t19_value_of_prediction.md
N3527,-0.49,results/s6_value_of_prediction.csv,"{""scheme"": ""matched_to_p2"", ""selector"": ""p2_risk_threshold"", ""setting"": ""p95""}",mean_wait_min_vs_uniform_lo,{:+.2f},docs/report_assets/tables/t19_value_of_prediction.md
N3528,-0.25,results/s6_value_of_prediction.csv,"{""scheme"": ""matched_to_p2"", ""selector"": ""p2_risk_threshold"", ""setting"": ""p95""}",mean_wait_min_vs_uniform_hi,{:+.2f},docs/report_assets/tables/t19_value_of_prediction.md
N3529,-0.36,results/s6_value_of_prediction.csv,"{""scheme"": ""matched_to_p2"", ""selector"": ""p2_risk_threshold"", ""setting"": ""p95""}",mean_wait_min_vs_random,{:+.2f},docs/report_assets/tables/t19_value_of_prediction.md
N3530,-0.49,results/s6_value_of_prediction.csv,"{""scheme"": ""matched_to_p2"", ""selector"": ""p2_risk_threshold"", ""setting"": ""p95""}",mean_wait_min_vs_random_lo,{:+.2f},docs/report_assets/tables/t19_value_of_prediction.md
N3531,-0.23,results/s6_value_of_prediction.csv,"{""scheme"": ""matched_to_p2"", ""selector"": ""p2_risk_threshold"", ""setting"": ""p95""}",mean_wait_min_vs_random_hi,{:+.2f},docs/report_assets/tables/t19_value_of_prediction.md
N3532,+0.24,results/s6_value_of_prediction.csv,"{""scheme"": ""matched_to_p2"", ""selector"": ""p2_risk_threshold"", ""setting"": ""p95""}",overtime_min_vs_uniform,{:+.2f},docs/report_assets/tables/t19_value_of_prediction.md
N3533,+0.02,results/s6_value_of_prediction.csv,"{""scheme"": ""matched_to_p2"", ""selector"": ""p2_risk_threshold"", ""setting"": ""p95""}",overtime_min_vs_uniform_lo,{:+.2f},docs/report_assets/tables/t19_value_of_prediction.md
N3534,+0.46,results/s6_value_of_prediction.csv,"{""scheme"": ""matched_to_p2"", ""selector"": ""p2_risk_threshold"", ""setting"": ""p95""}",overtime_min_vs_uniform_hi,{:+.2f},docs/report_assets/tables/t19_value_of_prediction.md
N3535,-0.23,results/s6_value_of_prediction.csv,"{""scheme"": ""matched_to_p2"", ""selector"": ""p2_risk_threshold"", ""setting"": ""p95""}",overtime_min_vs_random,{:+.2f},docs/report_assets/tables/t19_value_of_prediction.md
N3536,-0.50,results/s6_value_of_prediction.csv,"{""scheme"": ""matched_to_p2"", ""selector"": ""p2_risk_threshold"", ""setting"": ""p95""}",overtime_min_vs_random_lo,{:+.2f},docs/report_assets/tables/t19_value_of_prediction.md
N3537,+0.03,results/s6_value_of_prediction.csv,"{""scheme"": ""matched_to_p2"", ""selector"": ""p2_risk_threshold"", ""setting"": ""p95""}",overtime_min_vs_random_hi,{:+.2f},docs/report_assets/tables/t19_value_of_prediction.md
N3538,42.5%,results/s6_value_of_prediction.csv,"{""scheme"": ""matched_to_p2"", ""selector"": ""p2_risk_threshold"", ""setting"": ""p95""}",share_double_slots_both_attend,{:.1%},docs/report_assets/tables/t19_value_of_prediction.md
N3539,0.71,results/s6_value_of_prediction.csv,"{""scheme"": ""matched_to_p2"", ""selector"": ""random"", ""setting"": ""p95""}",double_slots_mean,{:.2f},docs/report_assets/tables/t19_value_of_prediction.md
N3540,4.2,results/s6_value_of_prediction.csv,"{""scheme"": ""matched_to_p2"", ""selector"": ""random"", ""setting"": ""p95""}",mean_wait_min,{:.1f},docs/report_assets/tables/t19_value_of_prediction.md
N3541,-0.01,results/s6_value_of_prediction.csv,"{""scheme"": ""matched_to_p2"", ""selector"": ""random"", ""setting"": ""p95""}",mean_wait_min_vs_uniform,{:+.2f},docs/report_assets/tables/t19_value_of_prediction.md
N3542,-0.13,results/s6_value_of_prediction.csv,"{""scheme"": ""matched_to_p2"", ""selector"": ""random"", ""setting"": ""p95""}",mean_wait_min_vs_uniform_lo,{:+.2f},docs/report_assets/tables/t19_value_of_prediction.md
N3543,+0.11,results/s6_value_of_prediction.csv,"{""scheme"": ""matched_to_p2"", ""selector"": ""random"", ""setting"": ""p95""}",mean_wait_min_vs_uniform_hi,{:+.2f},docs/report_assets/tables/t19_value_of_prediction.md
N3544,+0.00,results/s6_value_of_prediction.csv,"{""scheme"": ""matched_to_p2"", ""selector"": ""random"", ""setting"": ""p95""}",mean_wait_min_vs_random,{:+.2f},docs/report_assets/tables/t19_value_of_prediction.md
N3545,+0.00,results/s6_value_of_prediction.csv,"{""scheme"": ""matched_to_p2"", ""selector"": ""random"", ""setting"": ""p95""}",mean_wait_min_vs_random_lo,{:+.2f},docs/report_assets/tables/t19_value_of_prediction.md
N3546,+0.00,results/s6_value_of_prediction.csv,"{""scheme"": ""matched_to_p2"", ""selector"": ""random"", ""setting"": ""p95""}",mean_wait_min_vs_random_hi,{:+.2f},docs/report_assets/tables/t19_value_of_prediction.md
N3547,+0.47,results/s6_value_of_prediction.csv,"{""scheme"": ""matched_to_p2"", ""selector"": ""random"", ""setting"": ""p95""}",overtime_min_vs_uniform,{:+.2f},docs/report_assets/tables/t19_value_of_prediction.md
N3548,+0.26,results/s6_value_of_prediction.csv,"{""scheme"": ""matched_to_p2"", ""selector"": ""random"", ""setting"": ""p95""}",overtime_min_vs_uniform_lo,{:+.2f},docs/report_assets/tables/t19_value_of_prediction.md
N3549,+0.69,results/s6_value_of_prediction.csv,"{""scheme"": ""matched_to_p2"", ""selector"": ""random"", ""setting"": ""p95""}",overtime_min_vs_uniform_hi,{:+.2f},docs/report_assets/tables/t19_value_of_prediction.md
N3550,+0.00,results/s6_value_of_prediction.csv,"{""scheme"": ""matched_to_p2"", ""selector"": ""random"", ""setting"": ""p95""}",overtime_min_vs_random,{:+.2f},docs/report_assets/tables/t19_value_of_prediction.md
N3551,+0.00,results/s6_value_of_prediction.csv,"{""scheme"": ""matched_to_p2"", ""selector"": ""random"", ""setting"": ""p95""}",overtime_min_vs_random_lo,{:+.2f},docs/report_assets/tables/t19_value_of_prediction.md
N3552,+0.00,results/s6_value_of_prediction.csv,"{""scheme"": ""matched_to_p2"", ""selector"": ""random"", ""setting"": ""p95""}",overtime_min_vs_random_hi,{:+.2f},docs/report_assets/tables/t19_value_of_prediction.md
N3553,67.2%,results/s6_value_of_prediction.csv,"{""scheme"": ""matched_to_p2"", ""selector"": ""random"", ""setting"": ""p95""}",share_double_slots_both_attend,{:.1%},docs/report_assets/tables/t19_value_of_prediction.md
N3554,0.71,results/s6_value_of_prediction.csv,"{""scheme"": ""matched_to_p2"", ""selector"": ""uniform"", ""setting"": ""p95""}",double_slots_mean,{:.2f},docs/report_assets/tables/t19_value_of_prediction.md
N3555,4.3,results/s6_value_of_prediction.csv,"{""scheme"": ""matched_to_p2"", ""selector"": ""uniform"", ""setting"": ""p95""}",mean_wait_min,{:.1f},docs/report_assets/tables/t19_value_of_prediction.md
N3556,+0.00,results/s6_value_of_prediction.csv,"{""scheme"": ""matched_to_p2"", ""selector"": ""uniform"", ""setting"": ""p95""}",mean_wait_min_vs_uniform,{:+.2f},docs/report_assets/tables/t19_value_of_prediction.md
N3557,+0.00,results/s6_value_of_prediction.csv,"{""scheme"": ""matched_to_p2"", ""selector"": ""uniform"", ""setting"": ""p95""}",mean_wait_min_vs_uniform_lo,{:+.2f},docs/report_assets/tables/t19_value_of_prediction.md
N3558,+0.00,results/s6_value_of_prediction.csv,"{""scheme"": ""matched_to_p2"", ""selector"": ""uniform"", ""setting"": ""p95""}",mean_wait_min_vs_uniform_hi,{:+.2f},docs/report_assets/tables/t19_value_of_prediction.md
N3559,+0.01,results/s6_value_of_prediction.csv,"{""scheme"": ""matched_to_p2"", ""selector"": ""uniform"", ""setting"": ""p95""}",mean_wait_min_vs_random,{:+.2f},docs/report_assets/tables/t19_value_of_prediction.md
N3560,-0.11,results/s6_value_of_prediction.csv,"{""scheme"": ""matched_to_p2"", ""selector"": ""uniform"", ""setting"": ""p95""}",mean_wait_min_vs_random_lo,{:+.2f},docs/report_assets/tables/t19_value_of_prediction.md
N3561,+0.13,results/s6_value_of_prediction.csv,"{""scheme"": ""matched_to_p2"", ""selector"": ""uniform"", ""setting"": ""p95""}",mean_wait_min_vs_random_hi,{:+.2f},docs/report_assets/tables/t19_value_of_prediction.md
N3562,+0.00,results/s6_value_of_prediction.csv,"{""scheme"": ""matched_to_p2"", ""selector"": ""uniform"", ""setting"": ""p95""}",overtime_min_vs_uniform,{:+.2f},docs/report_assets/tables/t19_value_of_prediction.md
N3563,+0.00,results/s6_value_of_prediction.csv,"{""scheme"": ""matched_to_p2"", ""selector"": ""uniform"", ""setting"": ""p95""}",overtime_min_vs_uniform_lo,{:+.2f},docs/report_assets/tables/t19_value_of_prediction.md
N3564,+0.00,results/s6_value_of_prediction.csv,"{""scheme"": ""matched_to_p2"", ""selector"": ""uniform"", ""setting"": ""p95""}",overtime_min_vs_uniform_hi,{:+.2f},docs/report_assets/tables/t19_value_of_prediction.md
N3565,-0.47,results/s6_value_of_prediction.csv,"{""scheme"": ""matched_to_p2"", ""selector"": ""uniform"", ""setting"": ""p95""}",overtime_min_vs_random,{:+.2f},docs/report_assets/tables/t19_value_of_prediction.md
N3566,-0.69,results/s6_value_of_prediction.csv,"{""scheme"": ""matched_to_p2"", ""selector"": ""uniform"", ""setting"": ""p95""}",overtime_min_vs_random_lo,{:+.2f},docs/report_assets/tables/t19_value_of_prediction.md
N3567,-0.26,results/s6_value_of_prediction.csv,"{""scheme"": ""matched_to_p2"", ""selector"": ""uniform"", ""setting"": ""p95""}",overtime_min_vs_random_hi,{:+.2f},docs/report_assets/tables/t19_value_of_prediction.md
N3568,64.2%,results/s6_value_of_prediction.csv,"{""scheme"": ""matched_to_p2"", ""selector"": ""uniform"", ""setting"": ""p95""}",share_double_slots_both_attend,{:.1%},docs/report_assets/tables/t19_value_of_prediction.md
N3569,0.71,results/s6_value_of_prediction.csv,"{""scheme"": ""matched_to_p2"", ""selector"": ""oracle"", ""setting"": ""p95""}",double_slots_mean,{:.2f},docs/report_assets/tables/t19_value_of_prediction.md
N3570,3.3,results/s6_value_of_prediction.csv,"{""scheme"": ""matched_to_p2"", ""selector"": ""oracle"", ""setting"": ""p95""}",mean_wait_min,{:.1f},docs/report_assets/tables/t19_value_of_prediction.md
N3571,-0.93,results/s6_value_of_prediction.csv,"{""scheme"": ""matched_to_p2"", ""selector"": ""oracle"", ""setting"": ""p95""}",mean_wait_min_vs_uniform,{:+.2f},docs/report_assets/tables/t19_value_of_prediction.md
N3572,-1.05,results/s6_value_of_prediction.csv,"{""scheme"": ""matched_to_p2"", ""selector"": ""oracle"", ""setting"": ""p95""}",mean_wait_min_vs_uniform_lo,{:+.2f},docs/report_assets/tables/t19_value_of_prediction.md
N3573,-0.80,results/s6_value_of_prediction.csv,"{""scheme"": ""matched_to_p2"", ""selector"": ""oracle"", ""setting"": ""p95""}",mean_wait_min_vs_uniform_hi,{:+.2f},docs/report_assets/tables/t19_value_of_prediction.md
N3574,-0.92,results/s6_value_of_prediction.csv,"{""scheme"": ""matched_to_p2"", ""selector"": ""oracle"", ""setting"": ""p95""}",mean_wait_min_vs_random,{:+.2f},docs/report_assets/tables/t19_value_of_prediction.md
N3575,-1.05,results/s6_value_of_prediction.csv,"{""scheme"": ""matched_to_p2"", ""selector"": ""oracle"", ""setting"": ""p95""}",mean_wait_min_vs_random_lo,{:+.2f},docs/report_assets/tables/t19_value_of_prediction.md
N3576,-0.79,results/s6_value_of_prediction.csv,"{""scheme"": ""matched_to_p2"", ""selector"": ""oracle"", ""setting"": ""p95""}",mean_wait_min_vs_random_hi,{:+.2f},docs/report_assets/tables/t19_value_of_prediction.md
N3577,-0.35,results/s6_value_of_prediction.csv,"{""scheme"": ""matched_to_p2"", ""selector"": ""oracle"", ""setting"": ""p95""}",overtime_min_vs_uniform,{:+.2f},docs/report_assets/tables/t19_value_of_prediction.md
N3578,-0.53,results/s6_value_of_prediction.csv,"{""scheme"": ""matched_to_p2"", ""selector"": ""oracle"", ""setting"": ""p95""}",overtime_min_vs_uniform_lo,{:+.2f},docs/report_assets/tables/t19_value_of_prediction.md
N3579,-0.18,results/s6_value_of_prediction.csv,"{""scheme"": ""matched_to_p2"", ""selector"": ""oracle"", ""setting"": ""p95""}",overtime_min_vs_uniform_hi,{:+.2f},docs/report_assets/tables/t19_value_of_prediction.md
N3580,-0.83,results/s6_value_of_prediction.csv,"{""scheme"": ""matched_to_p2"", ""selector"": ""oracle"", ""setting"": ""p95""}",overtime_min_vs_random,{:+.2f},docs/report_assets/tables/t19_value_of_prediction.md
N3581,-1.07,results/s6_value_of_prediction.csv,"{""scheme"": ""matched_to_p2"", ""selector"": ""oracle"", ""setting"": ""p95""}",overtime_min_vs_random_lo,{:+.2f},docs/report_assets/tables/t19_value_of_prediction.md
N3582,-0.58,results/s6_value_of_prediction.csv,"{""scheme"": ""matched_to_p2"", ""selector"": ""oracle"", ""setting"": ""p95""}",overtime_min_vs_random_hi,{:+.2f},docs/report_assets/tables/t19_value_of_prediction.md
N3583,4.1%,results/s6_value_of_prediction.csv,"{""scheme"": ""matched_to_p2"", ""selector"": ""oracle"", ""setting"": ""p95""}",share_double_slots_both_attend,{:.1%},docs/report_assets/tables/t19_value_of_prediction.md
N3584,2.496,results/sim_service_time_fit.csv,"{""family"": ""lognormal""}",param_1,{:.3f},docs/report_assets/tables/t20_service_time_fit.md
N3585,0.438,results/sim_service_time_fit.csv,"{""family"": ""lognormal""}",param_2,{:.3f},docs/report_assets/tables/t20_service_time_fit.md
N3586,"-20,511.8",results/sim_service_time_fit.csv,"{""family"": ""lognormal""}",log_likelihood,"{:,.1f}",docs/report_assets/tables/t20_service_time_fit.md
N3587,"41,027.6",results/sim_service_time_fit.csv,"{""family"": ""lognormal""}",aic,"{:,.1f}",docs/report_assets/tables/t20_service_time_fit.md
N3588,0.0072,results/sim_service_time_fit.csv,"{""family"": ""lognormal""}",ks_statistic,{:.4f},docs/report_assets/tables/t20_service_time_fit.md
N3589,13.36,results/sim_service_time_fit.csv,"{""family"": ""lognormal""}",mean_fitted,{:.2f},docs/report_assets/tables/t20_service_time_fit.md
N3590,5.339,results/sim_service_time_fit.csv,"{""family"": ""gamma""}",param_1,{:.3f},docs/report_assets/tables/t20_service_time_fit.md
N3591,2.503,results/sim_service_time_fit.csv,"{""family"": ""gamma""}",param_2,{:.3f},docs/report_assets/tables/t20_service_time_fit.md
N3592,"-20,632.2",results/sim_service_time_fit.csv,"{""family"": ""gamma""}",log_likelihood,"{:,.1f}",docs/report_assets/tables/t20_service_time_fit.md
N3593,"41,268.5",results/sim_service_time_fit.csv,"{""family"": ""gamma""}",aic,"{:,.1f}",docs/report_assets/tables/t20_service_time_fit.md
N3594,0.0347,results/sim_service_time_fit.csv,"{""family"": ""gamma""}",ks_statistic,{:.4f},docs/report_assets/tables/t20_service_time_fit.md
N3595,13.37,results/sim_service_time_fit.csv,"{""family"": ""gamma""}",mean_fitted,{:.2f},docs/report_assets/tables/t20_service_time_fit.md
N3596,13.37,results/sim_service_time_fit.csv,"{""family"": ""lognormal""}",mean_data,{:.2f},docs/report_assets/tables/t20_service_time_fit.md
N3597,"6,637",results/sim_service_time_fit.csv,"{""family"": ""lognormal""}",n,"{:,.0f}",docs/report_assets/tables/t20_service_time_fit.md
N3598,12.1,results/sim_service_time_fit.csv,"{""family"": ""lognormal""}",median_service_min,{:.1f},docs/report_assets/tables/t20_service_time_fit.md
N3599,15,results/sim_service_time_fit.csv,"{""family"": ""lognormal""}",slot_minutes_default,{:.0f},docs/report_assets/tables/t20_service_time_fit.md
N3600,240,results/sim_service_time_fit.csv,"{""family"": ""lognormal""}",session_minutes_default,{:.0f},docs/report_assets/tables/t20_service_time_fit.md
N3601,784,results/test_summary.csv,"{""group"": ""total"", ""name"": ""all""}",tests,"{:,.0f}",docs/report_assets/tables/t21_test_summary.md
N3602,778,results/test_summary.csv,"{""group"": ""total"", ""name"": ""all""}",passed,"{:,.0f}",docs/report_assets/tables/t21_test_summary.md
N3603,0,results/test_summary.csv,"{""group"": ""total"", ""name"": ""all""}",failed,"{:,.0f}",docs/report_assets/tables/t21_test_summary.md
N3604,6,results/test_summary.csv,"{""group"": ""total"", ""name"": ""all""}",skipped,"{:,.0f}",docs/report_assets/tables/t21_test_summary.md
N3605,202,results/test_summary.csv,"{""group"": ""engine"", ""name"": ""sqlite""}",tests,"{:,.0f}",docs/report_assets/tables/t21_test_summary.md
N3606,197,results/test_summary.csv,"{""group"": ""engine"", ""name"": ""sqlite""}",passed,"{:,.0f}",docs/report_assets/tables/t21_test_summary.md
N3607,0,results/test_summary.csv,"{""group"": ""engine"", ""name"": ""sqlite""}",failed,"{:,.0f}",docs/report_assets/tables/t21_test_summary.md
N3608,5,results/test_summary.csv,"{""group"": ""engine"", ""name"": ""sqlite""}",skipped,"{:,.0f}",docs/report_assets/tables/t21_test_summary.md
N3609,202,results/test_summary.csv,"{""group"": ""engine"", ""name"": ""mysql""}",tests,"{:,.0f}",docs/report_assets/tables/t21_test_summary.md
N3610,202,results/test_summary.csv,"{""group"": ""engine"", ""name"": ""mysql""}",passed,"{:,.0f}",docs/report_assets/tables/t21_test_summary.md
N3611,0,results/test_summary.csv,"{""group"": ""engine"", ""name"": ""mysql""}",failed,"{:,.0f}",docs/report_assets/tables/t21_test_summary.md
N3612,0,results/test_summary.csv,"{""group"": ""engine"", ""name"": ""mysql""}",skipped,"{:,.0f}",docs/report_assets/tables/t21_test_summary.md
N3613,20,results/test_summary.csv,"{""group"": ""module"", ""name"": ""tests/test_access.py""}",tests,"{:,.0f}",docs/report_assets/tables/t21_test_summary.md
N3614,20,results/test_summary.csv,"{""group"": ""module"", ""name"": ""tests/test_access.py""}",passed,"{:,.0f}",docs/report_assets/tables/t21_test_summary.md
N3615,0,results/test_summary.csv,"{""group"": ""module"", ""name"": ""tests/test_access.py""}",failed,"{:,.0f}",docs/report_assets/tables/t21_test_summary.md
N3616,0,results/test_summary.csv,"{""group"": ""module"", ""name"": ""tests/test_access.py""}",skipped,"{:,.0f}",docs/report_assets/tables/t21_test_summary.md
N3617,32,results/test_summary.csv,"{""group"": ""module"", ""name"": ""tests/test_account.py""}",tests,"{:,.0f}",docs/report_assets/tables/t21_test_summary.md
N3618,32,results/test_summary.csv,"{""group"": ""module"", ""name"": ""tests/test_account.py""}",passed,"{:,.0f}",docs/report_assets/tables/t21_test_summary.md
N3619,0,results/test_summary.csv,"{""group"": ""module"", ""name"": ""tests/test_account.py""}",failed,"{:,.0f}",docs/report_assets/tables/t21_test_summary.md
N3620,0,results/test_summary.csv,"{""group"": ""module"", ""name"": ""tests/test_account.py""}",skipped,"{:,.0f}",docs/report_assets/tables/t21_test_summary.md
N3621,30,results/test_summary.csv,"{""group"": ""module"", ""name"": ""tests/test_booking.py""}",tests,"{:,.0f}",docs/report_assets/tables/t21_test_summary.md
N3622,30,results/test_summary.csv,"{""group"": ""module"", ""name"": ""tests/test_booking.py""}",passed,"{:,.0f}",docs/report_assets/tables/t21_test_summary.md
N3623,0,results/test_summary.csv,"{""group"": ""module"", ""name"": ""tests/test_booking.py""}",failed,"{:,.0f}",docs/report_assets/tables/t21_test_summary.md
N3624,0,results/test_summary.csv,"{""group"": ""module"", ""name"": ""tests/test_booking.py""}",skipped,"{:,.0f}",docs/report_assets/tables/t21_test_summary.md
N3625,5,results/test_summary.csv,"{""group"": ""module"", ""name"": ""tests/test_calibrate.py""}",tests,"{:,.0f}",docs/report_assets/tables/t21_test_summary.md
N3626,5,results/test_summary.csv,"{""group"": ""module"", ""name"": ""tests/test_calibrate.py""}",passed,"{:,.0f}",docs/report_assets/tables/t21_test_summary.md
N3627,0,results/test_summary.csv,"{""group"": ""module"", ""name"": ""tests/test_calibrate.py""}",failed,"{:,.0f}",docs/report_assets/tables/t21_test_summary.md
N3628,0,results/test_summary.csv,"{""group"": ""module"", ""name"": ""tests/test_calibrate.py""}",skipped,"{:,.0f}",docs/report_assets/tables/t21_test_summary.md
N3629,24,results/test_summary.csv,"{""group"": ""module"", ""name"": ""tests/test_csrf.py""}",tests,"{:,.0f}",docs/report_assets/tables/t21_test_summary.md
N3630,24,results/test_summary.csv,"{""group"": ""module"", ""name"": ""tests/test_csrf.py""}",passed,"{:,.0f}",docs/report_assets/tables/t21_test_summary.md
N3631,0,results/test_summary.csv,"{""group"": ""module"", ""name"": ""tests/test_csrf.py""}",failed,"{:,.0f}",docs/report_assets/tables/t21_test_summary.md
N3632,0,results/test_summary.csv,"{""group"": ""module"", ""name"": ""tests/test_csrf.py""}",skipped,"{:,.0f}",docs/report_assets/tables/t21_test_summary.md
N3633,28,results/test_summary.csv,"{""group"": ""module"", ""name"": ""tests/test_data_loaders.py""}",tests,"{:,.0f}",docs/report_assets/tables/t21_test_summary.md
N3634,28,results/test_summary.csv,"{""group"": ""module"", ""name"": ""tests/test_data_loaders.py""}",passed,"{:,.0f}",docs/report_assets/tables/t21_test_summary.md
N3635,0,results/test_summary.csv,"{""group"": ""module"", ""name"": ""tests/test_data_loaders.py""}",failed,"{:,.0f}",docs/report_assets/tables/t21_test_summary.md
N3636,0,results/test_summary.csv,"{""group"": ""module"", ""name"": ""tests/test_data_loaders.py""}",skipped,"{:,.0f}",docs/report_assets/tables/t21_test_summary.md
N3637,14,results/test_summary.csv,"{""group"": ""module"", ""name"": ""tests/test_data_splits.py""}",tests,"{:,.0f}",docs/report_assets/tables/t21_test_summary.md
N3638,14,results/test_summary.csv,"{""group"": ""module"", ""name"": ""tests/test_data_splits.py""}",passed,"{:,.0f}",docs/report_assets/tables/t21_test_summary.md
N3639,0,results/test_summary.csv,"{""group"": ""module"", ""name"": ""tests/test_data_splits.py""}",failed,"{:,.0f}",docs/report_assets/tables/t21_test_summary.md
N3640,0,results/test_summary.csv,"{""group"": ""module"", ""name"": ""tests/test_data_splits.py""}",skipped,"{:,.0f}",docs/report_assets/tables/t21_test_summary.md
N3641,16,results/test_summary.csv,"{""group"": ""module"", ""name"": ""tests/test_deployable_features.py""}",tests,"{:,.0f}",docs/report_assets/tables/t21_test_summary.md
N3642,16,results/test_summary.csv,"{""group"": ""module"", ""name"": ""tests/test_deployable_features.py""}",passed,"{:,.0f}",docs/report_assets/tables/t21_test_summary.md
N3643,0,results/test_summary.csv,"{""group"": ""module"", ""name"": ""tests/test_deployable_features.py""}",failed,"{:,.0f}",docs/report_assets/tables/t21_test_summary.md
N3644,0,results/test_summary.csv,"{""group"": ""module"", ""name"": ""tests/test_deployable_features.py""}",skipped,"{:,.0f}",docs/report_assets/tables/t21_test_summary.md
N3645,19,results/test_summary.csv,"{""group"": ""module"", ""name"": ""tests/test_deployable_model.py""}",tests,"{:,.0f}",docs/report_assets/tables/t21_test_summary.md
N3646,19,results/test_summary.csv,"{""group"": ""module"", ""name"": ""tests/test_deployable_model.py""}",passed,"{:,.0f}",docs/report_assets/tables/t21_test_summary.md
N3647,0,results/test_summary.csv,"{""group"": ""module"", ""name"": ""tests/test_deployable_model.py""}",failed,"{:,.0f}",docs/report_assets/tables/t21_test_summary.md
N3648,0,results/test_summary.csv,"{""group"": ""module"", ""name"": ""tests/test_deployable_model.py""}",skipped,"{:,.0f}",docs/report_assets/tables/t21_test_summary.md
N3649,9,results/test_summary.csv,"{""group"": ""module"", ""name"": ""tests/test_e1.py""}",tests,"{:,.0f}",docs/report_assets/tables/t21_test_summary.md
N3650,9,results/test_summary.csv,"{""group"": ""module"", ""name"": ""tests/test_e1.py""}",passed,"{:,.0f}",docs/report_assets/tables/t21_test_summary.md
N3651,0,results/test_summary.csv,"{""group"": ""module"", ""name"": ""tests/test_e1.py""}",failed,"{:,.0f}",docs/report_assets/tables/t21_test_summary.md
N3652,0,results/test_summary.csv,"{""group"": ""module"", ""name"": ""tests/test_e1.py""}",skipped,"{:,.0f}",docs/report_assets/tables/t21_test_summary.md
N3653,13,results/test_summary.csv,"{""group"": ""module"", ""name"": ""tests/test_evaluate.py""}",tests,"{:,.0f}",docs/report_assets/tables/t21_test_summary.md
N3654,13,results/test_summary.csv,"{""group"": ""module"", ""name"": ""tests/test_evaluate.py""}",passed,"{:,.0f}",docs/report_assets/tables/t21_test_summary.md
N3655,0,results/test_summary.csv,"{""group"": ""module"", ""name"": ""tests/test_evaluate.py""}",failed,"{:,.0f}",docs/report_assets/tables/t21_test_summary.md
N3656,0,results/test_summary.csv,"{""group"": ""module"", ""name"": ""tests/test_evaluate.py""}",skipped,"{:,.0f}",docs/report_assets/tables/t21_test_summary.md
N3657,12,results/test_summary.csv,"{""group"": ""module"", ""name"": ""tests/test_experiments.py""}",tests,"{:,.0f}",docs/report_assets/tables/t21_test_summary.md
N3658,12,results/test_summary.csv,"{""group"": ""module"", ""name"": ""tests/test_experiments.py""}",passed,"{:,.0f}",docs/report_assets/tables/t21_test_summary.md
N3659,0,results/test_summary.csv,"{""group"": ""module"", ""name"": ""tests/test_experiments.py""}",failed,"{:,.0f}",docs/report_assets/tables/t21_test_summary.md
N3660,0,results/test_summary.csv,"{""group"": ""module"", ""name"": ""tests/test_experiments.py""}",skipped,"{:,.0f}",docs/report_assets/tables/t21_test_summary.md
N3661,7,results/test_summary.csv,"{""group"": ""module"", ""name"": ""tests/test_features.py""}",tests,"{:,.0f}",docs/report_assets/tables/t21_test_summary.md
N3662,7,results/test_summary.csv,"{""group"": ""module"", ""name"": ""tests/test_features.py""}",passed,"{:,.0f}",docs/report_assets/tables/t21_test_summary.md
N3663,0,results/test_summary.csv,"{""group"": ""module"", ""name"": ""tests/test_features.py""}",failed,"{:,.0f}",docs/report_assets/tables/t21_test_summary.md
N3664,0,results/test_summary.csv,"{""group"": ""module"", ""name"": ""tests/test_features.py""}",skipped,"{:,.0f}",docs/report_assets/tables/t21_test_summary.md
N3665,6,results/test_summary.csv,"{""group"": ""module"", ""name"": ""tests/test_flow.py""}",tests,"{:,.0f}",docs/report_assets/tables/t21_test_summary.md
N3666,6,results/test_summary.csv,"{""group"": ""module"", ""name"": ""tests/test_flow.py""}",passed,"{:,.0f}",docs/report_assets/tables/t21_test_summary.md
N3667,0,results/test_summary.csv,"{""group"": ""module"", ""name"": ""tests/test_flow.py""}",failed,"{:,.0f}",docs/report_assets/tables/t21_test_summary.md
N3668,0,results/test_summary.csv,"{""group"": ""module"", ""name"": ""tests/test_flow.py""}",skipped,"{:,.0f}",docs/report_assets/tables/t21_test_summary.md
N3669,19,results/test_summary.csv,"{""group"": ""module"", ""name"": ""tests/test_leakage.py""}",tests,"{:,.0f}",docs/report_assets/tables/t21_test_summary.md
N3670,19,results/test_summary.csv,"{""group"": ""module"", ""name"": ""tests/test_leakage.py""}",passed,"{:,.0f}",docs/report_assets/tables/t21_test_summary.md
N3671,0,results/test_summary.csv,"{""group"": ""module"", ""name"": ""tests/test_leakage.py""}",failed,"{:,.0f}",docs/report_assets/tables/t21_test_summary.md
N3672,0,results/test_summary.csv,"{""group"": ""module"", ""name"": ""tests/test_leakage.py""}",skipped,"{:,.0f}",docs/report_assets/tables/t21_test_summary.md
N3673,69,results/test_summary.csv,"{""group"": ""module"", ""name"": ""tests/test_leave.py""}",tests,"{:,.0f}",docs/report_assets/tables/t21_test_summary.md
N3674,69,results/test_summary.csv,"{""group"": ""module"", ""name"": ""tests/test_leave.py""}",passed,"{:,.0f}",docs/report_assets/tables/t21_test_summary.md
N3675,0,results/test_summary.csv,"{""group"": ""module"", ""name"": ""tests/test_leave.py""}",failed,"{:,.0f}",docs/report_assets/tables/t21_test_summary.md
N3676,0,results/test_summary.csv,"{""group"": ""module"", ""name"": ""tests/test_leave.py""}",skipped,"{:,.0f}",docs/report_assets/tables/t21_test_summary.md
N3677,22,results/test_summary.csv,"{""group"": ""module"", ""name"": ""tests/test_login_throttle.py""}",tests,"{:,.0f}",docs/report_assets/tables/t21_test_summary.md
N3678,22,results/test_summary.csv,"{""group"": ""module"", ""name"": ""tests/test_login_throttle.py""}",passed,"{:,.0f}",docs/report_assets/tables/t21_test_summary.md
N3679,0,results/test_summary.csv,"{""group"": ""module"", ""name"": ""tests/test_login_throttle.py""}",failed,"{:,.0f}",docs/report_assets/tables/t21_test_summary.md
N3680,0,results/test_summary.csv,"{""group"": ""module"", ""name"": ""tests/test_login_throttle.py""}",skipped,"{:,.0f}",docs/report_assets/tables/t21_test_summary.md
N3681,10,results/test_summary.csv,"{""group"": ""module"", ""name"": ""tests/test_manifest.py""}",tests,"{:,.0f}",docs/report_assets/tables/t21_test_summary.md
N3682,10,results/test_summary.csv,"{""group"": ""module"", ""name"": ""tests/test_manifest.py""}",passed,"{:,.0f}",docs/report_assets/tables/t21_test_summary.md
N3683,0,results/test_summary.csv,"{""group"": ""module"", ""name"": ""tests/test_manifest.py""}",failed,"{:,.0f}",docs/report_assets/tables/t21_test_summary.md
N3684,0,results/test_summary.csv,"{""group"": ""module"", ""name"": ""tests/test_manifest.py""}",skipped,"{:,.0f}",docs/report_assets/tables/t21_test_summary.md
N3685,10,results/test_summary.csv,"{""group"": ""module"", ""name"": ""tests/test_migrations.py""}",tests,"{:,.0f}",docs/report_assets/tables/t21_test_summary.md
N3686,5,results/test_summary.csv,"{""group"": ""module"", ""name"": ""tests/test_migrations.py""}",passed,"{:,.0f}",docs/report_assets/tables/t21_test_summary.md
N3687,0,results/test_summary.csv,"{""group"": ""module"", ""name"": ""tests/test_migrations.py""}",failed,"{:,.0f}",docs/report_assets/tables/t21_test_summary.md
N3688,5,results/test_summary.csv,"{""group"": ""module"", ""name"": ""tests/test_migrations.py""}",skipped,"{:,.0f}",docs/report_assets/tables/t21_test_summary.md
N3689,20,results/test_summary.csv,"{""group"": ""module"", ""name"": ""tests/test_patient_actions.py""}",tests,"{:,.0f}",docs/report_assets/tables/t21_test_summary.md
N3690,20,results/test_summary.csv,"{""group"": ""module"", ""name"": ""tests/test_patient_actions.py""}",passed,"{:,.0f}",docs/report_assets/tables/t21_test_summary.md
N3691,0,results/test_summary.csv,"{""group"": ""module"", ""name"": ""tests/test_patient_actions.py""}",failed,"{:,.0f}",docs/report_assets/tables/t21_test_summary.md
N3692,0,results/test_summary.csv,"{""group"": ""module"", ""name"": ""tests/test_patient_actions.py""}",skipped,"{:,.0f}",docs/report_assets/tables/t21_test_summary.md
N3693,12,results/test_summary.csv,"{""group"": ""module"", ""name"": ""tests/test_patient_isolation.py""}",tests,"{:,.0f}",docs/report_assets/tables/t21_test_summary.md
N3694,12,results/test_summary.csv,"{""group"": ""module"", ""name"": ""tests/test_patient_isolation.py""}",passed,"{:,.0f}",docs/report_assets/tables/t21_test_summary.md
N3695,0,results/test_summary.csv,"{""group"": ""module"", ""name"": ""tests/test_patient_isolation.py""}",failed,"{:,.0f}",docs/report_assets/tables/t21_test_summary.md
N3696,0,results/test_summary.csv,"{""group"": ""module"", ""name"": ""tests/test_patient_isolation.py""}",skipped,"{:,.0f}",docs/report_assets/tables/t21_test_summary.md
N3697,26,results/test_summary.csv,"{""group"": ""module"", ""name"": ""tests/test_patient_overlap.py""}",tests,"{:,.0f}",docs/report_assets/tables/t21_test_summary.md
N3698,26,results/test_summary.csv,"{""group"": ""module"", ""name"": ""tests/test_patient_overlap.py""}",passed,"{:,.0f}",docs/report_assets/tables/t21_test_summary.md
N3699,0,results/test_summary.csv,"{""group"": ""module"", ""name"": ""tests/test_patient_overlap.py""}",failed,"{:,.0f}",docs/report_assets/tables/t21_test_summary.md
N3700,0,results/test_summary.csv,"{""group"": ""module"", ""name"": ""tests/test_patient_overlap.py""}",skipped,"{:,.0f}",docs/report_assets/tables/t21_test_summary.md
N3701,23,results/test_summary.csv,"{""group"": ""module"", ""name"": ""tests/test_report_numbers.py""}",tests,"{:,.0f}",docs/report_assets/tables/t21_test_summary.md
N3702,22,results/test_summary.csv,"{""group"": ""module"", ""name"": ""tests/test_report_numbers.py""}",passed,"{:,.0f}",docs/report_assets/tables/t21_test_summary.md
N3703,0,results/test_summary.csv,"{""group"": ""module"", ""name"": ""tests/test_report_numbers.py""}",failed,"{:,.0f}",docs/report_assets/tables/t21_test_summary.md
N3704,1,results/test_summary.csv,"{""group"": ""module"", ""name"": ""tests/test_report_numbers.py""}",skipped,"{:,.0f}",docs/report_assets/tables/t21_test_summary.md
N3705,33,results/test_summary.csv,"{""group"": ""module"", ""name"": ""tests/test_research_page.py""}",tests,"{:,.0f}",docs/report_assets/tables/t21_test_summary.md
N3706,33,results/test_summary.csv,"{""group"": ""module"", ""name"": ""tests/test_research_page.py""}",passed,"{:,.0f}",docs/report_assets/tables/t21_test_summary.md
N3707,0,results/test_summary.csv,"{""group"": ""module"", ""name"": ""tests/test_research_page.py""}",failed,"{:,.0f}",docs/report_assets/tables/t21_test_summary.md
N3708,0,results/test_summary.csv,"{""group"": ""module"", ""name"": ""tests/test_research_page.py""}",skipped,"{:,.0f}",docs/report_assets/tables/t21_test_summary.md
N3709,60,results/test_summary.csv,"{""group"": ""module"", ""name"": ""tests/test_risk_flag.py""}",tests,"{:,.0f}",docs/report_assets/tables/t21_test_summary.md
N3710,60,results/test_summary.csv,"{""group"": ""module"", ""name"": ""tests/test_risk_flag.py""}",passed,"{:,.0f}",docs/report_assets/tables/t21_test_summary.md
N3711,0,results/test_summary.csv,"{""group"": ""module"", ""name"": ""tests/test_risk_flag.py""}",failed,"{:,.0f}",docs/report_assets/tables/t21_test_summary.md
N3712,0,results/test_summary.csv,"{""group"": ""module"", ""name"": ""tests/test_risk_flag.py""}",skipped,"{:,.0f}",docs/report_assets/tables/t21_test_summary.md
N3713,22,results/test_summary.csv,"{""group"": ""module"", ""name"": ""tests/test_risk_status.py""}",tests,"{:,.0f}",docs/report_assets/tables/t21_test_summary.md
N3714,22,results/test_summary.csv,"{""group"": ""module"", ""name"": ""tests/test_risk_status.py""}",passed,"{:,.0f}",docs/report_assets/tables/t21_test_summary.md
N3715,0,results/test_summary.csv,"{""group"": ""module"", ""name"": ""tests/test_risk_status.py""}",failed,"{:,.0f}",docs/report_assets/tables/t21_test_summary.md
N3716,0,results/test_summary.csv,"{""group"": ""module"", ""name"": ""tests/test_risk_status.py""}",skipped,"{:,.0f}",docs/report_assets/tables/t21_test_summary.md
N3717,18,results/test_summary.csv,"{""group"": ""module"", ""name"": ""tests/test_robustness.py""}",tests,"{:,.0f}",docs/report_assets/tables/t21_test_summary.md
N3718,18,results/test_summary.csv,"{""group"": ""module"", ""name"": ""tests/test_robustness.py""}",passed,"{:,.0f}",docs/report_assets/tables/t21_test_summary.md
N3719,0,results/test_summary.csv,"{""group"": ""module"", ""name"": ""tests/test_robustness.py""}",failed,"{:,.0f}",docs/report_assets/tables/t21_test_summary.md
N3720,0,results/test_summary.csv,"{""group"": ""module"", ""name"": ""tests/test_robustness.py""}",skipped,"{:,.0f}",docs/report_assets/tables/t21_test_summary.md
N3721,20,results/test_summary.csv,"{""group"": ""module"", ""name"": ""tests/test_scheduling.py""}",tests,"{:,.0f}",docs/report_assets/tables/t21_test_summary.md
N3722,20,results/test_summary.csv,"{""group"": ""module"", ""name"": ""tests/test_scheduling.py""}",passed,"{:,.0f}",docs/report_assets/tables/t21_test_summary.md
N3723,0,results/test_summary.csv,"{""group"": ""module"", ""name"": ""tests/test_scheduling.py""}",failed,"{:,.0f}",docs/report_assets/tables/t21_test_summary.md
N3724,0,results/test_summary.csv,"{""group"": ""module"", ""name"": ""tests/test_scheduling.py""}",skipped,"{:,.0f}",docs/report_assets/tables/t21_test_summary.md
N3725,3,results/test_summary.csv,"{""group"": ""module"", ""name"": ""tests/test_schema.py""}",tests,"{:,.0f}",docs/report_assets/tables/t21_test_summary.md
N3726,3,results/test_summary.csv,"{""group"": ""module"", ""name"": ""tests/test_schema.py""}",passed,"{:,.0f}",docs/report_assets/tables/t21_test_summary.md
N3727,0,results/test_summary.csv,"{""group"": ""module"", ""name"": ""tests/test_schema.py""}",failed,"{:,.0f}",docs/report_assets/tables/t21_test_summary.md
N3728,0,results/test_summary.csv,"{""group"": ""module"", ""name"": ""tests/test_schema.py""}",skipped,"{:,.0f}",docs/report_assets/tables/t21_test_summary.md
N3729,25,results/test_summary.csv,"{""group"": ""module"", ""name"": ""tests/test_seed.py""}",tests,"{:,.0f}",docs/report_assets/tables/t21_test_summary.md
N3730,25,results/test_summary.csv,"{""group"": ""module"", ""name"": ""tests/test_seed.py""}",passed,"{:,.0f}",docs/report_assets/tables/t21_test_summary.md
N3731,0,results/test_summary.csv,"{""group"": ""module"", ""name"": ""tests/test_seed.py""}",failed,"{:,.0f}",docs/report_assets/tables/t21_test_summary.md
N3732,0,results/test_summary.csv,"{""group"": ""module"", ""name"": ""tests/test_seed.py""}",skipped,"{:,.0f}",docs/report_assets/tables/t21_test_summary.md
N3733,31,results/test_summary.csv,"{""group"": ""module"", ""name"": ""tests/test_sim.py""}",tests,"{:,.0f}",docs/report_assets/tables/t21_test_summary.md
N3734,31,results/test_summary.csv,"{""group"": ""module"", ""name"": ""tests/test_sim.py""}",passed,"{:,.0f}",docs/report_assets/tables/t21_test_summary.md
N3735,0,results/test_summary.csv,"{""group"": ""module"", ""name"": ""tests/test_sim.py""}",failed,"{:,.0f}",docs/report_assets/tables/t21_test_summary.md
N3736,0,results/test_summary.csv,"{""group"": ""module"", ""name"": ""tests/test_sim.py""}",skipped,"{:,.0f}",docs/report_assets/tables/t21_test_summary.md
N3737,16,results/test_summary.csv,"{""group"": ""module"", ""name"": ""tests/test_sim_experiments.py""}",tests,"{:,.0f}",docs/report_assets/tables/t21_test_summary.md
N3738,16,results/test_summary.csv,"{""group"": ""module"", ""name"": ""tests/test_sim_experiments.py""}",passed,"{:,.0f}",docs/report_assets/tables/t21_test_summary.md
N3739,0,results/test_summary.csv,"{""group"": ""module"", ""name"": ""tests/test_sim_experiments.py""}",failed,"{:,.0f}",docs/report_assets/tables/t21_test_summary.md
N3740,0,results/test_summary.csv,"{""group"": ""module"", ""name"": ""tests/test_sim_experiments.py""}",skipped,"{:,.0f}",docs/report_assets/tables/t21_test_summary.md
N3741,22,results/test_summary.csv,"{""group"": ""module"", ""name"": ""tests/test_sim_rl.py""}",tests,"{:,.0f}",docs/report_assets/tables/t21_test_summary.md
N3742,22,results/test_summary.csv,"{""group"": ""module"", ""name"": ""tests/test_sim_rl.py""}",passed,"{:,.0f}",docs/report_assets/tables/t21_test_summary.md
N3743,0,results/test_summary.csv,"{""group"": ""module"", ""name"": ""tests/test_sim_rl.py""}",failed,"{:,.0f}",docs/report_assets/tables/t21_test_summary.md
N3744,0,results/test_summary.csv,"{""group"": ""module"", ""name"": ""tests/test_sim_rl.py""}",skipped,"{:,.0f}",docs/report_assets/tables/t21_test_summary.md
N3745,36,results/test_summary.csv,"{""group"": ""module"", ""name"": ""tests/test_staff.py""}",tests,"{:,.0f}",docs/report_assets/tables/t21_test_summary.md
N3746,36,results/test_summary.csv,"{""group"": ""module"", ""name"": ""tests/test_staff.py""}",passed,"{:,.0f}",docs/report_assets/tables/t21_test_summary.md
N3747,0,results/test_summary.csv,"{""group"": ""module"", ""name"": ""tests/test_staff.py""}",failed,"{:,.0f}",docs/report_assets/tables/t21_test_summary.md
N3748,0,results/test_summary.csv,"{""group"": ""module"", ""name"": ""tests/test_staff.py""}",skipped,"{:,.0f}",docs/report_assets/tables/t21_test_summary.md
N3749,36,results/test_summary.csv,"{""group"": ""module"", ""name"": ""tests/test_standby.py""}",tests,"{:,.0f}",docs/report_assets/tables/t21_test_summary.md
N3750,36,results/test_summary.csv,"{""group"": ""module"", ""name"": ""tests/test_standby.py""}",passed,"{:,.0f}",docs/report_assets/tables/t21_test_summary.md
N3751,0,results/test_summary.csv,"{""group"": ""module"", ""name"": ""tests/test_standby.py""}",failed,"{:,.0f}",docs/report_assets/tables/t21_test_summary.md
N3752,0,results/test_summary.csv,"{""group"": ""module"", ""name"": ""tests/test_standby.py""}",skipped,"{:,.0f}",docs/report_assets/tables/t21_test_summary.md
N3753,16,results/test_summary.csv,"{""group"": ""module"", ""name"": ""tests/test_time_rules.py""}",tests,"{:,.0f}",docs/report_assets/tables/t21_test_summary.md
N3754,16,results/test_summary.csv,"{""group"": ""module"", ""name"": ""tests/test_time_rules.py""}",passed,"{:,.0f}",docs/report_assets/tables/t21_test_summary.md
N3755,0,results/test_summary.csv,"{""group"": ""module"", ""name"": ""tests/test_time_rules.py""}",failed,"{:,.0f}",docs/report_assets/tables/t21_test_summary.md
N3756,0,results/test_summary.csv,"{""group"": ""module"", ""name"": ""tests/test_time_rules.py""}",skipped,"{:,.0f}",docs/report_assets/tables/t21_test_summary.md
N3757,"110,527",results/dataset_summary.csv,"{""dataset"": ""kaggle"", ""metric"": ""rows_raw""}",value,"{:,.0f}",docs/RESULTS_SUMMARY.md
N3758,16,results/dataset_summary.csv,"{""dataset"": ""kaggle"", ""metric"": ""rows_removed""}",value,"{:,.0f}",docs/RESULTS_SUMMARY.md
N3759,5,results/cleaning_log.csv,"{""dataset"": ""kaggle"", ""step"": ""3""}",rows_changed,"{:,.0f}",docs/RESULTS_SUMMARY.md
N3760,6,results/cleaning_log.csv,"{""dataset"": ""kaggle"", ""step"": ""5""}",rows_changed,"{:,.0f}",docs/RESULTS_SUMMARY.md
N3761,5,results/cleaning_log.csv,"{""dataset"": ""kaggle"", ""step"": ""6""}",rows_changed,"{:,.0f}",docs/RESULTS_SUMMARY.md
N3762,"110,511",results/dataset_summary.csv,"{""dataset"": ""kaggle"", ""metric"": ""rows_clean""}",value,"{:,.0f}",docs/RESULTS_SUMMARY.md
N3763,"62,291",results/dataset_summary.csv,"{""dataset"": ""kaggle"", ""metric"": ""unique_patients_clean""}",value,"{:,.0f}",docs/RESULTS_SUMMARY.md
N3764,2016-04-29,results/dataset_summary.csv,"{""dataset"": ""kaggle"", ""metric"": ""appointment_date_min""}",value,{},docs/RESULTS_SUMMARY.md
N3765,2016-06-08,results/dataset_summary.csv,"{""dataset"": ""kaggle"", ""metric"": ""appointment_date_max""}",value,{},docs/RESULTS_SUMMARY.md
N3766,20.2%,results/dataset_summary.csv,"{""dataset"": ""kaggle"", ""metric"": ""no_show_rate_clean""}",value,{:.1%},docs/RESULTS_SUMMARY.md
N3767,34.9%,results/dataset_summary.csv,"{""dataset"": ""kaggle"", ""metric"": ""share_same_day_booking""}",value,{:.1%},docs/RESULTS_SUMMARY.md
N3768,4.8%,results/e1_eda_rates.csv,"{""dataset"": ""kaggle"", ""group"": ""0 (same day)"", ""variable"": ""lead_time_band""}",rate,{:.1%},docs/RESULTS_SUMMARY.md
N3769,33.9%,results/e1_eda_rates.csv,"{""dataset"": ""kaggle"", ""group"": ""15-30"", ""variable"": ""lead_time_band""}",rate,{:.1%},docs/RESULTS_SUMMARY.md
N3770,"61,214",results/dataset_summary.csv,"{""dataset"": ""openml"", ""metric"": ""rows_raw""}",value,"{:,.0f}",docs/RESULTS_SUMMARY.md
N3771,"60,990",results/dataset_summary.csv,"{""dataset"": ""openml"", ""metric"": ""rows_clean""}",value,"{:,.0f}",docs/RESULTS_SUMMARY.md
N3772,21.0%,results/dataset_summary.csv,"{""dataset"": ""openml"", ""metric"": ""no_show_rate_clean""}",value,{:.1%},docs/RESULTS_SUMMARY.md
N3773,"6,637",results/dataset_summary.csv,"{""dataset"": ""hangu"", ""metric"": ""rows_raw""}",value,"{:,.0f}",docs/RESULTS_SUMMARY.md
N3774,381,results/dataset_summary.csv,"{""dataset"": ""hangu"", ""metric"": ""sessions""}",value,"{:,.0f}",docs/RESULTS_SUMMARY.md
N3775,12.1,results/dataset_summary.csv,"{""dataset"": ""hangu"", ""metric"": ""service_minutes_median""}",value,{:.1f},docs/RESULTS_SUMMARY.md
N3776,13.4,results/dataset_summary.csv,"{""dataset"": ""hangu"", ""metric"": ""service_minutes_mean""}",value,{:.1f},docs/RESULTS_SUMMARY.md
N3777,5,results/dataset_summary.csv,"{""dataset"": ""kaggle"", ""metric"": ""n_holdout_dates""}",value,{:.0f},docs/RESULTS_SUMMARY.md
N3778,27,results/dataset_summary.csv,"{""dataset"": ""kaggle"", ""metric"": ""n_appointment_dates""}",value,{:.0f},docs/RESULTS_SUMMARY.md
N3779,"21,984",results/dataset_summary.csv,"{""dataset"": ""kaggle"", ""metric"": ""n_holdout_rows""}",value,"{:,.0f}",docs/RESULTS_SUMMARY.md
N3780,0,results/dataset_summary.csv,"{""dataset"": ""kaggle"", ""metric"": ""cv_patients_in_both_sides""}",value,{:.0f},docs/RESULTS_SUMMARY.md
N3781,0.815,results/e2_baselines.csv,"{""dataset"": ""kaggle"", ""model"": ""always_show""}",accuracy,{:.3f},docs/RESULTS_SUMMARY.md
N3782,0.500,results/e2_baselines.csv,"{""dataset"": ""kaggle"", ""model"": ""always_show""}",auc_roc,{:.3f},docs/RESULTS_SUMMARY.md
N3783,0.185,results/e2_baselines.csv,"{""dataset"": ""kaggle"", ""model"": ""always_show""}",avg_precision,{:.3f},docs/RESULTS_SUMMARY.md
N3784,0.518,results/e2_baselines.csv,"{""dataset"": ""kaggle"", ""model"": ""earlier_no_show_rate_rule""}",auc_roc,{:.3f},docs/RESULTS_SUMMARY.md
N3785,0.511,results/e2_baselines.csv,"{""dataset"": ""kaggle"", ""model"": ""earlier_no_show_rate_rule""}",auc_roc_lo,{:.3f},docs/RESULTS_SUMMARY.md
N3786,0.525,results/e2_baselines.csv,"{""dataset"": ""kaggle"", ""model"": ""earlier_no_show_rate_rule""}",auc_roc_hi,{:.3f},docs/RESULTS_SUMMARY.md
N3787,1.77,results/dataset_summary.csv,"{""dataset"": ""kaggle"", ""metric"": ""mean_appointments_per_patient""}",value,{:.2f},docs/RESULTS_SUMMARY.md
N3788,0.718,results/e3_kaggle_models.csv,"{""model"": ""logistic_regression""}",auc_roc,{:.3f},docs/RESULTS_SUMMARY.md
N3789,0.710,results/e3_kaggle_models.csv,"{""model"": ""logistic_regression""}",auc_roc_lo,{:.3f},docs/RESULTS_SUMMARY.md
N3790,0.726,results/e3_kaggle_models.csv,"{""model"": ""logistic_regression""}",auc_roc_hi,{:.3f},docs/RESULTS_SUMMARY.md
N3791,0.730,results/e3_kaggle_models.csv,"{""model"": ""random_forest""}",auc_roc,{:.3f},docs/RESULTS_SUMMARY.md
N3792,0.722,results/e3_kaggle_models.csv,"{""model"": ""random_forest""}",auc_roc_lo,{:.3f},docs/RESULTS_SUMMARY.md
N3793,0.738,results/e3_kaggle_models.csv,"{""model"": ""random_forest""}",auc_roc_hi,{:.3f},docs/RESULTS_SUMMARY.md
N3794,0.732,results/e3_kaggle_models.csv,"{""model"": ""hist_gradient_boosting""}",auc_roc,{:.3f},docs/RESULTS_SUMMARY.md
N3795,0.724,results/e3_kaggle_models.csv,"{""model"": ""hist_gradient_boosting""}",auc_roc_lo,{:.3f},docs/RESULTS_SUMMARY.md
N3796,0.740,results/e3_kaggle_models.csv,"{""model"": ""hist_gradient_boosting""}",auc_roc_hi,{:.3f},docs/RESULTS_SUMMARY.md
N3797,0.506,results/e3_kaggle_models.csv,"{""model"": ""control_shuffled_labels""}",auc_roc,{:.3f},docs/RESULTS_SUMMARY.md
N3798,+0.200,results/e3_ladder.csv,"{""step"": ""earlier_no_show_rate_rule -> logistic_regression""}",delta_auc_roc,{:+.3f},docs/RESULTS_SUMMARY.md
N3799,+0.190,results/e3_ladder.csv,"{""step"": ""earlier_no_show_rate_rule -> logistic_regression""}",delta_auc_roc_lo,{:+.3f},docs/RESULTS_SUMMARY.md
N3800,+0.210,results/e3_ladder.csv,"{""step"": ""earlier_no_show_rate_rule -> logistic_regression""}",delta_auc_roc_hi,{:+.3f},docs/RESULTS_SUMMARY.md
N3801,+0.012,results/e3_ladder.csv,"{""step"": ""logistic_regression -> random_forest""}",delta_auc_roc,{:+.3f},docs/RESULTS_SUMMARY.md
N3802,+0.007,results/e3_ladder.csv,"{""step"": ""logistic_regression -> random_forest""}",delta_auc_roc_lo,{:+.3f},docs/RESULTS_SUMMARY.md
N3803,+0.018,results/e3_ladder.csv,"{""step"": ""logistic_regression -> random_forest""}",delta_auc_roc_hi,{:+.3f},docs/RESULTS_SUMMARY.md
N3804,+0.002,results/e3_ladder.csv,"{""step"": ""random_forest -> hist_gradient_boosting""}",delta_auc_roc,{:+.3f},docs/RESULTS_SUMMARY.md
N3805,-0.001,results/e3_ladder.csv,"{""step"": ""random_forest -> hist_gradient_boosting""}",delta_auc_roc_lo,{:+.3f},docs/RESULTS_SUMMARY.md
N3806,+0.004,results/e3_ladder.csv,"{""step"": ""random_forest -> hist_gradient_boosting""}",delta_auc_roc_hi,{:+.3f},docs/RESULTS_SUMMARY.md
N3807,0.136,results/e3_kaggle_models.csv,"{""model"": ""random_forest""}",brier,{:.3f},docs/RESULTS_SUMMARY.md
N3808,0.136,results/e3_kaggle_models.csv,"{""model"": ""hist_gradient_boosting""}",brier,{:.3f},docs/RESULTS_SUMMARY.md
N3809,0.215,results/e3_kaggle_models.csv,"{""model"": ""logistic_regression""}",brier,{:.3f},docs/RESULTS_SUMMARY.md
N3810,0.118,results/e3_kaggle_models.csv,"{""model"": ""hist_gradient_boosting""}",sens_at_prec_40,{:.3f},docs/RESULTS_SUMMARY.md
N3811,0.022,results/e3_kaggle_models.csv,"{""model"": ""hist_gradient_boosting""}",sens_at_prec_50,{:.3f},docs/RESULTS_SUMMARY.md
N3812,0.738,results/e4_ablation.csv,"{""variant"": ""all_features""}",cv_auc_mean,{:.3f},docs/RESULTS_SUMMARY.md
N3813,-0.114,results/e4_ablation.csv,"{""variant"": ""drop_lead_calendar""}",delta_auc_vs_all,{:+.3f},docs/RESULTS_SUMMARY.md
N3814,0.706,results/e4_ablation.csv,"{""variant"": ""only_lead_calendar""}",cv_auc_mean,{:.3f},docs/RESULTS_SUMMARY.md
N3815,-0.011,results/e4_ablation.csv,"{""variant"": ""drop_demographics""}",delta_auc_vs_all,{:+.3f},docs/RESULTS_SUMMARY.md
N3816,-0.005,results/e4_ablation.csv,"{""variant"": ""drop_history""}",delta_auc_vs_all,{:+.3f},docs/RESULTS_SUMMARY.md
N3817,-0.002,results/e4_ablation.csv,"{""variant"": ""no_sms_received""}",delta_auc_vs_all,{:+.3f},docs/RESULTS_SUMMARY.md
N3818,0.545,results/e4_ablation.csv,"{""variant"": ""only_history""}",cv_auc_mean,{:.3f},docs/RESULTS_SUMMARY.md
N3819,4.5%,results/e4_sms_crosstab.csv,"{""lead_time_band"": ""1-3"", ""sms_received"": ""1""}",share_of_band_with_sms,{:.1%},docs/RESULTS_SUMMARY.md
N3820,55.6%,results/e4_sms_crosstab.csv,"{""lead_time_band"": ""4-7"", ""sms_received"": ""1""}",share_of_band_with_sms,{:.1%},docs/RESULTS_SUMMARY.md
N3821,-2.0,results/e4_sms_crosstab.csv,"{""lead_time_band"": ""1-3"", ""sms_received"": ""1""}",rate_difference_sms_minus_none,{pp},docs/RESULTS_SUMMARY.md
N3822,-8.1,results/e4_sms_crosstab.csv,"{""lead_time_band"": ""31+"", ""sms_received"": ""1""}",rate_difference_sms_minus_none,{pp},docs/RESULTS_SUMMARY.md
N3823,0.612,results/e5_openml_models.csv,"{""model"": ""logistic_regression""}",auc_roc,{:.3f},docs/RESULTS_SUMMARY.md
N3824,0.602,results/e5_openml_models.csv,"{""model"": ""logistic_regression""}",auc_roc_lo,{:.3f},docs/RESULTS_SUMMARY.md
N3825,0.623,results/e5_openml_models.csv,"{""model"": ""logistic_regression""}",auc_roc_hi,{:.3f},docs/RESULTS_SUMMARY.md
N3826,0.648,results/e5_openml_models.csv,"{""model"": ""random_forest""}",auc_roc,{:.3f},docs/RESULTS_SUMMARY.md
N3827,0.638,results/e5_openml_models.csv,"{""model"": ""random_forest""}",auc_roc_lo,{:.3f},docs/RESULTS_SUMMARY.md
N3828,0.658,results/e5_openml_models.csv,"{""model"": ""random_forest""}",auc_roc_hi,{:.3f},docs/RESULTS_SUMMARY.md
N3829,0.646,results/e5_openml_models.csv,"{""model"": ""hist_gradient_boosting""}",auc_roc,{:.3f},docs/RESULTS_SUMMARY.md
N3830,0.636,results/e5_openml_models.csv,"{""model"": ""hist_gradient_boosting""}",auc_roc_lo,{:.3f},docs/RESULTS_SUMMARY.md
N3831,0.655,results/e5_openml_models.csv,"{""model"": ""hist_gradient_boosting""}",auc_roc_hi,{:.3f},docs/RESULTS_SUMMARY.md
N3832,0.529,results/e6_transfer.csv,"{""direction"": ""kaggle_to_openml"", ""model"": ""logistic_regression""}",auc_transfer,{:.3f},docs/RESULTS_SUMMARY.md
N3833,0.538,results/e6_transfer.csv,"{""direction"": ""kaggle_to_openml"", ""model"": ""hist_gradient_boosting""}",auc_transfer,{:.3f},docs/RESULTS_SUMMARY.md
N3834,0.540,results/e6_transfer.csv,"{""direction"": ""kaggle_to_openml"", ""model"": ""logistic_regression""}",auc_within_target,{:.3f},docs/RESULTS_SUMMARY.md
N3835,0.568,results/e6_transfer.csv,"{""direction"": ""kaggle_to_openml"", ""model"": ""hist_gradient_boosting""}",auc_within_target,{:.3f},docs/RESULTS_SUMMARY.md
N3836,+0.010,results/e6_transfer.csv,"{""direction"": ""kaggle_to_openml"", ""model"": ""logistic_regression""}",auc_drop,{:+.3f},docs/RESULTS_SUMMARY.md
N3837,-0.001,results/e6_transfer.csv,"{""direction"": ""kaggle_to_openml"", ""model"": ""logistic_regression""}",auc_drop_lo,{:+.3f},docs/RESULTS_SUMMARY.md
N3838,+0.023,results/e6_transfer.csv,"{""direction"": ""kaggle_to_openml"", ""model"": ""logistic_regression""}",auc_drop_hi,{:+.3f},docs/RESULTS_SUMMARY.md
N3839,+0.030,results/e6_transfer.csv,"{""direction"": ""kaggle_to_openml"", ""model"": ""hist_gradient_boosting""}",auc_drop,{:+.3f},docs/RESULTS_SUMMARY.md
N3840,+0.018,results/e6_transfer.csv,"{""direction"": ""kaggle_to_openml"", ""model"": ""hist_gradient_boosting""}",auc_drop_lo,{:+.3f},docs/RESULTS_SUMMARY.md
N3841,+0.042,results/e6_transfer.csv,"{""direction"": ""kaggle_to_openml"", ""model"": ""hist_gradient_boosting""}",auc_drop_hi,{:+.3f},docs/RESULTS_SUMMARY.md
N3842,0.640,results/e6_transfer.csv,"{""direction"": ""openml_to_kaggle"", ""model"": ""logistic_regression""}",auc_transfer,{:.3f},docs/RESULTS_SUMMARY.md
N3843,0.608,results/e6_transfer.csv,"{""direction"": ""openml_to_kaggle"", ""model"": ""hist_gradient_boosting""}",auc_transfer,{:.3f},docs/RESULTS_SUMMARY.md
N3844,0.713,results/e6_transfer.csv,"{""direction"": ""openml_to_kaggle"", ""model"": ""logistic_regression""}",auc_within_target,{:.3f},docs/RESULTS_SUMMARY.md
N3845,0.723,results/e6_transfer.csv,"{""direction"": ""openml_to_kaggle"", ""model"": ""hist_gradient_boosting""}",auc_within_target,{:.3f},docs/RESULTS_SUMMARY.md
N3846,+0.072,results/e6_transfer.csv,"{""direction"": ""openml_to_kaggle"", ""model"": ""logistic_regression""}",auc_drop,{:+.3f},docs/RESULTS_SUMMARY.md
N3847,+0.062,results/e6_transfer.csv,"{""direction"": ""openml_to_kaggle"", ""model"": ""logistic_regression""}",auc_drop_lo,{:+.3f},docs/RESULTS_SUMMARY.md
N3848,+0.082,results/e6_transfer.csv,"{""direction"": ""openml_to_kaggle"", ""model"": ""logistic_regression""}",auc_drop_hi,{:+.3f},docs/RESULTS_SUMMARY.md
N3849,+0.114,results/e6_transfer.csv,"{""direction"": ""openml_to_kaggle"", ""model"": ""hist_gradient_boosting""}",auc_drop,{:+.3f},docs/RESULTS_SUMMARY.md
N3850,+0.104,results/e6_transfer.csv,"{""direction"": ""openml_to_kaggle"", ""model"": ""hist_gradient_boosting""}",auc_drop_lo,{:+.3f},docs/RESULTS_SUMMARY.md
N3851,+0.124,results/e6_transfer.csv,"{""direction"": ""openml_to_kaggle"", ""model"": ""hist_gradient_boosting""}",auc_drop_hi,{:+.3f},docs/RESULTS_SUMMARY.md
N3852,17.3%,results/e1_eda_rates.csv,"{""dataset"": ""openml"", ""group"": ""0 (same day)"", ""variable"": ""lead_time_band""}",rate,{:.1%},docs/RESULTS_SUMMARY.md
N3853,0.718,results/e7_imbalance.csv,"{""base_model"": ""logistic_regression"", ""strategy"": ""none""}",auc_roc,{:.3f},docs/RESULTS_SUMMARY.md
N3854,0.718,results/e7_imbalance.csv,"{""base_model"": ""logistic_regression"", ""strategy"": ""class_weights""}",auc_roc,{:.3f},docs/RESULTS_SUMMARY.md
N3855,0.442,results/e7_imbalance.csv,"{""base_model"": ""logistic_regression"", ""strategy"": ""class_weights""}",mean_predicted,{:.3f},docs/RESULTS_SUMMARY.md
N3856,0.185,results/e7_imbalance.csv,"{""base_model"": ""logistic_regression"", ""strategy"": ""none""}",prevalence,{:.3f},docs/RESULTS_SUMMARY.md
N3857,0.138,results/e7_imbalance.csv,"{""base_model"": ""logistic_regression"", ""strategy"": ""none""}",brier,{:.3f},docs/RESULTS_SUMMARY.md
N3858,0.215,results/e7_imbalance.csv,"{""base_model"": ""logistic_regression"", ""strategy"": ""class_weights""}",brier,{:.3f},docs/RESULTS_SUMMARY.md
N3859,0.720,results/e7_imbalance.csv,"{""base_model"": ""hist_gradient_boosting"", ""strategy"": ""smote""}",auc_roc,{:.3f},docs/RESULTS_SUMMARY.md
N3860,0.156,results/e7_imbalance.csv,"{""base_model"": ""hist_gradient_boosting"", ""strategy"": ""smote""}",brier,{:.3f},docs/RESULTS_SUMMARY.md
N3861,0.566,results/e7_imbalance.csv,"{""base_model"": ""logistic_regression"", ""strategy"": ""nearmiss""}",auc_roc,{:.3f},docs/RESULTS_SUMMARY.md
N3862,0.635,results/e7_imbalance.csv,"{""base_model"": ""hist_gradient_boosting"", ""strategy"": ""nearmiss""}",auc_roc,{:.3f},docs/RESULTS_SUMMARY.md
N3863,0.1448,results/e8_calibration.csv,"{""method"": ""uncalibrated"", ""stage"": ""grouped_cv""}",brier_cv,{:.4f},docs/RESULTS_SUMMARY.md
N3864,0.1448,results/e8_calibration.csv,"{""method"": ""sigmoid"", ""stage"": ""grouped_cv""}",brier_cv,{:.4f},docs/RESULTS_SUMMARY.md
N3865,0.1448,results/e8_calibration.csv,"{""method"": ""isotonic"", ""stage"": ""grouped_cv""}",brier_cv,{:.4f},docs/RESULTS_SUMMARY.md
N3866,0.0124,results/e8_calibration.csv,"{""method"": ""uncalibrated"", ""stage"": ""holdout""}",ece,{:.4f},docs/RESULTS_SUMMARY.md
N3867,0.1357,results/e8_calibration.csv,"{""method"": ""uncalibrated"", ""stage"": ""holdout""}",brier,{:.4f},docs/RESULTS_SUMMARY.md
N3868,0.1328,results/e8_calibration.csv,"{""method"": ""uncalibrated"", ""stage"": ""holdout""}",brier_lo,{:.4f},docs/RESULTS_SUMMARY.md
N3869,0.1385,results/e8_calibration.csv,"{""method"": ""uncalibrated"", ""stage"": ""holdout""}",brier_hi,{:.4f},docs/RESULTS_SUMMARY.md
N3870,40.9%,results/e8_reliability.csv,"{""bin"": ""10"", ""version"": ""uncalibrated""}",mean_predicted,{:.1%},docs/RESULTS_SUMMARY.md
N3871,37.4%,results/e8_reliability.csv,"{""bin"": ""10"", ""version"": ""uncalibrated""}",observed_rate,{:.1%},docs/RESULTS_SUMMARY.md
N3872,0.727,results/e9_deployable.csv,"{""model"": ""deployable"", ""stage"": ""holdout""}",auc_roc,{:.3f},docs/RESULTS_SUMMARY.md
N3873,0.719,results/e9_deployable.csv,"{""model"": ""deployable"", ""stage"": ""holdout""}",auc_roc_lo,{:.3f},docs/RESULTS_SUMMARY.md
N3874,0.735,results/e9_deployable.csv,"{""model"": ""deployable"", ""stage"": ""holdout""}",auc_roc_hi,{:.3f},docs/RESULTS_SUMMARY.md
N3875,0.330,results/e9_deployable.csv,"{""model"": ""deployable"", ""stage"": ""holdout""}",avg_precision,{:.3f},docs/RESULTS_SUMMARY.md
N3876,0.316,results/e9_deployable.csv,"{""model"": ""deployable"", ""stage"": ""holdout""}",avg_precision_lo,{:.3f},docs/RESULTS_SUMMARY.md
N3877,0.345,results/e9_deployable.csv,"{""model"": ""deployable"", ""stage"": ""holdout""}",avg_precision_hi,{:.3f},docs/RESULTS_SUMMARY.md
N3878,0.137,results/e9_deployable.csv,"{""model"": ""deployable"", ""stage"": ""holdout""}",brier,{:.3f},docs/RESULTS_SUMMARY.md
N3879,0.134,results/e9_deployable.csv,"{""model"": ""deployable"", ""stage"": ""holdout""}",brier_lo,{:.3f},docs/RESULTS_SUMMARY.md
N3880,0.139,results/e9_deployable.csv,"{""model"": ""deployable"", ""stage"": ""holdout""}",brier_hi,{:.3f},docs/RESULTS_SUMMARY.md
N3881,0.732,results/e9_deployable.csv,"{""model"": ""research_all_features"", ""stage"": ""holdout""}",auc_roc,{:.3f},docs/RESULTS_SUMMARY.md
N3882,0.724,results/e9_deployable.csv,"{""model"": ""research_all_features"", ""stage"": ""holdout""}",auc_roc_lo,{:.3f},docs/RESULTS_SUMMARY.md
N3883,0.740,results/e9_deployable.csv,"{""model"": ""research_all_features"", ""stage"": ""holdout""}",auc_roc_hi,{:.3f},docs/RESULTS_SUMMARY.md
N3884,-0.005,results/e9_deployable.csv,"{""model"": ""deployable"", ""stage"": ""holdout""}",delta_auc_roc_vs_research,{:+.3f},docs/RESULTS_SUMMARY.md
N3885,-0.009,results/e9_deployable.csv,"{""model"": ""deployable"", ""stage"": ""holdout""}",delta_auc_roc_vs_research_lo,{:+.3f},docs/RESULTS_SUMMARY.md
N3886,-0.002,results/e9_deployable.csv,"{""model"": ""deployable"", ""stage"": ""holdout""}",delta_auc_roc_vs_research_hi,{:+.3f},docs/RESULTS_SUMMARY.md
N3887,0.062,results/e9_deployable.csv,"{""model"": ""deployable"", ""stage"": ""holdout""}",sens_at_prec_40,{:.3f},docs/RESULTS_SUMMARY.md
N3888,0.016,results/e9_deployable.csv,"{""model"": ""deployable"", ""stage"": ""holdout""}",sens_at_prec_40_lo,{:.3f},docs/RESULTS_SUMMARY.md
N3889,0.189,results/e9_deployable.csv,"{""model"": ""deployable"", ""stage"": ""holdout""}",sens_at_prec_40_hi,{:.3f},docs/RESULTS_SUMMARY.md
N3890,0.118,results/e9_deployable.csv,"{""model"": ""research_all_features"", ""stage"": ""holdout""}",sens_at_prec_40,{:.3f},docs/RESULTS_SUMMARY.md
N3891,0.051,results/e9_deployable.csv,"{""model"": ""research_all_features"", ""stage"": ""holdout""}",sens_at_prec_40_lo,{:.3f},docs/RESULTS_SUMMARY.md
N3892,0.233,results/e9_deployable.csv,"{""model"": ""research_all_features"", ""stage"": ""holdout""}",sens_at_prec_40_hi,{:.3f},docs/RESULTS_SUMMARY.md
N3893,0.19,results/e10_thresholds.csv,"{""kind"": ""chosen"", ""label"": ""medium""}",threshold,{:.2f},docs/RESULTS_SUMMARY.md
N3894,0.38,results/e10_thresholds.csv,"{""kind"": ""chosen"", ""label"": ""high""}",threshold,{:.2f},docs/RESULTS_SUMMARY.md
N3895,41.4%,results/e10_thresholds.csv,"{""kind"": ""band"", ""label"": ""low""}",share_flagged,{:.1%},docs/RESULTS_SUMMARY.md
N3896,5.9%,results/e10_thresholds.csv,"{""kind"": ""band"", ""label"": ""low""}",precision,{:.1%},docs/RESULTS_SUMMARY.md
N3897,48.6%,results/e10_thresholds.csv,"{""kind"": ""band"", ""label"": ""medium""}",share_flagged,{:.1%},docs/RESULTS_SUMMARY.md
N3898,25.4%,results/e10_thresholds.csv,"{""kind"": ""band"", ""label"": ""medium""}",precision,{:.1%},docs/RESULTS_SUMMARY.md
N3899,10.0%,results/e10_thresholds.csv,"{""kind"": ""band"", ""label"": ""high""}",share_flagged,{:.1%},docs/RESULTS_SUMMARY.md
N3900,37.1%,results/e10_thresholds.csv,"{""kind"": ""band"", ""label"": ""high""}",precision,{:.1%},docs/RESULTS_SUMMARY.md
N3901,27.4%,results/e10_thresholds.csv,"{""kind"": ""chosen"", ""label"": ""medium""}",precision,{:.1%},docs/RESULTS_SUMMARY.md
N3902,37.1%,results/e10_thresholds.csv,"{""kind"": ""chosen"", ""label"": ""high""}",precision,{:.1%},docs/RESULTS_SUMMARY.md
N3903,20.0%,results/e10_thresholds.csv,"{""kind"": ""band"", ""label"": ""high""}",sensitivity,{:.1%},docs/RESULTS_SUMMARY.md
N3904,86.7%,results/e10_thresholds.csv,"{""kind"": ""chosen"", ""label"": ""medium""}",sensitivity,{:.1%},docs/RESULTS_SUMMARY.md
N3905,18.5%,results/dataset_summary.csv,"{""dataset"": ""kaggle"", ""metric"": ""holdout_no_show_rate""}",value,{:.1%},docs/RESULTS_SUMMARY.md
N3906,31,results/test_summary.csv,"{""group"": ""module"", ""name"": ""tests/test_sim.py""}",passed,"{:,.0f}",docs/RESULTS_SUMMARY.md
N3907,16,results/test_summary.csv,"{""group"": ""module"", ""name"": ""tests/test_sim_experiments.py""}",passed,"{:,.0f}",docs/RESULTS_SUMMARY.md
N3908,"41,027.6",results/sim_service_time_fit.csv,"{""family"": ""lognormal""}",aic,"{:,.1f}",docs/RESULTS_SUMMARY.md
N3909,"41,268.5",results/sim_service_time_fit.csv,"{""family"": ""gamma""}",aic,"{:,.1f}",docs/RESULTS_SUMMARY.md
N3910,12.1,results/sim_service_time_fit.csv,"{""family"": ""lognormal""}",median_service_min,{:.1f},docs/RESULTS_SUMMARY.md
N3911,15,results/sim_service_time_fit.csv,"{""family"": ""lognormal""}",slot_minutes_default,{:.0f},docs/RESULTS_SUMMARY.md
N3912,240,results/sim_service_time_fit.csv,"{""family"": ""lognormal""}",session_minutes_default,{:.0f},docs/RESULTS_SUMMARY.md
N3913,16,results/s2_policy_tradeoffs.csv,"{""policy"": ""P0""}",n_slots,{:.0f},docs/RESULTS_SUMMARY.md
N3914,"1,000",results/s2_policy_tradeoffs.csv,"{""policy"": ""P0""}",n_reps,"{:,.0f}",docs/RESULTS_SUMMARY.md
N3915,42,results/s2_policy_tradeoffs.csv,"{""policy"": ""P0""}",base_seed,{:.0f},docs/RESULTS_SUMMARY.md
N3916,12.75,results/s2_policy_tradeoffs.csv,"{""policy"": ""P0""}",patients_served,{:.2f},docs/RESULTS_SUMMARY.md
N3917,2.9,results/s2_policy_tradeoffs.csv,"{""policy"": ""P0""}",mean_wait_min,{:.1f},docs/RESULTS_SUMMARY.md
N3918,3.7,results/s2_policy_tradeoffs.csv,"{""policy"": ""P0""}",overtime_min,{:.1f},docs/RESULTS_SUMMARY.md
N3919,72.1,results/s2_policy_tradeoffs.csv,"{""policy"": ""P0""}",idle_min,{:.1f},docs/RESULTS_SUMMARY.md
N3920,19.16,results/s2_policy_tradeoffs.csv,"{""policy"": ""P1 k=2""}",patients_served,{:.2f},docs/RESULTS_SUMMARY.md
N3921,21.4,results/s2_policy_tradeoffs.csv,"{""policy"": ""P1 k=2""}",mean_wait_min,{:.1f},docs/RESULTS_SUMMARY.md
N3922,37.3,results/s2_policy_tradeoffs.csv,"{""policy"": ""P1 k=2""}",overtime_min,{:.1f},docs/RESULTS_SUMMARY.md
N3923,19.7,results/s2_policy_tradeoffs.csv,"{""policy"": ""P1 k=2""}",idle_min,{:.1f},docs/RESULTS_SUMMARY.md
N3924,1.52,results/s2_policy_tradeoffs.csv,"{""policy"": ""P2 p90""}",double_slots_mean,{:.2f},docs/RESULTS_SUMMARY.md
N3925,13.99,results/s2_policy_tradeoffs.csv,"{""policy"": ""P2 p90""}",patients_served,{:.2f},docs/RESULTS_SUMMARY.md
N3926,5.2,results/s2_policy_tradeoffs.csv,"{""policy"": ""P2 p90""}",mean_wait_min,{:.1f},docs/RESULTS_SUMMARY.md
N3927,6.6,results/s2_policy_tradeoffs.csv,"{""policy"": ""P2 p90""}",overtime_min,{:.1f},docs/RESULTS_SUMMARY.md
N3928,4.36,results/s3_probability_error.csv,"{""policy"": ""P2 0.3"", ""risk_shift"": ""0.0""}",double_slots_mean,{:.2f},docs/RESULTS_SUMMARY.md
N3929,11.0,results/s3_probability_error.csv,"{""policy"": ""P2 0.3"", ""risk_shift"": ""0.0""}",mean_wait_min,{:.1f},docs/RESULTS_SUMMARY.md
N3930,8.94,results/s3_probability_error.csv,"{""policy"": ""P2 0.3"", ""risk_shift"": ""0.1""}",double_slots_mean,{:.2f},docs/RESULTS_SUMMARY.md
N3931,24.8,results/s3_probability_error.csv,"{""policy"": ""P2 0.3"", ""risk_shift"": ""0.1""}",mean_wait_min,{:.1f},docs/RESULTS_SUMMARY.md
N3932,42.5,results/s3_probability_error.csv,"{""policy"": ""P2 0.3"", ""risk_shift"": ""0.1""}",overtime_min,{:.1f},docs/RESULTS_SUMMARY.md
N3933,0.93,results/s3_probability_error.csv,"{""policy"": ""P2 0.3"", ""risk_shift"": ""-0.1""}",double_slots_mean,{:.2f},docs/RESULTS_SUMMARY.md
N3934,4.3,results/s3_probability_error.csv,"{""policy"": ""P2 0.3"", ""risk_shift"": ""-0.1""}",mean_wait_min,{:.1f},docs/RESULTS_SUMMARY.md
N3935,13.51,results/s3_probability_error.csv,"{""policy"": ""P2 0.3"", ""risk_shift"": ""-0.1""}",patients_served,{:.2f},docs/RESULTS_SUMMARY.md
N3936,10.2%,results/s4_base_rate.csv,"{""base_rate_scale"": ""0.5"", ""policy"": ""P0""}",base_no_show_rate,{:.1%},docs/RESULTS_SUMMARY.md
N3937,30.6%,results/s4_base_rate.csv,"{""base_rate_scale"": ""1.5"", ""policy"": ""P0""}",base_no_show_rate,{:.1%},docs/RESULTS_SUMMARY.md
N3938,14.38,results/s4_base_rate.csv,"{""base_rate_scale"": ""0.5"", ""policy"": ""P0""}",patients_served,{:.2f},docs/RESULTS_SUMMARY.md
N3939,11.18,results/s4_base_rate.csv,"{""base_rate_scale"": ""1.5"", ""policy"": ""P0""}",patients_served,{:.2f},docs/RESULTS_SUMMARY.md
N3940,30.9,results/s4_base_rate.csv,"{""base_rate_scale"": ""0.5"", ""policy"": ""P1 k=2""}",mean_wait_min,{:.1f},docs/RESULTS_SUMMARY.md
N3941,14.4,results/s4_base_rate.csv,"{""base_rate_scale"": ""1.5"", ""policy"": ""P1 k=2""}",mean_wait_min,{:.1f},docs/RESULTS_SUMMARY.md
N3942,0.03,results/s4_base_rate.csv,"{""base_rate_scale"": ""0.5"", ""policy"": ""P2 0.3""}",double_slots_mean,{:.2f},docs/RESULTS_SUMMARY.md
N3943,8.94,results/s4_base_rate.csv,"{""base_rate_scale"": ""1.5"", ""policy"": ""P2 0.3""}",double_slots_mean,{:.2f},docs/RESULTS_SUMMARY.md
N3944,13.4,results/s5_service_variability.csv,"{""policy"": ""P0"", ""variability_scale"": ""1.0""}",service_mean_min,{:.1f},docs/RESULTS_SUMMARY.md
N3945,3.1,results/s5_service_variability.csv,"{""policy"": ""P0"", ""variability_scale"": ""0.5""}",service_sd_min,{:.1f},docs/RESULTS_SUMMARY.md
N3946,6.1,results/s5_service_variability.csv,"{""policy"": ""P0"", ""variability_scale"": ""1.0""}",service_sd_min,{:.1f},docs/RESULTS_SUMMARY.md
N3947,9.2,results/s5_service_variability.csv,"{""policy"": ""P0"", ""variability_scale"": ""1.5""}",service_sd_min,{:.1f},docs/RESULTS_SUMMARY.md
N3948,0.81,results/s5_service_variability.csv,"{""policy"": ""P0"", ""variability_scale"": ""0.5""}",mean_wait_min,{:.2f},docs/RESULTS_SUMMARY.md
N3949,2.90,results/s5_service_variability.csv,"{""policy"": ""P0"", ""variability_scale"": ""1.0""}",mean_wait_min,{:.2f},docs/RESULTS_SUMMARY.md
N3950,5.56,results/s5_service_variability.csv,"{""policy"": ""P0"", ""variability_scale"": ""1.5""}",mean_wait_min,{:.2f},docs/RESULTS_SUMMARY.md
N3951,10.1,results/s5_service_variability.csv,"{""policy"": ""P1 k=3"", ""variability_scale"": ""0.5""}",mean_wait_min,{:.1f},docs/RESULTS_SUMMARY.md
N3952,13.1,results/s5_service_variability.csv,"{""policy"": ""P1 k=3"", ""variability_scale"": ""1.0""}",mean_wait_min,{:.1f},docs/RESULTS_SUMMARY.md
N3953,16.8,results/s5_service_variability.csv,"{""policy"": ""P1 k=3"", ""variability_scale"": ""1.5""}",mean_wait_min,{:.1f},docs/RESULTS_SUMMARY.md
N3954,0.80,results/s6_value_of_prediction.csv,"{""scheme"": ""matched_to_p1"", ""selector"": ""risk_top_m"", ""setting"": ""k=2""}",served_gain_per_double_slot,{:.2f},docs/RESULTS_SUMMARY.md
N3955,-0.412,results/s6_value_of_prediction.csv,"{""scheme"": ""matched_to_p2"", ""selector"": ""p2_risk_threshold"", ""setting"": ""0.3""}",mean_wait_min_vs_uniform,{:+.3f},docs/RESULTS_SUMMARY.md
N3956,-0.678,results/s6_value_of_prediction.csv,"{""scheme"": ""matched_to_p2"", ""selector"": ""p2_risk_threshold"", ""setting"": ""0.3""}",mean_wait_min_vs_uniform_lo,{:+.3f},docs/RESULTS_SUMMARY.md
N3957,-0.145,results/s6_value_of_prediction.csv,"{""scheme"": ""matched_to_p2"", ""selector"": ""p2_risk_threshold"", ""setting"": ""0.3""}",mean_wait_min_vs_uniform_hi,{:+.3f},docs/RESULTS_SUMMARY.md
N3958,-0.528,results/s6_value_of_prediction.csv,"{""scheme"": ""matched_to_p2"", ""selector"": ""p2_risk_threshold"", ""setting"": ""p70""}",mean_wait_min_vs_uniform,{:+.3f},docs/RESULTS_SUMMARY.md
N3959,-0.808,results/s6_value_of_prediction.csv,"{""scheme"": ""matched_to_p2"", ""selector"": ""p2_risk_threshold"", ""setting"": ""p70""}",mean_wait_min_vs_uniform_lo,{:+.3f},docs/RESULTS_SUMMARY.md
N3960,-0.249,results/s6_value_of_prediction.csv,"{""scheme"": ""matched_to_p2"", ""selector"": ""p2_risk_threshold"", ""setting"": ""p70""}",mean_wait_min_vs_uniform_hi,{:+.3f},docs/RESULTS_SUMMARY.md
N3961,-0.456,results/s6_value_of_prediction.csv,"{""scheme"": ""matched_to_p2"", ""selector"": ""p2_risk_threshold"", ""setting"": ""p80""}",mean_wait_min_vs_uniform,{:+.3f},docs/RESULTS_SUMMARY.md
N3962,-0.674,results/s6_value_of_prediction.csv,"{""scheme"": ""matched_to_p2"", ""selector"": ""p2_risk_threshold"", ""setting"": ""p80""}",mean_wait_min_vs_uniform_lo,{:+.3f},docs/RESULTS_SUMMARY.md
N3963,-0.237,results/s6_value_of_prediction.csv,"{""scheme"": ""matched_to_p2"", ""selector"": ""p2_risk_threshold"", ""setting"": ""p80""}",mean_wait_min_vs_uniform_hi,{:+.3f},docs/RESULTS_SUMMARY.md
N3964,-0.572,results/s6_value_of_prediction.csv,"{""scheme"": ""matched_to_p2"", ""selector"": ""p2_risk_threshold"", ""setting"": ""p90""}",mean_wait_min_vs_uniform,{:+.3f},docs/RESULTS_SUMMARY.md
N3965,-0.734,results/s6_value_of_prediction.csv,"{""scheme"": ""matched_to_p2"", ""selector"": ""p2_risk_threshold"", ""setting"": ""p90""}",mean_wait_min_vs_uniform_lo,{:+.3f},docs/RESULTS_SUMMARY.md
N3966,-0.409,results/s6_value_of_prediction.csv,"{""scheme"": ""matched_to_p2"", ""selector"": ""p2_risk_threshold"", ""setting"": ""p90""}",mean_wait_min_vs_uniform_hi,{:+.3f},docs/RESULTS_SUMMARY.md
N3967,-0.370,results/s6_value_of_prediction.csv,"{""scheme"": ""matched_to_p2"", ""selector"": ""p2_risk_threshold"", ""setting"": ""p95""}",mean_wait_min_vs_uniform,{:+.3f},docs/RESULTS_SUMMARY.md
N3968,-0.489,results/s6_value_of_prediction.csv,"{""scheme"": ""matched_to_p2"", ""selector"": ""p2_risk_threshold"", ""setting"": ""p95""}",mean_wait_min_vs_uniform_lo,{:+.3f},docs/RESULTS_SUMMARY.md
N3969,-0.251,results/s6_value_of_prediction.csv,"{""scheme"": ""matched_to_p2"", ""selector"": ""p2_risk_threshold"", ""setting"": ""p95""}",mean_wait_min_vs_uniform_hi,{:+.3f},docs/RESULTS_SUMMARY.md
N3970,-0.148,results/s6_value_of_prediction.csv,"{""scheme"": ""matched_to_p2"", ""selector"": ""p2_risk_threshold"", ""setting"": ""p50""}",mean_wait_min_vs_uniform,{:+.3f},docs/RESULTS_SUMMARY.md
N3971,-0.456,results/s6_value_of_prediction.csv,"{""scheme"": ""matched_to_p2"", ""selector"": ""p2_risk_threshold"", ""setting"": ""p50""}",mean_wait_min_vs_uniform_lo,{:+.3f},docs/RESULTS_SUMMARY.md
N3972,+0.161,results/s6_value_of_prediction.csv,"{""scheme"": ""matched_to_p2"", ""selector"": ""p2_risk_threshold"", ""setting"": ""p50""}",mean_wait_min_vs_uniform_hi,{:+.3f},docs/RESULTS_SUMMARY.md
N3973,+0.240,results/s6_value_of_prediction.csv,"{""scheme"": ""matched_to_p2"", ""selector"": ""p2_risk_threshold"", ""setting"": ""p95""}",overtime_min_vs_uniform,{:+.3f},docs/RESULTS_SUMMARY.md
N3974,+0.025,results/s6_value_of_prediction.csv,"{""scheme"": ""matched_to_p2"", ""selector"": ""p2_risk_threshold"", ""setting"": ""p95""}",overtime_min_vs_uniform_lo,{:+.3f},docs/RESULTS_SUMMARY.md
N3975,+0.455,results/s6_value_of_prediction.csv,"{""scheme"": ""matched_to_p2"", ""selector"": ""p2_risk_threshold"", ""setting"": ""p95""}",overtime_min_vs_uniform_hi,{:+.3f},docs/RESULTS_SUMMARY.md
N3976,-1.301,results/s6_value_of_prediction.csv,"{""scheme"": ""matched_to_p2"", ""selector"": ""p2_risk_threshold"", ""setting"": ""p50""}",mean_wait_min_vs_random,{:+.3f},docs/RESULTS_SUMMARY.md
N3977,-1.688,results/s6_value_of_prediction.csv,"{""scheme"": ""matched_to_p2"", ""selector"": ""p2_risk_threshold"", ""setting"": ""p50""}",mean_wait_min_vs_random_lo,{:+.3f},docs/RESULTS_SUMMARY.md
N3978,-0.914,results/s6_value_of_prediction.csv,"{""scheme"": ""matched_to_p2"", ""selector"": ""p2_risk_threshold"", ""setting"": ""p50""}",mean_wait_min_vs_random_hi,{:+.3f},docs/RESULTS_SUMMARY.md
N3979,50.7%,results/s6_value_of_prediction.csv,"{""scheme"": ""matched_to_p2"", ""selector"": ""p2_risk_threshold"", ""setting"": ""0.3""}",share_double_slots_both_attend,{:.1%},docs/RESULTS_SUMMARY.md
N3980,63.2%,results/s6_value_of_prediction.csv,"{""scheme"": ""matched_to_p2"", ""selector"": ""uniform"", ""setting"": ""0.3""}",share_double_slots_both_attend,{:.1%},docs/RESULTS_SUMMARY.md
N3981,63.3%,results/s6_value_of_prediction.csv,"{""scheme"": ""matched_to_p2"", ""selector"": ""random"", ""setting"": ""0.3""}",share_double_slots_both_attend,{:.1%},docs/RESULTS_SUMMARY.md
N3982,26.8%,results/s6_value_of_prediction.csv,"{""scheme"": ""matched_to_p2"", ""selector"": ""oracle"", ""setting"": ""0.3""}",share_double_slots_both_attend,{:.1%},docs/RESULTS_SUMMARY.md
N3983,-2.477,results/s6_value_of_prediction.csv,"{""scheme"": ""matched_to_p2"", ""selector"": ""oracle"", ""setting"": ""p80""}",mean_wait_min_vs_uniform,{:+.3f},docs/RESULTS_SUMMARY.md
N3984,-2.695,results/s6_value_of_prediction.csv,"{""scheme"": ""matched_to_p2"", ""selector"": ""oracle"", ""setting"": ""p80""}",mean_wait_min_vs_uniform_lo,{:+.3f},docs/RESULTS_SUMMARY.md
N3985,-2.259,results/s6_value_of_prediction.csv,"{""scheme"": ""matched_to_p2"", ""selector"": ""oracle"", ""setting"": ""p80""}",mean_wait_min_vs_uniform_hi,{:+.3f},docs/RESULTS_SUMMARY.md
N3986,-0.578,results/s6_value_of_prediction.csv,"{""scheme"": ""matched_to_p1"", ""selector"": ""risk_top_m"", ""setting"": ""k=3""}",mean_wait_min_vs_uniform,{:+.3f},docs/RESULTS_SUMMARY.md
N3987,-0.863,results/s6_value_of_prediction.csv,"{""scheme"": ""matched_to_p1"", ""selector"": ""risk_top_m"", ""setting"": ""k=3""}",mean_wait_min_vs_uniform_lo,{:+.3f},docs/RESULTS_SUMMARY.md
N3988,-0.292,results/s6_value_of_prediction.csv,"{""scheme"": ""matched_to_p1"", ""selector"": ""risk_top_m"", ""setting"": ""k=3""}",mean_wait_min_vs_uniform_hi,{:+.3f},docs/RESULTS_SUMMARY.md
N3989,-0.807,results/s6_value_of_prediction.csv,"{""scheme"": ""matched_to_p1"", ""selector"": ""risk_top_m"", ""setting"": ""k=6""}",mean_wait_min_vs_uniform,{:+.3f},docs/RESULTS_SUMMARY.md
N3990,-0.999,results/s6_value_of_prediction.csv,"{""scheme"": ""matched_to_p1"", ""selector"": ""risk_top_m"", ""setting"": ""k=6""}",mean_wait_min_vs_uniform_lo,{:+.3f},docs/RESULTS_SUMMARY.md
N3991,-0.616,results/s6_value_of_prediction.csv,"{""scheme"": ""matched_to_p1"", ""selector"": ""risk_top_m"", ""setting"": ""k=6""}",mean_wait_min_vs_uniform_hi,{:+.3f},docs/RESULTS_SUMMARY.md
N3992,+0.136,results/s6_value_of_prediction.csv,"{""scheme"": ""matched_to_p1"", ""selector"": ""risk_top_m"", ""setting"": ""k=2""}",mean_wait_min_vs_uniform,{:+.3f},docs/RESULTS_SUMMARY.md
N3993,-0.195,results/s6_value_of_prediction.csv,"{""scheme"": ""matched_to_p1"", ""selector"": ""risk_top_m"", ""setting"": ""k=2""}",mean_wait_min_vs_uniform_lo,{:+.3f},docs/RESULTS_SUMMARY.md
N3994,+0.467,results/s6_value_of_prediction.csv,"{""scheme"": ""matched_to_p1"", ""selector"": ""risk_top_m"", ""setting"": ""k=2""}",mean_wait_min_vs_uniform_hi,{:+.3f},docs/RESULTS_SUMMARY.md
N3995,+0.148,results/s6_value_of_prediction.csv,"{""scheme"": ""matched_to_p1"", ""selector"": ""risk_top_m"", ""setting"": ""k=4""}",mean_wait_min_vs_uniform,{:+.3f},docs/RESULTS_SUMMARY.md
N3996,-0.111,results/s6_value_of_prediction.csv,"{""scheme"": ""matched_to_p1"", ""selector"": ""risk_top_m"", ""setting"": ""k=4""}",mean_wait_min_vs_uniform_lo,{:+.3f},docs/RESULTS_SUMMARY.md
N3997,+0.407,results/s6_value_of_prediction.csv,"{""scheme"": ""matched_to_p1"", ""selector"": ""risk_top_m"", ""setting"": ""k=4""}",mean_wait_min_vs_uniform_hi,{:+.3f},docs/RESULTS_SUMMARY.md
N3998,+0.563,results/s6_value_of_prediction.csv,"{""scheme"": ""matched_to_p1"", ""selector"": ""risk_top_m"", ""setting"": ""k=6""}",overtime_min_vs_uniform,{:+.3f},docs/RESULTS_SUMMARY.md
N3999,+0.238,results/s6_value_of_prediction.csv,"{""scheme"": ""matched_to_p1"", ""selector"": ""risk_top_m"", ""setting"": ""k=6""}",overtime_min_vs_uniform_lo,{:+.3f},docs/RESULTS_SUMMARY.md
N4000,+0.888,results/s6_value_of_prediction.csv,"{""scheme"": ""matched_to_p1"", ""selector"": ""risk_top_m"", ""setting"": ""k=6""}",overtime_min_vs_uniform_hi,{:+.3f},docs/RESULTS_SUMMARY.md
N4001,1,results/dataset_summary.csv,"{""dataset"": ""openml"", ""metric"": ""appt_month_min""}",value,{:.0f},docs/RESULTS_SUMMARY.md
N4002,4,results/dataset_summary.csv,"{""dataset"": ""openml"", ""metric"": ""appt_month_max""}",value,{:.0f},docs/RESULTS_SUMMARY.md
